name,position,team,opponent,xP,GW,element,fixture,opponent_team,total_points,was_home,kickoff_time,team_h_score,team_a_score,round,minutes,goals_scored,assists,clean_sheets,goals_conceded,own_goals,penalties_saved,penalties_missed,yellow_cards,red_cards,saves,bonus,bps,influence,creativity,threat,ict_index,starts,expected_goals,expected_assists,expected_goal_involvements,expected_goals_conceded,value,transfers_balance,selected,transfers_in,transfers_out,tackles,recoveries,clearances_blocks_interceptions,defensive_contribution
Raya,GK,Arsenal,Coventry City,0,1,1,1,7,6,True,2026-08-21T19:00:00Z,3,0,1,90,0,0,1,0,0,0,0,0,0,1,0,24,11.8,0.0,0.0,1.2,1,0.0,0.0,0.0,0.2,60,0,3347153,0,0,0,8,1,0
Arrizabalaga,GK,Arsenal,Coventry City,0,1,2,1,7,0,True,2026-08-21T19:00:00Z,3,0,1,0,0,0,0,0,0,0,0,0,0,0,0,0,0.0,0.0,0.0,0.0,0,0.0,0.0,0.0,0.0,50,0,7415,0,0,0,0,0,0
Meslier,GK,Arsenal,Coventry City,0,1,3,1,7,0,True,2026-08-21T19:00:00Z,3,0,1,0,0,0,0,0,0,0,0,0,0,0,0,0,0.0,0.0,0.0,0.0,0,0.0,0.0,0.0,0.0,50,0,2971,0,0,0,0,0,0
Gabriel,DEF,Arsenal,Coventry City,0,1,4,1,7,5,True,2026-08-21T19:00:00Z,3,0,1,90,0,0,1,0,0,0,0,1,0,0,0,21,6.6,1.8,1.0,0.9,1,0.05,0.01,0.06,0.2,80,0,2647984,0,0,0,2,4,4
J.Timber,DEF,Arsenal,Coventry City,0,1,5,1,7,0,True,2026-08-21T19:00:00Z,3,0,1,0,0,0,0,0,0,0,0,0,0,0,0,0,0.0,0.0,0.0,0.0,0,0.0,0.0,0.0,0.0,65,0,11200,0,0,0,0,0,0
Saliba,DEF,Arsenal,Coventry City,0,1,6,1,7,0,True,2026-08-21T19:00:00Z,3,0,1,0,0,0,0,0,0,0,0,0,0,0,0,0,0.0,0.0,0.0,0.0,0,0.0,0.0,0.0,0.0,60,0,26559,0,0,0,0,0,0
Lewis-Skelly,MID,Arsenal,Coventry City,0,1,7,1,7,3,True,2026-08-21T19:00:00Z,3,0,1,90,0,0,1,0,0,0,0,0,0,0,0,15,11.0,22.9,7.0,4.1,1,0.06,0.11,0.17,0.2,55,0,55656,0,0,1,5,1,7
Calafiori,DEF,Arsenal,Coventry City,0,1,8,1,7,9,True,2026-08-21T19:00:00Z,3,0,1,80,0,1,1,0,0,0,0,0,0,0,0,31,26.0,12.2,4.0,4.2,1,0.04,0.09,0.13,0.06,55,0,3542684,0,0,1,1,4,5
Hincapie,DEF,Arsenal,Coventry City,0,1,9,1,7,1,True,2026-08-21T19:00:00Z,3,0,1,9,0,0,0,0,0,0,0,0,0,0,0,3,0.4,0.5,0.0,0.1,0,0.0,0.0,0.0,0.15,55,0,165924,0,0,0,0,0,0
White,DEF,Arsenal,Coventry City,0,1,10,1,7,11,True,2026-08-21T19:00:00Z,3,0,1,90,0,1,1,0,0,0,0,0,0,0,2,37,33.2,26.8,13.0,7.3,1,0.18,0.21,0.39,0.2,55,0,401419,0,0,1,3,4,5
Mosquera,DEF,Arsenal,Coventry City,0,1,11,1,7,6,True,2026-08-21T19:00:00Z,3,0,1,90,0,0,1,0,0,0,0,0,0,0,0,27,14.4,0.6,0.0,1.5,1,0.0,0.0,0.0,0.2,55,0,571606,0,0,0,3,6,6
Saka,MID,Arsenal,Coventry City,0,1,12,1,7,9,True,2026-08-21T19:00:00Z,3,0,1,67,1,0,1,0,0,0,0,0,0,0,1,36,42.8,26.1,33.0,10.2,1,0.64,0.08,0.72,0.06,95,0,819914,0,0,1,4,2,7
Rice,MID,Arsenal,Coventry City,0,1,13,1,7,3,True,2026-08-21T19:00:00Z,3,0,1,67,0,0,1,0,0,0,0,0,0,0,0,10,6.8,6.4,2.0,1.5,1,0.07,0.08,0.15,0.06,75,0,1604406,0,0,0,3,3,6
Eze,MID,Arsenal,Coventry City,0,1,14,1,7,1,True,2026-08-21T19:00:00Z,3,0,1,14,0,0,0,0,0,0,0,0,0,0,0,4,0.0,1.8,1.0,0.1,0,0.04,0.0,0.04,0.15,65,0,188164,0,0,0,2,0,2
Ødegaard,MID,Arsenal,Coventry City,0,1,15,1,7,11,True,2026-08-21T19:00:00Z,3,0,1,75,1,0,1,0,0,0,0,0,0,0,3,41,50.6,41.5,31.0,12.3,1,0.21,0.1,0.31,0.06,65,0,717252,0,0,3,4,1,8
Madueke,MID,Arsenal,Coventry City,0,1,16,1,7,1,True,2026-08-21T19:00:00Z,3,0,1,22,0,0,0,0,0,0,0,0,0,0,0,8,9.4,43.1,0.0,5.3,0,0.0,0.04,0.04,0.15,65,0,30442,0,0,0,2,0,2
Merino,MID,Arsenal,Coventry City,0,1,17,1,7,1,True,2026-08-21T19:00:00Z,3,0,1,14,0,0,0,0,0,0,0,0,0,0,0,5,3.6,1.2,14.0,1.9,0,0.14,0.02,0.16,0.15,60,0,62671,0,0,0,2,0,2
Martinelli,MID,Arsenal,Coventry City,0,1,18,1,7,0,True,2026-08-21T19:00:00Z,3,0,1,0,0,0,0,0,0,0,0,0,0,0,0,0,0.0,0.0,0.0,0.0,0,0.0,0.0,0.0,0.0,65,0,21290,0,0,0,0,0,0
Zubimendi,MID,Arsenal,Coventry City,0,1,19,1,7,1,True,2026-08-21T19:00:00Z,3,0,1,22,0,0,0,0,0,0,0,0,0,0,0,3,3.8,2.3,0.0,0.6,0,0.0,0.02,0.02,0.15,55,0,107568,0,0,1,2,0,3
Dowman,MID,Arsenal,Coventry City,0,1,20,1,7,0,True,2026-08-21T19:00:00Z,3,0,1,0,0,0,0,0,0,0,0,0,0,0,0,0,0.0,0.0,0.0,0.0,0,0.0,0.0,0.0,0.0,55,0,8920,0,0,0,0,0,0
Nørgaard,MID,Everton,Crystal Palace,0,1,21,3,8,0,True,2026-08-22T14:00:00Z,2,0,1,0,0,0,0,0,0,0,0,0,0,0,0,0,0.0,0.0,0.0,0.0,0,0.0,0.0,0.0,0.0,50,0,10920,0,0,0,0,0,0
Nwaneri,MID,Arsenal,Coventry City,0,1,22,1,7,0,True,2026-08-21T19:00:00Z,3,0,1,0,0,0,0,0,0,0,0,0,0,0,0,0,0.0,0.0,0.0,0.0,0,0.0,0.0,0.0,0.0,55,0,1260,0,0,0,0,0,0
Fábio Vieira,MID,Arsenal,Coventry City,0,1,23,1,7,0,True,2026-08-21T19:00:00Z,3,0,1,0,0,0,0,0,0,0,0,0,0,0,0,0,0.0,0.0,0.0,0.0,0,0.0,0.0,0.0,0.0,55,0,892,0,0,0,0,0,0
Nelson,MID,Arsenal,Coventry City,0,1,24,1,7,0,True,2026-08-21T19:00:00Z,3,0,1,0,0,0,0,0,0,0,0,0,0,0,0,0,0.0,0.0,0.0,0.0,0,0.0,0.0,0.0,0.0,55,0,853,0,0,0,0,0,0
Gyökeres,FWD,Arsenal,Coventry City,0,1,25,1,7,0,True,2026-08-21T19:00:00Z,3,0,1,0,0,0,0,0,0,0,0,0,0,0,0,0,0.0,0.0,0.0,0.0,0,0.0,0.0,0.0,0.0,75,0,816962,0,0,0,0,0,0
Havertz,FWD,Arsenal,Coventry City,0,1,26,1,7,6,True,2026-08-21T19:00:00Z,3,0,1,90,1,0,1,0,0,0,0,0,0,0,0,34,37.2,13.2,25.0,7.5,1,0.26,0.03,0.29,0.2,75,0,468616,0,0,0,0,2,2
G.Jesus,FWD,Arsenal,Coventry City,0,1,27,1,7,0,True,2026-08-21T19:00:00Z,3,0,1,0,0,0,0,0,0,0,0,0,0,0,0,0,0.0,0.0,0.0,0.0,0,0.0,0.0,0.0,0.0,60,0,31403,0,0,0,0,0,0
Martinez,GK,Chelsea,Brighton,0,1,28,7,5,0,False,2026-08-23T13:00:00Z,4,0,1,0,0,0,0,0,0,0,0,0,0,0,0,0,0.0,0.0,0.0,0.0,0,0.0,0.0,0.0,0.0,50,0,388040,0,0,0,0,0,0
M.Bizot,GK,Aston Villa,Brighton,0,1,29,7,5,1,False,2026-08-23T13:00:00Z,4,0,1,90,0,0,0,4,0,0,0,0,0,3,0,1,28.2,0.0,0.0,2.8,1,0.0,0.0,0.0,3.77,45,0,10183,0,0,0,6,2,0
Digne,DEF,Aston Villa,Brighton,0,1,30,7,5,0,False,2026-08-23T13:00:00Z,4,0,1,0,0,0,0,0,0,0,0,0,0,0,0,0,0.0,0.0,0.0,0.0,0,0.0,0.0,0.0,0.0,45,0,13780,0,0,0,0,0,0
Konsa,DEF,Arsenal,Coventry City,0,1,31,1,7,0,True,2026-08-21T19:00:00Z,3,0,1,0,0,0,0,0,0,0,0,0,0,0,0,0,0.0,0.0,0.0,0.0,0,0.0,0.0,0.0,0.0,45,0,1206127,0,0,0,0,0,0
Cash,DEF,Aston Villa,Brighton,0,1,32,7,5,-1,False,2026-08-23T13:00:00Z,4,0,1,90,0,0,0,4,0,0,0,1,0,0,0,-8,12.0,1.1,0.0,1.3,1,0.0,0.0,0.0,3.77,45,0,789072,0,0,2,0,5,7
Mings,DEF,Aston Villa,Brighton,0,1,33,7,5,1,False,2026-08-23T13:00:00Z,4,0,1,16,0,0,0,0,0,0,0,0,0,0,0,5,2.0,0.0,0.0,0.2,0,0.0,0.0,0.0,0.22,45,0,29034,0,0,1,0,0,1
Pau,DEF,Aston Villa,Brighton,0,1,34,7,5,0,False,2026-08-23T13:00:00Z,4,0,1,73,0,0,0,4,0,0,0,0,0,0,0,-14,0.0,0.7,0.0,0.0,1,0.0,0.0,0.0,3.55,45,0,38472,0,0,0,1,5,5
Bogarde,MID,Aston Villa,Brighton,0,1,35,7,5,1,False,2026-08-23T13:00:00Z,4,0,1,16,0,0,0,0,0,0,0,0,0,0,0,3,2.2,0.5,0.0,0.3,0,0.0,0.0,0.0,0.22,50,0,5822,0,0,0,0,1,1
Maatsen,DEF,Aston Villa,Brighton,0,1,36,7,5,0,False,2026-08-23T13:00:00Z,4,0,1,81,0,0,0,4,0,0,0,0,0,0,0,-9,9.2,0.8,3.0,1.3,1,0.03,0.0,0.03,3.62,45,0,71952,0,0,2,2,7,9
Lindelöf,DEF,Aston Villa,Brighton,0,1,37,7,5,-2,False,2026-08-23T13:00:00Z,4,0,1,90,0,0,0,4,1,0,0,0,0,0,0,-13,1.8,0.1,0.0,0.2,1,0.0,0.0,0.0,3.77,45,0,24630,0,0,0,1,3,3
A.García,DEF,Aston Villa,Brighton,0,1,38,7,5,0,False,2026-08-23T13:00:00Z,4,0,1,0,0,0,0,0,0,0,0,0,0,0,0,0,0.0,0.0,0.0,0.0,0,0.0,0.0,0.0,0.0,40,0,157304,0,0,0,0,0,0
Nedeljkovic,DEF,Aston Villa,Brighton,0,1,39,7,5,0,False,2026-08-23T13:00:00Z,4,0,1,0,0,0,0,0,0,0,0,0,0,0,0,0,0.0,0.0,0.0,0.0,0,0.0,0.0,0.0,0.0,40,0,29043,0,0,0,0,0,0
Rogers,MID,Chelsea,Fulham,0,1,40,10,10,8,False,2026-08-24T19:00:00Z,2,3,1,81,1,0,0,2,0,0,0,0,0,0,1,37,48.8,53.5,29.0,13.1,1,0.96,0.1,1.06,1.24,75,0,2178086,0,0,2,5,0,7
Buendía,MID,Aston Villa,Brighton,0,1,41,7,5,2,False,2026-08-23T13:00:00Z,4,0,1,85,0,0,0,4,0,0,0,0,0,0,0,4,0.0,16.3,8.0,2.2,1,0.13,0.09,0.22,3.62,60,0,120830,0,0,1,3,3,7
Guessand,MID,Crystal Palace,Everton,0,1,42,3,9,1,False,2026-08-22T14:00:00Z,2,0,1,27,0,0,0,0,0,0,0,0,0,0,0,3,3.2,1.8,7.0,1.2,0,0.03,0.02,0.05,0.14,55,0,3238,0,0,1,0,0,1
Tielemans,MID,Man Utd,Hull City,0,1,43,4,11,2,False,2026-08-22T11:30:00Z,2,0,1,66,0,0,0,2,0,0,0,0,0,0,0,13,5.0,11.3,4.0,2.0,1,0.04,0.11,0.15,0.94,60,0,224637,0,0,0,5,0,5
Bailey,MID,Aston Villa,Brighton,0,1,44,7,5,0,False,2026-08-23T13:00:00Z,4,0,1,0,0,0,0,0,0,0,0,0,0,0,0,0,0.0,0.0,0.0,0.0,0,0.0,0.0,0.0,0.0,55,0,12940,0,0,0,0,0,0
McGinn,MID,Aston Villa,Brighton,0,1,45,7,5,1,False,2026-08-23T13:00:00Z,4,0,1,81,0,0,0,4,0,0,0,1,0,0,0,8,1.6,2.4,1.0,0.5,1,0.04,0.01,0.05,3.62,55,0,290994,0,0,1,3,2,6
Barkley,MID,Aston Villa,Brighton,0,1,46,7,5,2,False,2026-08-23T13:00:00Z,4,0,1,73,0,0,0,4,0,0,0,0,0,0,0,11,9.4,21.4,7.0,3.8,1,0.1,0.02,0.12,3.55,50,0,20508,0,0,0,0,1,1
Kamara,MID,Aston Villa,Brighton,0,1,47,7,5,2,False,2026-08-23T13:00:00Z,4,0,1,90,0,0,0,4,0,0,0,0,0,0,0,9,11.2,2.8,0.0,1.4,1,0.0,0.0,0.0,3.77,50,0,31172,0,0,2,2,3,7
Onana,MID,Aston Villa,Brighton,0,1,48,7,5,0,False,2026-08-23T13:00:00Z,4,0,1,0,0,0,0,0,0,0,0,0,0,0,0,0,0.0,0.0,0.0,0.0,0,0.0,0.0,0.0,0.0,50,0,2081,0,0,0,0,0,0
Iling Jr,MID,Aston Villa,Brighton,0,1,49,7,5,0,False,2026-08-23T13:00:00Z,4,0,1,0,0,0,0,0,0,0,0,0,0,0,0,0,0.0,0.0,0.0,0.0,0,0.0,0.0,0.0,0.0,50,0,394,0,0,0,0,0,0
Burrowes,MID,Aston Villa,Brighton,0,1,50,7,5,0,False,2026-08-23T13:00:00Z,4,0,1,0,0,0,0,0,0,0,0,0,0,0,0,0,0.0,0.0,0.0,0.0,0,0.0,0.0,0.0,0.0,45,0,60228,0,0,0,0,0,0
George Hemmings,MID,Aston Villa,Brighton,0,1,51,7,5,2,False,2026-08-23T13:00:00Z,4,0,1,90,0,0,0,4,0,0,0,0,0,0,0,12,10.6,11.6,2.0,2.4,1,0.0,0.0,0.0,3.77,45,0,60759,0,0,3,2,0,5
Alysson,MID,Aston Villa,Brighton,0,1,52,7,5,1,False,2026-08-23T13:00:00Z,4,0,1,8,0,0,0,0,0,0,0,0,0,0,0,5,4.0,0.0,0.0,0.4,0,0.0,0.0,0.0,0.14,50,0,3792,0,0,1,1,1,3
Manzambi,MID,Aston Villa,Brighton,0,1,53,7,5,0,False,2026-08-23T13:00:00Z,4,0,1,0,0,0,0,0,0,0,0,0,0,0,0,0,0.0,0.0,0.0,0.0,0,0.0,0.0,0.0,0.0,60,0,26624,0,0,0,0,0,0
Gomes,MID,Aston Villa,Brighton,0,1,54,7,5,-2,False,2026-08-23T13:00:00Z,4,0,1,39,0,0,0,4,0,0,0,0,1,0,0,-2,1.0,11.0,0.0,1.2,1,0.0,0.01,0.01,2.58,55,0,6573,0,0,4,2,1,7
Watkins,FWD,Aston Villa,Brighton,0,1,55,7,5,0,False,2026-08-23T13:00:00Z,4,0,1,0,0,0,0,0,0,0,0,0,0,0,0,0,0.0,0.0,0.0,0.0,0,0.0,0.0,0.0,0.0,80,0,898121,0,0,0,0,0,0
Abraham,FWD,Aston Villa,Brighton,0,1,56,7,5,0,False,2026-08-23T13:00:00Z,4,0,1,0,0,0,0,0,0,0,0,0,0,0,0,0,0.0,0.0,0.0,0.0,0,0.0,0.0,0.0,0.0,55,0,11764,0,0,0,0,0,0
Petrović,GK,Bournemouth,Man City,0,1,57,8,15,2,False,2026-08-23T13:00:00Z,2,1,1,90,0,0,0,2,0,0,0,0,0,4,0,13,36.8,0.0,0.0,3.7,1,0.0,0.0,0.0,2.25,45,0,288326,0,0,0,5,2,0
Forster,GK,Bournemouth,Man City,0,1,58,8,15,0,False,2026-08-23T13:00:00Z,2,1,1,0,0,0,0,0,0,0,0,0,0,0,0,0,0.0,0.0,0.0,0.0,0,0.0,0.0,0.0,0.0,40,0,283903,0,0,0,0,0,0
Dennis,GK,Bournemouth,Man City,0,1,59,8,15,0,False,2026-08-23T13:00:00Z,2,1,1,0,0,0,0,0,0,0,0,0,0,0,0,0,0.0,0.0,0.0,0.0,0,0.0,0.0,0.0,0.0,40,0,16822,0,0,0,0,0,0
Hill,DEF,Bournemouth,Man City,0,1,60,8,15,1,False,2026-08-23T13:00:00Z,2,1,1,90,0,0,0,2,0,0,0,0,0,0,0,0,11.6,0.3,0.0,1.2,1,0.0,0.0,0.0,2.25,55,0,72436,0,0,1,1,5,6
Truffert,DEF,Bournemouth,Man City,0,1,61,8,15,1,False,2026-08-23T13:00:00Z,2,1,1,90,0,0,0,2,0,0,0,0,0,0,0,0,15.4,1.3,0.0,1.7,1,0.0,0.0,0.0,2.25,55,0,392050,0,0,2,7,5,7
Diakité,DEF,Bournemouth,Man City,0,1,62,8,15,0,False,2026-08-23T13:00:00Z,2,1,1,0,0,0,0,0,0,0,0,0,0,0,0,0,0.0,0.0,0.0,0.0,0,0.0,0.0,0.0,0.0,50,0,15573,0,0,0,0,0,0
Milosavljević,DEF,Bournemouth,Man City,0,1,63,8,15,0,False,2026-08-23T13:00:00Z,2,1,1,0,0,0,0,0,0,0,0,0,0,0,0,0,0.0,0.0,0.0,0.0,0,0.0,0.0,0.0,0.0,50,0,1122,0,0,0,0,0,0
Smith,DEF,Bournemouth,Man City,0,1,64,8,15,1,False,2026-08-23T13:00:00Z,2,1,1,90,0,0,0,2,0,0,0,0,0,0,0,4,7.0,0.6,0.0,0.8,1,0.0,0.0,0.0,2.25,45,0,8561,0,0,1,3,4,5
J.Araujo,DEF,Bournemouth,Man City,0,1,65,8,15,0,False,2026-08-23T13:00:00Z,2,1,1,0,0,0,0,0,0,0,0,0,0,0,0,0,0.0,0.0,0.0,0.0,0,0.0,0.0,0.0,0.0,45,0,1775,0,0,0,0,0,0
Soler,DEF,Bournemouth,Man City,0,1,66,8,15,0,False,2026-08-23T13:00:00Z,2,1,1,0,0,0,0,0,0,0,0,0,0,0,0,0,0.0,0.0,0.0,0.0,0,0.0,0.0,0.0,0.0,40,0,19739,0,0,0,0,0,0
Rayan,MID,Bournemouth,Man City,0,1,67,8,15,2,False,2026-08-23T13:00:00Z,2,1,1,88,0,0,0,1,0,0,0,0,0,0,0,9,6.2,11.3,17.0,3.5,1,0.04,0.03,0.07,2.06,65,0,242374,0,0,0,0,1,1
Tavernier,MID,Bournemouth,Man City,0,1,68,8,15,10,False,2026-08-23T13:00:00Z,2,1,1,90,1,0,0,2,0,0,0,0,0,0,3,32,40.0,17.2,18.0,7.5,1,0.4,0.08,0.48,2.25,60,0,139421,0,0,2,4,2,8
Scott,MID,Bournemouth,Man City,0,1,69,8,15,2,False,2026-08-23T13:00:00Z,2,1,1,90,0,0,0,2,0,0,0,0,0,0,0,17,11.4,4.8,0.0,1.6,1,0.0,0.01,0.01,2.25,60,0,134668,0,0,4,6,1,11
Kluivert,MID,Bournemouth,Man City,0,1,70,8,15,3,False,2026-08-23T13:00:00Z,2,1,1,74,0,0,1,0,0,0,0,0,0,0,0,15,11.0,14.3,17.0,4.2,1,0.11,0.0,0.11,1.94,60,0,96045,0,0,3,5,1,9
Cook,MID,Bournemouth,Man City,0,1,71,8,15,3,False,2026-08-23T13:00:00Z,2,1,1,75,0,0,1,0,0,0,0,0,0,0,0,8,4.6,2.1,0.0,0.7,1,0.0,0.0,0.0,1.94,50,0,13065,0,0,1,3,3,7
Gannon-Doak,MID,Bournemouth,Man City,0,1,72,8,15,1,False,2026-08-23T13:00:00Z,2,1,1,1,0,0,0,1,0,0,0,0,0,0,0,3,0.2,0.1,2.0,0.2,0,0.0,0.0,0.0,0.19,50,0,7889,0,0,0,1,0,1
Adams,MID,Bournemouth,Man City,0,1,73,8,15,1,False,2026-08-23T13:00:00Z,2,1,1,15,0,0,0,2,0,0,0,0,0,0,0,4,3.6,0.6,0.0,0.4,0,0.0,0.0,0.0,0.31,50,0,19512,0,0,0,0,3,3
Brooks,MID,Bournemouth,Man City,0,1,74,8,15,0,False,2026-08-23T13:00:00Z,2,1,1,0,0,0,0,0,0,0,0,0,0,0,0,0,0.0,0.0,0.0,0.0,0,0.0,0.0,0.0,0.0,50,0,4610,0,0,0,0,0,0
Christie,MID,Bournemouth,Man City,0,1,75,8,15,0,False,2026-08-23T13:00:00Z,2,1,1,0,0,0,0,0,0,0,0,0,0,0,0,0,0.0,0.0,0.0,0.0,0,0.0,0.0,0.0,0.0,50,0,1007,0,0,0,0,0,0
Tóth.A,MID,Bournemouth,Man City,0,1,76,8,15,1,False,2026-08-23T13:00:00Z,2,1,1,15,0,0,0,2,0,0,0,0,0,0,0,5,2.8,0.6,0.0,0.3,0,0.0,0.0,0.0,0.31,50,0,1238,0,0,1,1,0,2
Adli,MID,Bournemouth,Man City,0,1,77,8,15,0,False,2026-08-23T13:00:00Z,2,1,1,0,0,0,0,0,0,0,0,0,0,0,0,0,0.0,0.0,0.0,0.0,0,0.0,0.0,0.0,0.0,50,0,3087,0,0,0,0,0,0
Kroupi.Jr,MID,Bournemouth,Man City,0,1,78,8,15,0,False,2026-08-23T13:00:00Z,2,1,1,0,0,0,0,0,0,0,0,0,0,0,0,0,0.0,0.0,0.0,0.0,0,0.0,0.0,0.0,0.0,75,0,42378,0,0,0,0,0,0
Evanilson,FWD,Bournemouth,Man City,0,1,79,8,15,4,False,2026-08-23T13:00:00Z,2,1,1,74,0,1,1,0,0,0,0,1,0,0,0,17,19.4,11.9,2.0,3.3,1,0.0,0.21,0.21,1.94,60,0,200122,0,0,1,3,4,8
Enes Ünal,FWD,Bournemouth,Man City,0,1,80,8,15,0,False,2026-08-23T13:00:00Z,2,1,1,0,0,0,0,0,0,0,0,0,0,0,0,0,0.0,0.0,0.0,0.0,0,0.0,0.0,0.0,0.0,55,0,3581,0,0,0,0,0,0
Rodríguez,FWD,Bournemouth,Man City,0,1,81,8,15,0,False,2026-08-23T13:00:00Z,2,1,1,0,0,0,0,0,0,0,0,0,0,0,0,0,0.0,0.0,0.0,0.0,0,0.0,0.0,0.0,0.0,60,0,9051,0,0,0,0,0,0
Kelleher,GK,Brentford,Spurs,0,1,82,2,19,7,True,2026-08-22T16:30:00Z,3,0,1,90,0,0,1,0,0,0,0,0,0,4,0,34,31.4,0.0,0.0,3.1,1,0.0,0.01,0.01,0.57,50,0,513912,0,0,0,5,0,0
Valdimarsson,GK,Brentford,Spurs,0,1,83,2,19,0,True,2026-08-22T16:30:00Z,3,0,1,0,0,0,0,0,0,0,0,0,0,0,0,0,0.0,0.0,0.0,0.0,0,0.0,0.0,0.0,0.0,45,0,9667,0,0,0,0,0,0
Collins,DEF,Brentford,Spurs,0,1,84,2,19,6,True,2026-08-22T16:30:00Z,3,0,1,90,0,0,1,0,0,0,0,0,0,0,0,21,11.6,21.5,17.0,5.0,1,0.34,0.04,0.38,0.57,55,0,156847,0,0,0,3,3,3
Van den Berg,DEF,Brentford,Spurs,0,1,85,2,19,0,True,2026-08-22T16:30:00Z,3,0,1,0,0,0,0,0,0,0,0,0,0,0,0,0,0.0,0.0,0.0,0.0,0,0.0,0.0,0.0,0.0,50,0,14391,0,0,0,0,0,0
Lewis-Potter,MID,Brentford,Spurs,0,1,86,2,19,10,True,2026-08-22T16:30:00Z,3,0,1,90,1,0,1,0,0,0,0,0,0,0,2,37,47.2,15.9,19.0,8.2,1,0.77,0.12,0.89,0.57,55,0,38558,0,0,1,5,4,10
Ajer,DEF,Brentford,Spurs,0,1,87,2,19,8,True,2026-08-22T16:30:00Z,3,0,1,90,0,0,1,0,0,0,0,0,0,0,0,29,20.0,0.9,35.0,5.6,1,0.11,0.02,0.13,0.57,45,0,318142,0,0,2,3,8,10
Kayode,DEF,Brentford,Spurs,0,1,88,2,19,13,True,2026-08-22T16:30:00Z,3,0,1,75,1,0,1,0,0,0,0,0,0,0,1,36,33.8,1.5,46.0,8.1,1,0.5,0.0,0.5,0.47,45,0,282611,0,0,0,5,4,4
Henry,DEF,Brentford,Spurs,0,1,89,2,19,0,True,2026-08-22T16:30:00Z,3,0,1,0,0,0,0,0,0,0,0,0,0,0,0,0,0.0,0.0,0.0,0.0,0,0.0,0.0,0.0,0.0,45,0,22322,0,0,0,0,0,0
Hickey,DEF,Brentford,Spurs,0,1,90,2,19,1,True,2026-08-22T16:30:00Z,3,0,1,14,0,0,0,0,0,0,0,0,0,0,0,2,0.0,0.3,0.0,0.0,0,0.0,0.0,0.0,0.1,45,0,5416,0,0,0,2,0,0
Pinnock,DEF,Coventry City,Spurs,0,1,91,2,19,0,True,2026-08-22T16:30:00Z,3,0,1,0,0,0,0,0,0,0,0,0,0,0,0,0,0.0,0.0,0.0,0.0,0,0.0,0.0,0.0,0.0,45,0,7000,0,0,0,0,0,0
Ji-soo,DEF,Brentford,Spurs,0,1,92,2,19,0,True,2026-08-22T16:30:00Z,3,0,1,0,0,0,0,0,0,0,0,0,0,0,0,0,0.0,0.0,0.0,0.0,0,0.0,0.0,0.0,0.0,45,0,1635,0,0,0,0,0,0
Schuster,DEF,Brentford,Spurs,0,1,93,2,19,0,True,2026-08-22T16:30:00Z,3,0,1,0,0,0,0,0,0,0,0,0,0,0,0,0,0.0,0.0,0.0,0.0,0,0.0,0.0,0.0,0.0,45,0,15125,0,0,0,0,0,0
Schade,MID,Brentford,Spurs,0,1,94,2,19,3,True,2026-08-22T16:30:00Z,3,0,1,90,0,0,1,0,0,0,0,0,0,0,0,17,14.4,11.8,59.0,8.5,1,0.52,0.01,0.53,0.57,60,0,330810,0,0,3,5,1,9
O.Dango,MID,Brentford,Spurs,0,1,95,2,19,3,True,2026-08-22T16:30:00Z,3,0,1,66,0,0,1,0,0,0,0,0,0,0,0,6,1.0,30.8,15.0,4.7,1,0.05,0.29,0.34,0.47,65,0,105835,0,0,0,4,2,6
Damsgaard,MID,Brentford,Spurs,0,1,96,2,19,1,True,2026-08-22T16:30:00Z,3,0,1,14,0,0,0,0,0,0,0,0,0,0,0,6,7.6,26.3,0.0,3.4,0,0.0,0.11,0.11,0.1,55,0,52929,0,0,1,3,0,4
Jensen,MID,Brentford,Spurs,0,1,97,2,19,6,True,2026-08-22T16:30:00Z,3,0,1,66,0,1,1,0,0,0,0,0,0,0,0,22,12.6,46.2,13.0,7.2,1,0.08,0.34,0.42,0.47,55,0,16245,0,0,2,3,0,5
Janelt,MID,Brentford,Spurs,0,1,98,2,19,9,True,2026-08-22T16:30:00Z,3,0,1,90,1,0,1,0,0,0,0,1,0,0,0,35,53.2,38.8,24.0,11.6,1,0.39,0.17,0.56,0.57,50,0,9018,0,0,4,3,6,13
Milambo,MID,Brentford,Spurs,0,1,99,2,19,0,True,2026-08-22T16:30:00Z,3,0,1,0,0,0,0,0,0,0,0,0,0,0,0,0,0.0,0.0,0.0,0.0,0,0.0,0.0,0.0,0.0,50,0,187,0,0,0,0,0,0
Carvalho,MID,Brentford,Spurs,0,1,100,2,19,0,True,2026-08-22T16:30:00Z,3,0,1,0,0,0,0,0,0,0,0,0,0,0,0,0,0.0,0.0,0.0,0.0,0,0.0,0.0,0.0,0.0,50,0,1459,0,0,0,0,0,0
Henderson,MID,Chelsea,Fulham,0,1,101,10,10,0,False,2026-08-24T19:00:00Z,2,3,1,0,0,0,0,0,0,0,0,0,0,0,0,0,0.0,0.0,0.0,0.0,0,0.0,0.0,0.0,0.0,50,0,3629,0,0,0,0,0,0
Yarmoliuk,MID,Brentford,Spurs,0,1,102,2,19,1,True,2026-08-22T16:30:00Z,3,0,1,23,0,0,0,0,0,0,0,0,0,0,0,7,2.2,0.8,3.0,0.6,0,0.04,0.0,0.04,0.1,50,0,123741,0,0,2,3,1,6
Dasilva,MID,Brentford,Spurs,0,1,103,2,19,0,True,2026-08-22T16:30:00Z,3,0,1,0,0,0,0,0,0,0,0,0,0,0,0,0,0.0,0.0,0.0,0.0,0,0.0,0.0,0.0,0.0,50,0,2396,0,0,0,0,0,0
Onyeka,MID,Coventry City,Arsenal,0,1,104,1,1,2,False,2026-08-21T19:00:00Z,3,0,1,90,0,0,0,3,0,0,0,0,0,0,0,8,3.6,1.6,0.0,0.5,1,0.0,0.01,0.01,1.88,50,0,13188,0,0,1,5,3,9
Anthony,MID,Brentford,Spurs,0,1,105,2,19,1,True,2026-08-22T16:30:00Z,3,0,1,23,0,0,0,0,0,0,0,0,0,0,0,9,10.6,34.9,1.0,4.7,0,0.03,0.35,0.38,0.1,60,0,14244,0,0,2,6,0,8
Thiago,FWD,Brentford,Spurs,0,1,106,2,19,0,True,2026-08-22T16:30:00Z,3,0,1,82,0,0,1,0,0,0,1,0,0,0,0,-3,2.2,4.0,8.0,1.4,1,1.0,0.08,1.08,0.5,80,0,1509299,0,0,0,4,1,5
Furo,FWD,Brentford,Spurs,0,1,107,2,19,0,True,2026-08-22T16:30:00Z,3,0,1,0,0,0,0,0,0,0,0,0,0,0,0,0,0.0,0.0,0.0,0.0,0,0.0,0.0,0.0,0.0,45,0,78000,0,0,0,0,0,0
Wilson,FWD,Brentford,Spurs,0,1,108,2,19,1,True,2026-08-22T16:30:00Z,3,0,1,7,0,0,0,0,0,0,0,0,0,0,0,4,2.2,10.3,5.0,1.8,0,0.03,0.04,0.07,0.07,55,0,30450,0,0,0,0,0,0
Verbruggen,GK,Brighton,Aston Villa,0,1,109,7,2,6,True,2026-08-23T13:00:00Z,4,0,1,90,0,0,1,0,0,0,0,0,0,0,0,25,6.6,0.0,0.0,0.7,1,0.0,0.0,0.0,0.29,45,0,1987586,0,0,0,4,0,0
Rushworth,GK,Coventry City,Arsenal,0,1,110,1,1,1,False,2026-08-21T19:00:00Z,3,0,1,90,0,0,0,3,0,0,0,0,0,2,0,0,14.2,0.0,0.0,1.4,1,0.0,0.01,0.01,1.88,45,0,100521,0,0,0,7,1,0
Steele,GK,Brighton,Aston Villa,0,1,111,7,2,0,True,2026-08-23T13:00:00Z,4,0,1,0,0,0,0,0,0,0,0,0,0,0,0,0,0.0,0.0,0.0,0.0,0,0.0,0.0,0.0,0.0,40,0,369830,0,0,0,0,0,0
Van Hecke,DEF,Spurs,Brentford,0,1,112,2,4,1,False,2026-08-22T16:30:00Z,3,0,1,90,0,0,0,3,0,0,0,0,0,0,0,3,28.2,2.8,2.0,3.3,1,0.0,0.03,0.03,3.87,50,0,955905,0,0,2,3,7,9
F.Kadıoğlu,DEF,Brighton,Aston Villa,0,1,113,7,2,0,True,2026-08-23T13:00:00Z,4,0,1,0,0,0,0,0,0,0,0,0,0,0,0,0,0.0,0.0,0.0,0.0,0,0.0,0.0,0.0,0.0,45,0,265528,0,0,0,0,0,0
Boscagli,DEF,Brighton,Aston Villa,0,1,114,7,2,6,True,2026-08-23T13:00:00Z,4,0,1,90,0,0,1,0,0,0,0,0,0,0,0,29,15.2,7.3,6.0,2.9,1,0.0,0.04,0.04,0.29,45,0,19109,0,0,1,4,5,6
De Cuyper,DEF,Brighton,Aston Villa,0,1,115,7,2,17,True,2026-08-23T13:00:00Z,4,0,1,77,1,1,1,0,0,0,0,0,0,0,2,46,40.6,45.3,43.0,12.9,1,1.47,0.21,1.68,0.29,45,0,151636,0,0,3,3,1,4
Dunk,DEF,Brighton,Aston Villa,0,1,116,7,2,6,True,2026-08-23T13:00:00Z,4,0,1,90,0,0,1,0,0,0,0,0,0,0,0,24,13.4,6.4,0.0,2.0,1,0.0,0.04,0.04,0.29,45,0,88762,0,0,1,2,1,2
Coppola,DEF,Brighton,Aston Villa,0,1,117,7,2,0,True,2026-08-23T13:00:00Z,4,0,1,0,0,0,0,0,0,0,0,0,0,0,0,0,0.0,0.0,0.0,0.0,0,0.0,0.0,0.0,0.0,45,0,1583,0,0,0,0,0,0
Igor,DEF,Brighton,Aston Villa,0,1,118,7,2,0,True,2026-08-23T13:00:00Z,4,0,1,0,0,0,0,0,0,0,0,0,0,0,0,0,0.0,0.0,0.0,0.0,0,0.0,0.0,0.0,0.0,45,0,7195,0,0,0,0,0,0
Costinha,DEF,Brighton,Aston Villa,0,1,119,7,2,1,True,2026-08-23T13:00:00Z,4,0,1,26,0,0,0,0,0,0,0,0,0,0,0,7,8.2,1.9,18.0,2.8,0,0.12,0.0,0.12,0.1,45,0,2148,0,0,1,0,3,4
Svoboda,DEF,Brighton,Aston Villa,0,1,120,7,2,0,True,2026-08-23T13:00:00Z,4,0,1,0,0,0,0,0,0,0,0,0,0,0,0,0,0.0,0.0,0.0,0.0,0,0.0,0.0,0.0,0.0,50,0,3997,0,0,0,0,0,0
Mitoma,MID,Brighton,Aston Villa,0,1,121,7,2,0,True,2026-08-23T13:00:00Z,4,0,1,0,0,0,0,0,0,0,0,0,0,0,0,0,0.0,0.0,0.0,0.0,0,0.0,0.0,0.0,0.0,60,0,4360,0,0,0,0,0,0
Minteh,MID,Brighton,Aston Villa,0,1,122,7,2,0,True,2026-08-23T13:00:00Z,4,0,1,0,0,0,0,0,0,0,0,0,0,0,0,0,0.0,0.0,0.0,0.0,0,0.0,0.0,0.0,0.0,60,0,9337,0,0,0,0,0,0
Hinshelwood,MID,Brighton,Aston Villa,0,1,123,7,2,16,True,2026-08-23T13:00:00Z,4,0,1,63,2,0,1,0,0,0,0,0,0,0,3,54,72.8,13.4,59.0,14.5,1,1.41,0.02,1.43,0.19,60,0,39219,0,0,2,1,0,3
Groß,MID,Brighton,Aston Villa,0,1,124,7,2,2,True,2026-08-23T13:00:00Z,4,0,1,90,0,0,1,0,0,0,0,1,0,0,0,18,21.0,56.9,8.0,8.6,1,0.0,0.27,0.27,0.29,55,0,1308033,0,0,3,2,0,5
Georginio,FWD,Brighton,Aston Villa,0,1,125,7,2,5,True,2026-08-23T13:00:00Z,4,0,1,90,0,1,1,0,0,0,0,0,0,0,0,22,19.8,11.4,15.0,4.6,1,0.08,0.44,0.52,0.29,55,0,78765,0,0,2,4,1,7
O'Riley,MID,Brighton,Aston Villa,0,1,126,7,2,0,True,2026-08-23T13:00:00Z,4,0,1,0,0,0,0,0,0,0,0,0,0,0,0,0,0.0,0.0,0.0,0.0,0,0.0,0.0,0.0,0.0,55,0,8249,0,0,0,0,0,0
Gomez,MID,Brighton,Aston Villa,0,1,127,7,2,6,True,2026-08-23T13:00:00Z,4,0,1,85,0,1,1,0,0,0,0,0,0,0,0,27,33.0,25.1,41.0,9.9,1,0.18,0.48,0.66,0.29,50,0,355972,0,0,3,1,2,6
Buonanotte,MID,Brighton,Aston Villa,0,1,128,7,2,0,True,2026-08-23T13:00:00Z,4,0,1,0,0,0,0,0,0,0,0,0,0,0,0,0,0.0,0.0,0.0,0.0,0,0.0,0.0,0.0,0.0,50,0,528,0,0,0,0,0,0
Ayari,MID,Brighton,Aston Villa,0,1,129,7,2,2,True,2026-08-23T13:00:00Z,4,0,1,63,0,0,1,0,0,0,0,1,0,0,0,8,0.0,15.0,6.0,1.7,1,0.11,0.03,0.14,0.19,55,0,61091,0,0,0,3,1,4
Wieffer,DEF,Brighton,Aston Villa,0,1,130,7,2,7,True,2026-08-23T13:00:00Z,4,0,1,77,0,0,1,0,0,0,0,0,0,0,1,32,16.6,26.3,6.0,4.9,1,0.09,0.05,0.14,0.29,50,0,22925,0,0,4,5,4,8
Baleba,MID,Man Utd,Aston Villa,0,1,131,7,2,0,True,2026-08-23T13:00:00Z,4,0,1,0,0,0,0,0,0,0,0,0,0,0,0,0,0.0,0.0,0.0,0.0,0,0.0,0.0,0.0,0.0,50,0,17798,0,0,0,0,0,0
Howell,MID,Brighton,Aston Villa,0,1,132,7,2,0,True,2026-08-23T13:00:00Z,4,0,1,0,0,0,0,0,0,0,0,0,0,0,0,0,0.0,0.0,0.0,0.0,0,0.0,0.0,0.0,0.0,45,0,6770,0,0,0,0,0,0
Watson,MID,Brighton,Aston Villa,0,1,133,7,2,0,True,2026-08-23T13:00:00Z,4,0,1,0,0,0,0,0,0,0,0,0,0,0,0,0,0.0,0.0,0.0,0.0,0,0.0,0.0,0.0,0.0,50,0,241,0,0,0,0,0,0
Oriola,MID,Brighton,Aston Villa,0,1,134,7,2,0,True,2026-08-23T13:00:00Z,4,0,1,0,0,0,0,0,0,0,0,0,0,0,0,0,0.0,0.0,0.0,0.0,0,0.0,0.0,0.0,0.0,45,0,24725,0,0,0,0,0,0
Yohanna,MID,Brighton,Aston Villa,0,1,135,7,2,1,True,2026-08-23T13:00:00Z,4,0,1,12,0,0,0,0,0,0,0,0,0,0,0,3,0.2,1.3,0.0,0.2,0,0.0,0.03,0.03,0.0,50,0,6623,0,0,0,0,0,0
Welbeck,FWD,Chelsea,Fulham,0,1,136,10,10,0,False,2026-08-24T19:00:00Z,2,3,1,0,0,0,0,0,0,0,0,0,0,0,0,0,0.0,0.0,0.0,0.0,0,0.0,0.0,0.0,0.0,60,0,112037,0,0,0,0,0,0
Tzimas,FWD,Brighton,Aston Villa,0,1,137,7,2,0,True,2026-08-23T13:00:00Z,4,0,1,0,0,0,0,0,0,0,0,0,0,0,0,0,0.0,0.0,0.0,0.0,0,0.0,0.0,0.0,0.0,55,0,879,0,0,0,0,0,0
Kostoulas,FWD,Brighton,Aston Villa,0,1,138,7,2,1,True,2026-08-23T13:00:00Z,4,0,1,26,0,0,0,0,0,0,0,0,0,0,0,-1,0.0,0.4,10.0,0.9,0,0.18,0.0,0.18,0.1,55,0,19339,0,0,1,1,0,2
Ferguson,FWD,Brighton,Aston Villa,0,1,139,7,2,0,True,2026-08-23T13:00:00Z,4,0,1,0,0,0,0,0,0,0,0,0,0,0,0,0,0.0,0.0,0.0,0.0,0,0.0,0.0,0.0,0.0,50,0,2877,0,0,0,0,0,0
Sánchez,GK,Chelsea,Fulham,0,1,140,10,10,2,False,2026-08-24T19:00:00Z,2,3,1,90,0,0,0,2,0,0,0,0,0,4,0,6,21.4,0.0,0.0,2.1,1,0.0,0.01,0.01,1.33,50,0,207899,0,0,0,5,1,0
Jörgensen,GK,Chelsea,Fulham,0,1,141,10,10,0,False,2026-08-24T19:00:00Z,2,3,1,0,0,0,0,0,0,0,0,0,0,0,0,0,0.0,0.0,0.0,0.0,0,0.0,0.0,0.0,0.0,50,0,1796,0,0,0,0,0,0
James,DEF,Chelsea,Fulham,0,1,142,10,10,0,False,2026-08-24T19:00:00Z,2,3,1,90,0,0,0,2,0,0,0,1,0,0,0,5,23.4,16.8,19.0,5.9,1,0.1,0.07,0.17,1.33,55,0,879361,0,0,0,4,6,6
Chalobah,DEF,Chelsea,Fulham,0,1,143,10,10,0,False,2026-08-24T19:00:00Z,2,3,1,0,0,0,0,0,0,0,0,0,0,0,0,0,0.0,0.0,0.0,0.0,0,0.0,0.0,0.0,0.0,55,0,21121,0,0,0,0,0,0
Gusto,DEF,Chelsea,Fulham,0,1,144,10,10,1,False,2026-08-24T19:00:00Z,2,3,1,75,0,0,0,2,0,0,0,0,0,0,0,2,7.2,9.8,6.0,2.3,1,0.0,0.03,0.03,1.11,50,0,98423,0,0,1,4,2,3
Fofana,DEF,Chelsea,Fulham,0,1,145,10,10,0,False,2026-08-24T19:00:00Z,2,3,1,0,0,0,0,0,0,0,0,0,0,0,0,0,0.0,0.0,0.0,0.0,0,0.0,0.0,0.0,0.0,50,0,1057,0,0,0,0,0,0
B.Badiashile,DEF,Chelsea,Fulham,0,1,146,10,10,0,False,2026-08-24T19:00:00Z,2,3,1,0,0,0,0,0,0,0,0,0,0,0,0,0,0.0,0.0,0.0,0.0,0,0.0,0.0,0.0,0.0,45,0,2313,0,0,0,0,0,0
Tosin,DEF,Spurs,Fulham,0,1,147,10,10,0,False,2026-08-24T19:00:00Z,2,3,1,0,0,0,0,0,0,0,0,0,0,0,0,0,0.0,0.0,0.0,0.0,0,0.0,0.0,0.0,0.0,45,0,18070,0,0,0,0,0,0
Hato,DEF,Chelsea,Fulham,0,1,148,10,10,1,False,2026-08-24T19:00:00Z,2,3,1,64,0,0,0,2,0,0,0,0,0,0,0,5,8.4,12.3,11.0,3.2,1,0.01,0.03,0.04,1.05,45,0,40724,0,0,2,2,1,3
Colwill,DEF,Chelsea,Fulham,0,1,149,10,10,0,False,2026-08-24T19:00:00Z,2,3,1,90,0,0,0,2,0,0,0,1,0,0,0,6,6.0,1.6,7.0,1.5,1,0.01,0.03,0.04,1.33,50,0,142918,0,0,2,3,2,4
M.Sarr,DEF,Chelsea,Fulham,0,1,150,10,10,0,False,2026-08-24T19:00:00Z,2,3,1,0,0,0,0,0,0,0,0,0,0,0,0,0,0.0,0.0,0.0,0.0,0,0.0,0.0,0.0,0.0,45,0,6689,0,0,0,0,0,0
Acheampong,DEF,Chelsea,Fulham,0,1,151,10,10,3,False,2026-08-24T19:00:00Z,2,3,1,90,0,0,0,2,0,0,0,0,0,0,0,13,33.2,2.2,2.0,3.7,1,0.0,0.01,0.01,1.33,45,0,24066,0,0,5,6,10,15
Palestra,DEF,Chelsea,Fulham,0,1,152,10,10,0,False,2026-08-24T19:00:00Z,2,3,1,0,0,0,0,0,0,0,0,0,0,0,0,0,0.0,0.0,0.0,0.0,0,0.0,0.0,0.0,0.0,55,0,263643,0,0,0,0,0,0
Disasi,DEF,Crystal Palace,Fulham,0,1,153,10,10,0,False,2026-08-24T19:00:00Z,2,3,1,0,0,0,0,0,0,0,0,0,0,0,0,0,0.0,0.0,0.0,0.0,0,0.0,0.0,0.0,0.0,45,0,5243,0,0,0,0,0,0
Palmer,MID,Chelsea,Fulham,0,1,154,10,10,13,False,2026-08-24T19:00:00Z,2,3,1,82,1,1,0,2,0,0,0,0,0,0,3,60,65.2,41.3,54.0,16.1,1,0.28,0.19,0.47,1.24,95,0,919516,0,0,2,7,0,9
Enzo,MID,Man City,Fulham,0,1,155,10,10,1,False,2026-08-24T19:00:00Z,2,3,1,25,0,0,0,0,0,0,0,0,0,0,0,6,3.4,12.0,0.0,1.5,0,0.0,0.02,0.02,0.28,70,0,442051,0,0,0,3,0,3
Neto,MID,Chelsea,Fulham,0,1,156,10,10,1,False,2026-08-24T19:00:00Z,2,3,1,14,0,0,0,0,0,0,0,0,0,0,0,9,5.2,4.1,4.0,1.3,0,0.03,0.07,0.1,0.22,65,0,116795,0,0,1,3,0,4
Estêvão,MID,Chelsea,Fulham,0,1,157,10,10,1,False,2026-08-24T19:00:00Z,2,3,1,7,0,0,0,0,0,0,0,0,0,0,0,3,0.2,0.4,0.0,0.1,0,0.0,0.0,0.0,0.09,65,0,109575,0,0,0,1,0,1
Gittens,MID,Chelsea,Fulham,0,1,158,10,10,0,False,2026-08-24T19:00:00Z,2,3,1,0,0,0,0,0,0,0,0,0,0,0,0,0,0.0,0.0,0.0,0.0,0,0.0,0.0,0.0,0.0,60,0,3231,0,0,0,0,0,0
Caicedo,MID,Chelsea,Fulham,0,1,159,10,10,0,False,2026-08-24T19:00:00Z,2,3,1,0,0,0,0,0,0,0,0,0,0,0,0,0,0.0,0.0,0.0,0.0,0,0.0,0.0,0.0,0.0,55,0,347122,0,0,0,0,0,0
Garnacho,MID,Aston Villa,Brighton,0,1,160,7,5,1,False,2026-08-23T13:00:00Z,4,0,1,4,0,0,0,0,0,0,0,0,0,0,0,2,0.0,0.0,0.0,0.0,0,0.0,0.0,0.0,0.14,60,0,54802,0,0,0,0,0,0
Lavia,MID,Chelsea,Fulham,0,1,161,10,10,1,False,2026-08-24T19:00:00Z,2,3,1,64,0,0,0,2,0,0,0,1,0,0,0,8,13.6,21.9,33.0,6.9,1,0.21,0.03,0.24,1.05,50,0,4654,0,0,3,4,2,9
Andrey Santos,MID,Man Utd,Hull City,0,1,162,4,11,2,False,2026-08-22T11:30:00Z,2,0,1,66,0,0,0,2,0,0,0,0,0,0,0,17,11.4,4.2,2.0,1.8,1,0.0,0.23,0.23,0.94,50,0,93940,0,0,1,5,3,9
D.Essugo,MID,Chelsea,Fulham,0,1,163,10,10,0,False,2026-08-24T19:00:00Z,2,3,1,0,0,0,0,0,0,0,0,0,0,0,0,0,0.0,0.0,0.0,0.0,0,0.0,0.0,0.0,0.0,45,0,18298,0,0,0,0,0,0
Quenda,MID,Chelsea,Fulham,0,1,164,10,10,1,False,2026-08-24T19:00:00Z,2,3,1,8,0,0,0,0,0,0,0,0,0,0,0,2,1.2,0.3,2.0,0.4,0,0.0,0.0,0.0,0.09,55,0,3758,0,0,0,0,1,1
João Pedro,FWD,Chelsea,Fulham,0,1,165,10,10,11,False,2026-08-24T19:00:00Z,2,3,1,90,1,1,0,2,0,0,0,0,0,0,2,45,51.2,23.0,37.0,11.1,1,0.63,0.06,0.69,1.33,75,0,5764207,0,0,0,2,1,3
N.Jackson,FWD,Aston Villa,Fulham,0,1,166,10,10,0,False,2026-08-24T19:00:00Z,2,3,1,0,0,0,0,0,0,0,0,0,0,0,0,0,0.0,0.0,0.0,0.0,0,0.0,0.0,0.0,0.0,65,0,29435,0,0,0,0,0,0
Delap,FWD,Nott'm Forest,Fulham,0,1,167,10,10,0,False,2026-08-24T19:00:00Z,2,3,1,0,0,0,0,0,0,0,0,0,0,0,0,0,0.0,0.0,0.0,0.0,0,0.0,0.0,0.0,0.0,55,0,40156,0,0,0,0,0,0
Marc Guiu,FWD,Chelsea,Fulham,0,1,168,10,10,0,False,2026-08-24T19:00:00Z,2,3,1,0,0,0,0,0,0,0,0,0,0,0,0,0,0.0,0.0,0.0,0.0,0,0.0,0.0,0.0,0.0,50,0,42801,0,0,0,0,0,0
Mheuka,FWD,Chelsea,Fulham,0,1,169,10,10,0,False,2026-08-24T19:00:00Z,2,3,1,0,0,0,0,0,0,0,0,0,0,0,0,0,0.0,0.0,0.0,0.0,0,0.0,0.0,0.0,0.0,45,0,30422,0,0,0,0,0,0
Emegha,FWD,Chelsea,Fulham,0,1,170,10,10,0,False,2026-08-24T19:00:00Z,2,3,1,0,0,0,0,0,0,0,0,0,0,0,0,0,0.0,0.0,0.0,0.0,0,0.0,0.0,0.0,0.0,50,0,11724,0,0,0,0,0,0
Dovin,GK,Coventry City,Arsenal,0,1,171,1,1,0,False,2026-08-21T19:00:00Z,3,0,1,0,0,0,0,0,0,0,0,0,0,0,0,0,0.0,0.0,0.0,0.0,0,0.0,0.0,0.0,0.0,40,0,142267,0,0,0,0,0,0
Wilson,GK,Coventry City,Arsenal,0,1,172,1,1,0,False,2026-08-21T19:00:00Z,3,0,1,0,0,0,0,0,0,0,0,0,0,0,0,0,0.0,0.0,0.0,0.0,0,0.0,0.0,0.0,0.0,45,0,42690,0,0,0,0,0,0
Thomas,DEF,Coventry City,Arsenal,0,1,173,1,1,3,False,2026-08-21T19:00:00Z,3,0,1,90,0,0,0,3,0,0,0,0,0,0,0,11,23.2,11.2,1.0,3.5,1,0.02,0.01,0.03,1.88,40,0,721945,0,0,1,2,9,10
Kitching,DEF,Coventry City,Arsenal,0,1,174,1,1,0,False,2026-08-21T19:00:00Z,3,0,1,0,0,0,0,0,0,0,0,0,0,0,0,0,0.0,0.0,0.0,0.0,0,0.0,0.0,0.0,0.0,40,0,60272,0,0,0,0,0,0
van Ewijk,DEF,Coventry City,Arsenal,0,1,175,1,1,1,False,2026-08-21T19:00:00Z,3,0,1,90,0,0,0,3,0,0,0,0,0,0,0,-8,10.6,2.0,2.0,1.5,1,0.0,0.01,0.01,1.88,40,0,1257228,0,0,1,3,6,7
Dasilva,DEF,Coventry City,Arsenal,0,1,176,1,1,1,False,2026-08-21T19:00:00Z,3,0,1,90,0,0,0,3,0,0,0,0,0,0,0,-4,13.8,3.8,0.0,1.8,1,0.0,0.02,0.02,1.88,40,0,73424,0,0,0,1,6,6
Kesler-Hayden,DEF,Coventry City,Arsenal,0,1,177,1,1,0,False,2026-08-21T19:00:00Z,3,0,1,0,0,0,0,0,0,0,0,0,0,0,0,0,0.0,0.0,0.0,0.0,0,0.0,0.0,0.0,0.0,40,0,6032,0,0,0,0,0,0
Bidwell,DEF,Coventry City,Arsenal,0,1,178,1,1,0,False,2026-08-21T19:00:00Z,3,0,1,0,0,0,0,0,0,0,0,0,0,0,0,0,0.0,0.0,0.0,0.0,0,0.0,0.0,0.0,0.0,40,0,7091,0,0,0,0,0,0
Latibeaudiere,DEF,Coventry City,Arsenal,0,1,179,1,1,0,False,2026-08-21T19:00:00Z,3,0,1,0,0,0,0,0,0,0,0,0,0,0,0,0,0.0,0.0,0.0,0.0,0,0.0,0.0,0.0,0.0,40,0,3977,0,0,0,0,0,0
Woolfenden,DEF,Coventry City,Arsenal,0,1,180,1,1,0,False,2026-08-21T19:00:00Z,3,0,1,0,0,0,0,0,0,0,0,0,0,0,0,0,0.0,0.0,0.0,0.0,0,0.0,0.0,0.0,0.0,40,0,16501,0,0,0,0,0,0
Brau,DEF,Coventry City,Arsenal,0,1,181,1,1,0,False,2026-08-21T19:00:00Z,3,0,1,0,0,0,0,0,0,0,0,0,0,0,0,0,0.0,0.0,0.0,0.0,0,0.0,0.0,0.0,0.0,40,0,3736,0,0,0,0,0,0
Amenda,DEF,Coventry City,Arsenal,0,1,182,1,1,1,False,2026-08-21T19:00:00Z,3,0,1,90,0,0,0,3,0,0,0,0,0,0,0,1,28.8,0.8,0.0,3.0,1,0.0,0.01,0.01,1.88,40,0,75420,0,0,0,4,9,9
Rudoni,MID,Coventry City,Arsenal,0,1,183,1,1,1,False,2026-08-21T19:00:00Z,3,0,1,20,0,0,0,0,0,0,0,0,0,0,0,3,5.6,3.8,17.0,2.6,0,0.15,0.0,0.15,0.29,50,0,13002,0,0,1,4,0,5
Grimes,MID,Coventry City,Arsenal,0,1,184,1,1,2,False,2026-08-21T19:00:00Z,3,0,1,90,0,0,0,3,0,0,0,0,0,0,0,14,13.4,3.7,0.0,1.7,1,0.0,0.01,0.01,1.88,50,0,17412,0,0,0,3,4,7
Sakamoto,MID,Coventry City,Arsenal,0,1,185,1,1,0,False,2026-08-21T19:00:00Z,3,0,1,0,0,0,0,0,0,0,0,0,0,0,0,0,0.0,0.0,0.0,0.0,0,0.0,0.0,0.0,0.0,50,0,10294,0,0,0,0,0,0
Mason-Clark,MID,Coventry City,Arsenal,0,1,186,1,1,0,False,2026-08-21T19:00:00Z,3,0,1,0,0,0,0,0,0,0,0,0,0,0,0,0,0.0,0.0,0.0,0.0,0,0.0,0.0,0.0,0.0,55,0,11314,0,0,0,0,0,0
Eccles,MID,Coventry City,Arsenal,0,1,187,1,1,0,False,2026-08-21T19:00:00Z,3,0,1,0,0,0,0,0,0,0,0,0,0,0,0,0,0.0,0.0,0.0,0.0,0,0.0,0.0,0.0,0.0,50,0,1503,0,0,0,0,0,0
Torp,MID,Coventry City,Arsenal,0,1,188,1,1,1,False,2026-08-21T19:00:00Z,3,0,1,28,0,0,0,0,0,0,0,0,0,0,0,8,6.8,16.4,0.0,2.3,0,0.0,0.11,0.11,0.32,55,0,15509,0,0,0,0,1,1
Shepherd,MID,Coventry City,Arsenal,0,1,189,1,1,0,False,2026-08-21T19:00:00Z,3,0,1,0,0,0,0,0,0,0,0,0,0,0,0,0,0.0,0.0,0.0,0.0,0,0.0,0.0,0.0,0.0,45,0,28435,0,0,0,0,0,0
Tchaouna,MID,Coventry City,Arsenal,0,1,190,1,1,2,False,2026-08-21T19:00:00Z,3,0,1,81,0,0,0,3,0,0,0,0,0,0,0,11,1.8,6.0,3.0,1.1,1,0.04,0.02,0.06,1.76,55,0,12321,0,0,0,5,3,8
Borges Rodrigues,MID,Coventry City,Arsenal,0,1,191,1,1,0,False,2026-08-21T19:00:00Z,3,0,1,0,0,0,0,0,0,0,0,0,0,0,0,0,0.0,0.0,0.0,0.0,0,0.0,0.0,0.0,0.0,45,0,16813,0,0,0,0,0,0
Andrews,MID,Coventry City,Arsenal,0,1,192,1,1,0,False,2026-08-21T19:00:00Z,3,0,1,0,0,0,0,0,0,0,0,0,0,0,0,0,0.0,0.0,0.0,0.0,0,0.0,0.0,0.0,0.0,45,0,62690,0,0,0,0,0,0
Wright,FWD,Coventry City,Arsenal,0,1,193,1,1,0,False,2026-08-21T19:00:00Z,3,0,1,0,0,0,0,0,0,0,0,0,0,0,0,0,0.0,0.0,0.0,0.0,0,0.0,0.0,0.0,0.0,55,0,18871,0,0,0,0,0,0
Thomas-Asante,FWD,Coventry City,Arsenal,0,1,194,1,1,2,False,2026-08-21T19:00:00Z,3,0,1,69,0,0,0,3,0,0,0,0,0,0,0,9,4.6,1.1,0.0,0.6,1,0.0,0.02,0.02,1.6,50,0,66198,0,0,0,1,5,6
Simms,FWD,Coventry City,Arsenal,0,1,195,1,1,2,False,2026-08-21T19:00:00Z,3,0,1,69,0,0,0,3,0,0,0,0,0,0,0,7,2.6,12.3,2.0,1.7,1,0.0,0.01,0.01,1.6,50,0,78607,0,0,0,2,1,3
Markelo,FWD,Coventry City,Arsenal,0,1,196,1,1,0,False,2026-08-21T19:00:00Z,3,0,1,0,0,0,0,0,0,0,0,0,0,0,0,0,0.0,0.0,0.0,0.0,0,0.0,0.0,0.0,0.0,50,0,1827,0,0,0,0,0,0
Bassette,FWD,Coventry City,Arsenal,0,1,197,1,1,0,False,2026-08-21T19:00:00Z,3,0,1,0,0,0,0,0,0,0,0,0,0,0,0,0,0.0,0.0,0.0,0.0,0,0.0,0.0,0.0,0.0,45,0,4620,0,0,0,0,0,0
Henderson,GK,Crystal Palace,Everton,0,1,198,3,9,2,False,2026-08-22T14:00:00Z,2,0,1,90,0,0,0,2,0,0,0,0,0,3,0,14,28.2,0.0,0.0,2.8,1,0.0,0.0,0.0,1.12,50,0,171144,0,0,0,13,3,0
Benitez,GK,Crystal Palace,Everton,0,1,199,3,9,0,False,2026-08-22T14:00:00Z,2,0,1,0,0,0,0,0,0,0,0,0,0,0,0,0,0.0,0.0,0.0,0.0,0,0.0,0.0,0.0,0.0,45,0,10987,0,0,0,0,0,0
Lacroix,DEF,Chelsea,Fulham,0,1,200,10,10,6,False,2026-08-24T19:00:00Z,2,3,1,90,0,1,0,2,0,0,0,0,0,0,0,25,44.2,11.2,2.0,5.7,1,0.0,0.2,0.2,1.33,60,0,792478,0,0,5,2,7,12
Muñoz,DEF,Nott'm Forest,Everton,0,1,201,3,9,0,False,2026-08-22T14:00:00Z,2,0,1,54,0,0,0,2,0,0,0,0,0,0,0,-4,1.2,1.8,21.0,2.4,1,0.23,0.01,0.24,0.84,55,0,873015,0,0,1,1,3,4
Richards,DEF,Crystal Palace,Everton,0,1,202,3,9,3,False,2026-08-22T14:00:00Z,2,0,1,90,0,0,0,2,0,0,0,0,0,0,0,13,42.6,0.7,0.0,4.3,1,0.0,0.0,0.0,1.12,50,0,66477,0,0,2,1,14,16
Canvot,DEF,Crystal Palace,Everton,0,1,203,3,9,1,False,2026-08-22T14:00:00Z,2,0,1,90,0,0,0,2,0,0,0,0,0,0,0,9,27.4,5.7,5.0,3.8,1,0.05,0.01,0.06,1.12,50,0,30748,0,0,4,3,4,8
Mitchell,DEF,Crystal Palace,Everton,0,1,204,3,9,1,False,2026-08-22T14:00:00Z,2,0,1,90,0,0,0,2,0,0,0,0,0,0,0,9,11.6,13.8,2.0,2.7,1,0.0,0.01,0.01,1.12,45,0,580791,0,0,2,4,3,5
Sosa,DEF,Crystal Palace,Everton,0,1,205,3,9,0,False,2026-08-22T14:00:00Z,2,0,1,0,0,0,0,0,0,0,0,0,0,0,0,0,0.0,0.0,0.0,0.0,0,0.0,0.0,0.0,0.0,45,0,2785,0,0,0,0,0,0
Chadi Riad,DEF,Crystal Palace,Everton,0,1,206,3,9,1,False,2026-08-22T14:00:00Z,2,0,1,72,0,0,0,2,0,0,0,0,0,0,0,7,12.6,1.3,0.0,1.4,1,0.0,0.01,0.01,0.98,45,0,6521,0,0,1,3,6,7
Mingueza,DEF,Crystal Palace,Everton,0,1,207,3,9,0,False,2026-08-22T14:00:00Z,2,0,1,0,0,0,0,0,0,0,0,0,0,0,0,0,0.0,0.0,0.0,0.0,0,0.0,0.0,0.0,0.0,45,0,7928,0,0,0,0,0,0
Sarr,MID,Crystal Palace,Everton,0,1,208,3,9,0,False,2026-08-22T14:00:00Z,2,0,1,0,0,0,0,0,0,0,0,0,0,0,0,0,0.0,0.0,0.0,0.0,0,0.0,0.0,0.0,0.0,65,0,424225,0,0,0,0,0,0
Johnson,MID,Everton,Crystal Palace,0,1,209,3,8,1,True,2026-08-22T14:00:00Z,2,0,1,6,0,0,0,0,0,0,0,0,0,0,0,3,4.0,0.3,0.0,0.4,0,0.0,0.0,0.0,0.29,60,0,15299,0,0,0,0,2,2
Wharton,MID,Crystal Palace,Everton,0,1,210,3,9,4,False,2026-08-22T14:00:00Z,2,0,1,90,0,0,0,2,0,0,0,0,0,0,0,20,16.8,30.9,0.0,4.8,1,0.0,0.24,0.24,1.12,55,0,75177,0,0,2,8,4,14
Yeremy,MID,Crystal Palace,Everton,0,1,211,3,9,1,False,2026-08-22T14:00:00Z,2,0,1,35,0,0,0,0,0,0,0,0,0,0,0,4,2.0,6.3,6.0,1.4,0,0.06,0.02,0.08,0.27,55,0,18106,0,0,2,3,0,5
Hughes,MID,Crystal Palace,Everton,0,1,212,3,9,0,False,2026-08-22T14:00:00Z,2,0,1,0,0,0,0,0,0,0,0,0,0,0,0,0,0.0,0.0,0.0,0.0,0,0.0,0.0,0.0,0.0,45,0,1093674,0,0,0,0,0,0
Lerma,MID,Crystal Palace,Everton,0,1,213,3,9,0,False,2026-08-22T14:00:00Z,2,0,1,0,0,0,0,0,0,0,0,0,0,0,0,0,0.0,0.0,0.0,0.0,0,0.0,0.0,0.0,0.0,50,0,10665,0,0,0,0,0,0
Kamada,MID,Crystal Palace,Everton,0,1,214,3,9,3,False,2026-08-22T14:00:00Z,2,0,1,90,0,0,0,2,0,0,0,1,0,0,0,25,20.4,29.3,0.0,5.0,1,0.0,0.27,0.27,1.12,50,0,24728,0,0,3,8,3,14
Devenny,MID,Crystal Palace,Everton,0,1,215,3,9,0,False,2026-08-22T14:00:00Z,2,0,1,0,0,0,0,0,0,0,0,0,0,0,0,0,0.0,0.0,0.0,0.0,0,0.0,0.0,0.0,0.0,50,0,1134,0,0,0,0,0,0
Esse,MID,Crystal Palace,Everton,0,1,216,3,9,0,False,2026-08-22T14:00:00Z,2,0,1,0,0,0,0,0,0,0,0,0,0,0,0,0,0.0,0.0,0.0,0.0,0,0.0,0.0,0.0,0.0,50,0,3728,0,0,0,0,0,0
M.França,MID,Crystal Palace,Everton,0,1,217,3,9,0,False,2026-08-22T14:00:00Z,2,0,1,0,0,0,0,0,0,0,0,0,0,0,0,0,0.0,0.0,0.0,0.0,0,0.0,0.0,0.0,0.0,50,0,3157,0,0,0,0,0,0
Doucouré,MID,Crystal Palace,Everton,0,1,218,3,9,0,False,2026-08-22T14:00:00Z,2,0,1,0,0,0,0,0,0,0,0,0,0,0,0,0,0.0,0.0,0.0,0.0,0,0.0,0.0,0.0,0.0,50,0,6199,0,0,0,0,0,0
J.Rak-Sakyi,MID,Crystal Palace,Everton,0,1,219,3,9,0,False,2026-08-22T14:00:00Z,2,0,1,0,0,0,0,0,0,0,0,0,0,0,0,0,0.0,0.0,0.0,0.0,0,0.0,0.0,0.0,0.0,50,0,550,0,0,0,0,0,0
Cardines,DEF,Crystal Palace,Everton,0,1,220,3,9,0,False,2026-08-22T14:00:00Z,2,0,1,0,0,0,0,0,0,0,0,0,0,0,0,0,0.0,0.0,0.0,0.0,0,0.0,0.0,0.0,0.0,45,0,255,0,0,0,0,0,0
Drakes-Thomas,MID,Crystal Palace,Everton,0,1,221,3,9,0,False,2026-08-22T14:00:00Z,2,0,1,0,0,0,0,0,0,0,0,0,0,0,0,0,0.0,0.0,0.0,0.0,0,0.0,0.0,0.0,0.0,45,0,8076,0,0,0,0,0,0
Strand Larsen,FWD,Crystal Palace,Everton,0,1,222,3,9,1,False,2026-08-22T14:00:00Z,2,0,1,27,0,0,0,0,0,0,0,0,0,0,0,3,1.0,3.5,17.0,2.2,0,0.25,0.01,0.26,0.14,60,0,50940,0,0,0,0,0,0
Mateta,FWD,Crystal Palace,Everton,0,1,223,3,9,2,False,2026-08-22T14:00:00Z,2,0,1,62,0,0,0,2,0,0,0,0,0,0,0,-3,1.4,12.3,11.0,2.5,1,0.7,0.02,0.72,0.98,65,0,504100,0,0,2,2,1,5
Nketiah,FWD,Crystal Palace,Everton,0,1,224,3,9,1,False,2026-08-22T14:00:00Z,2,0,1,55,0,0,0,2,0,0,0,0,0,0,0,12,10.4,24.5,23.0,5.8,1,0.6,0.58,1.18,0.84,55,0,43148,0,0,1,1,1,3
Uche,FWD,Crystal Palace,Everton,0,1,225,3,9,0,False,2026-08-22T14:00:00Z,2,0,1,0,0,0,0,0,0,0,0,0,0,0,0,0,0.0,0.0,0.0,0.0,0,0.0,0.0,0.0,0.0,50,0,0,0,0,0,0,0,0
Pickford,GK,Everton,Crystal Palace,0,1,226,3,8,7,True,2026-08-22T14:00:00Z,2,0,1,90,0,0,1,0,0,0,0,0,0,4,0,34,31.8,0.0,0.0,3.2,1,0.0,0.02,0.02,1.96,55,0,698199,0,0,0,12,0,0
Travers,GK,Everton,Crystal Palace,0,1,227,3,8,0,True,2026-08-22T14:00:00Z,2,0,1,0,0,0,0,0,0,0,0,0,0,0,0,0,0.0,0.0,0.0,0.0,0,0.0,0.0,0.0,0.0,50,0,3019,0,0,0,0,0,0
King,GK,Everton,Crystal Palace,0,1,228,3,8,0,True,2026-08-22T14:00:00Z,2,0,1,0,0,0,0,0,0,0,0,0,0,0,0,0,0.0,0.0,0.0,0.0,0,0.0,0.0,0.0,0.0,45,0,3498,0,0,0,0,0,0
Tarkowski,DEF,Everton,Crystal Palace,0,1,229,3,8,6,True,2026-08-22T14:00:00Z,2,0,1,90,0,0,1,0,0,0,0,0,0,0,0,25,15.2,0.8,4.0,2.0,1,0.05,0.0,0.05,1.96,60,0,765229,0,0,1,4,8,9
Branthwaite,DEF,Everton,Crystal Palace,0,1,230,3,8,6,True,2026-08-22T14:00:00Z,2,0,1,90,0,0,1,0,0,0,0,0,0,0,0,27,18.6,0.8,6.0,2.5,1,0.0,0.01,0.01,1.96,55,0,141420,0,0,2,2,6,8
Keane,DEF,Everton,Crystal Palace,0,1,231,3,8,0,True,2026-08-22T14:00:00Z,2,0,1,0,0,0,0,0,0,0,0,0,0,0,0,0,0.0,0.0,0.0,0.0,0,0.0,0.0,0.0,0.0,50,0,151116,0,0,0,0,0,0
O'Brien,DEF,Everton,Crystal Palace,0,1,232,3,8,0,True,2026-08-22T14:00:00Z,2,0,1,0,0,0,0,0,0,0,0,0,0,0,0,0,0.0,0.0,0.0,0.0,0,0.0,0.0,0.0,0.0,50,0,44689,0,0,0,0,0,0
Mykolenko,DEF,Everton,Crystal Palace,0,1,233,3,8,6,True,2026-08-22T14:00:00Z,2,0,1,90,0,0,1,0,0,0,0,0,0,0,0,27,12.8,13.8,2.0,2.9,1,0.0,0.05,0.05,1.96,45,0,134687,0,0,0,4,4,4
Patterson,DEF,Everton,Crystal Palace,0,1,234,3,8,0,True,2026-08-22T14:00:00Z,2,0,1,0,0,0,0,0,0,0,0,0,0,0,0,0,0.0,0.0,0.0,0.0,0,0.0,0.0,0.0,0.0,45,0,2948,0,0,0,0,0,0
Aznou,DEF,Everton,Crystal Palace,0,1,235,3,8,0,True,2026-08-22T14:00:00Z,2,0,1,0,0,0,0,0,0,0,0,0,0,0,0,0,0.0,0.0,0.0,0.0,0,0.0,0.0,0.0,0.0,40,0,16732,0,0,0,0,0,0
Dewsbury-Hall,MID,Everton,Crystal Palace,0,1,236,3,8,11,True,2026-08-22T14:00:00Z,2,0,1,90,1,0,1,0,0,0,0,0,0,0,3,40,42.8,28.3,27.0,9.8,1,0.12,0.17,0.29,1.92,65,0,288693,0,0,2,5,1,8
Ndiaye,MID,Man City,Crystal Palace,0,1,237,3,8,9,True,2026-08-22T14:00:00Z,2,0,1,90,0,1,1,0,0,0,0,0,0,0,1,36,40.8,39.8,48.0,12.9,1,0.24,0.32,0.56,1.96,60,0,1434152,0,0,4,8,0,12
Grealish,MID,Everton,Bournemouth,0,1,238,8,3,1,True,2026-08-23T13:00:00Z,2,1,1,8,0,0,0,0,0,0,0,0,0,0,0,2,1.0,0.6,0.0,0.2,0,0.0,0.0,0.0,0.0,65,0,16005,0,0,1,0,0,1
Garner,MID,Everton,Crystal Palace,0,1,239,3,8,1,True,2026-08-22T14:00:00Z,2,0,1,11,0,0,0,0,0,0,0,0,0,0,0,6,4.8,11.8,2.0,1.9,0,0.0,0.03,0.03,0.34,60,0,11659,0,0,1,0,0,1
Iroegbunam,MID,Hull City,Crystal Palace,0,1,240,3,8,0,True,2026-08-22T14:00:00Z,2,0,1,0,0,0,0,0,0,0,0,0,0,0,0,0,0.0,0.0,0.0,0.0,0,0.0,0.0,0.0,0.0,50,0,1417,0,0,0,0,0,0
McNeil,MID,Crystal Palace,Everton,0,1,241,3,9,2,False,2026-08-22T14:00:00Z,2,0,1,62,0,0,0,2,0,0,0,0,0,0,0,11,9.6,4.7,2.0,1.6,1,0.05,0.02,0.07,0.98,55,0,15735,0,0,0,2,3,5
George,MID,Everton,Crystal Palace,0,1,242,3,8,3,True,2026-08-22T14:00:00Z,2,0,1,83,0,0,1,0,0,0,0,0,0,0,0,13,7.0,23.4,25.0,5.5,1,0.18,0.08,0.26,1.67,55,0,24527,0,0,0,4,3,7
Alcaraz,MID,Everton,Crystal Palace,0,1,243,3,8,1,True,2026-08-22T14:00:00Z,2,0,1,1,0,0,0,0,0,0,0,0,0,0,0,7,5.0,0.3,17.0,2.2,0,0.02,0.0,0.02,0.04,50,0,8329,0,0,1,2,0,3
Armstrong,MID,Everton,Crystal Palace,0,1,244,3,8,8,True,2026-08-22T14:00:00Z,2,0,1,90,0,1,1,0,0,0,0,0,0,0,0,25,28.8,14.7,4.0,4.8,1,0.0,0.04,0.04,1.96,50,0,6793,0,0,2,11,3,16
Dibling,MID,Everton,Crystal Palace,0,1,245,3,8,0,True,2026-08-22T14:00:00Z,2,0,1,0,0,0,0,0,0,0,0,0,0,0,0,0,0.0,0.0,0.0,0.0,0,0.0,0.0,0.0,0.0,55,0,3592,0,0,0,0,0,0
Röhl,MID,Everton,Crystal Palace,0,1,246,3,8,3,True,2026-08-22T14:00:00Z,2,0,1,90,0,0,1,0,0,0,0,0,0,0,0,12,13.8,13.0,2.0,2.9,1,0.0,0.06,0.06,1.96,50,0,5179,0,0,2,5,2,9
Hackney,MID,Everton,Crystal Palace,0,1,247,3,8,3,True,2026-08-22T14:00:00Z,2,0,1,78,0,0,1,0,0,0,0,0,0,0,0,16,8.6,12.2,5.0,2.6,1,0.01,0.01,0.02,1.62,55,0,24410,0,0,2,4,1,7
Beto,FWD,Everton,Crystal Palace,0,1,248,3,8,1,True,2026-08-22T14:00:00Z,2,0,1,11,0,0,0,0,0,0,0,0,0,0,0,3,0.0,0.0,2.0,0.2,0,0.05,0.0,0.05,0.34,55,0,249740,0,0,0,0,0,0
Barry,FWD,Everton,Crystal Palace,0,1,249,3,8,8,True,2026-08-22T14:00:00Z,2,0,1,78,1,0,1,0,0,0,0,0,0,0,2,37,38.0,19.0,41.0,9.8,1,0.45,0.09,0.54,1.62,55,0,117327,0,0,1,2,0,3
Leno,GK,Fulham,Chelsea,0,1,250,10,6,2,True,2026-08-24T19:00:00Z,2,3,1,90,0,0,0,3,0,0,0,0,0,3,0,11,29.6,0.0,0.0,3.0,1,0.0,0.0,0.0,2.24,45,0,272035,0,0,0,9,1,0
Lecomte,GK,Fulham,Chelsea,0,1,251,10,6,0,True,2026-08-24T19:00:00Z,2,3,1,0,0,0,0,0,0,0,0,0,0,0,0,0,0.0,0.0,0.0,0.0,0,0.0,0.0,0.0,0.0,40,0,107540,0,0,0,0,0,0
McNally,GK,Fulham,Chelsea,0,1,252,10,6,0,True,2026-08-24T19:00:00Z,2,3,1,0,0,0,0,0,0,0,0,0,0,0,0,0,0.0,0.0,0.0,0.0,0,0.0,0.0,0.0,0.0,40,0,13569,0,0,0,0,0,0
Andersen,DEF,Fulham,Chelsea,0,1,253,10,6,0,True,2026-08-24T19:00:00Z,2,3,1,0,0,0,0,0,0,0,0,0,0,0,0,0,0.0,0.0,0.0,0.0,0,0.0,0.0,0.0,0.0,50,0,3342,0,0,0,0,0,0
Robinson,DEF,Fulham,Chelsea,0,1,254,10,6,1,True,2026-08-24T19:00:00Z,2,3,1,81,0,0,0,3,0,0,0,0,0,0,0,4,21.6,25.2,3.0,5.0,1,0.13,0.04,0.17,2.21,45,0,148513,0,0,3,5,4,7
J.Cuenca,DEF,Fulham,Chelsea,0,1,255,10,6,3,True,2026-08-24T19:00:00Z,2,3,1,90,0,0,0,3,0,0,0,0,0,0,0,7,32.8,21.3,0.0,5.4,1,0.0,0.03,0.03,2.24,45,0,1787,0,0,1,3,9,10
Tete,DEF,Fulham,Chelsea,0,1,256,10,6,0,True,2026-08-24T19:00:00Z,2,3,1,0,0,0,0,0,0,0,0,0,0,0,0,0,0.0,0.0,0.0,0.0,0,0.0,0.0,0.0,0.0,45,0,24681,0,0,0,0,0,0
Bassey,DEF,Fulham,Chelsea,0,1,257,10,6,0,True,2026-08-24T19:00:00Z,2,3,1,90,0,0,0,3,0,0,0,1,0,0,0,1,13.8,3.8,2.0,2.0,1,0.02,0.02,0.04,2.24,45,0,64737,0,0,1,4,3,4
Castagne,DEF,Fulham,Chelsea,0,1,258,10,6,6,True,2026-08-24T19:00:00Z,2,3,1,90,0,2,0,3,0,0,0,1,0,0,0,21,38.0,27.8,23.0,8.9,1,0.09,0.18,0.27,2.24,45,0,26346,0,0,1,4,5,6
Diop,DEF,Ipswich Town,Sunderland,0,1,259,5,20,2,True,2026-08-22T14:00:00Z,2,1,1,90,0,0,0,1,0,0,0,0,0,0,0,7,7.2,0.8,2.0,1.0,1,0.0,0.01,0.01,0.66,40,0,1668644,0,0,1,6,4,5
Wilson,MID,Leeds,Nott'm Forest,0,1,260,6,18,3,False,2026-08-22T14:00:00Z,0,1,1,65,0,0,1,0,0,0,0,0,0,0,0,8,6.2,15.3,4.0,2.6,1,0.0,0.02,0.02,0.53,65,0,577649,0,0,2,0,0,2
Iwobi,MID,Fulham,Chelsea,0,1,261,10,6,2,True,2026-08-24T19:00:00Z,2,3,1,90,0,0,0,3,0,0,0,0,0,0,0,17,12.4,11.3,0.0,2.4,1,0.0,0.04,0.04,2.24,55,0,88413,0,0,1,6,3,10
Smith Rowe,MID,Fulham,Chelsea,0,1,262,10,6,0,True,2026-08-24T19:00:00Z,2,3,1,0,0,0,0,0,0,0,0,0,0,0,0,0,0.0,0.0,0.0,0.0,0,0.0,0.0,0.0,0.0,55,0,35036,0,0,0,0,0,0
Kevin,MID,Fulham,Chelsea,0,1,263,10,6,1,True,2026-08-24T19:00:00Z,2,3,1,17,0,0,0,0,0,0,0,0,0,0,0,2,5.2,1.9,0.0,0.7,0,0.0,0.01,0.01,0.03,55,0,5144,0,0,2,1,0,3
Bobb,MID,Fulham,Chelsea,0,1,264,10,6,2,True,2026-08-24T19:00:00Z,2,3,1,66,0,0,0,3,0,0,0,0,0,0,0,10,9.8,13.8,6.0,3.0,1,0.0,0.26,0.26,2.21,55,0,26829,0,0,3,2,1,6
Berge,MID,Fulham,Chelsea,0,1,265,10,6,2,True,2026-08-24T19:00:00Z,2,3,1,72,0,0,0,3,0,0,0,0,0,0,0,14,13.6,23.1,7.0,4.4,1,0.03,0.03,0.06,2.21,50,0,38470,0,0,1,2,1,4
Cairney,MID,Fulham,Chelsea,0,1,266,10,6,0,True,2026-08-24T19:00:00Z,2,3,1,0,0,0,0,0,0,0,0,0,0,0,0,0,0.0,0.0,0.0,0.0,0,0.0,0.0,0.0,0.0,50,0,464,0,0,0,0,0,0
Lukić,MID,Ipswich Town,Sunderland,0,1,267,5,20,5,True,2026-08-22T14:00:00Z,2,1,1,90,0,1,0,1,0,0,0,0,0,0,0,22,23.4,14.8,2.0,4.0,1,0.0,0.02,0.02,0.66,50,0,10816,0,0,1,3,2,6
King,MID,Fulham,Chelsea,0,1,268,10,6,7,True,2026-08-24T19:00:00Z,2,3,1,90,1,0,0,3,0,0,0,0,0,0,0,34,41.6,15.6,41.0,9.8,1,0.17,0.04,0.21,2.24,55,0,14215,0,0,2,4,2,8
Sessegnon,DEF,Fulham,Chelsea,0,1,269,10,6,1,True,2026-08-24T19:00:00Z,2,3,1,17,0,0,0,0,0,0,0,0,0,0,0,7,6.6,0.5,19.0,2.6,0,0.03,0.0,0.03,0.03,45,0,39784,0,0,0,1,1,1
Reed,MID,Fulham,Chelsea,0,1,270,10,6,0,True,2026-08-24T19:00:00Z,2,3,1,0,0,0,0,0,0,0,0,0,0,0,0,0,0.0,0.0,0.0,0.0,0,0.0,0.0,0.0,0.0,45,0,139875,0,0,0,0,0,0
Muniz,FWD,Fulham,Chelsea,0,1,271,10,6,1,True,2026-08-24T19:00:00Z,2,3,1,8,0,0,0,0,0,0,0,0,0,0,0,6,6.0,11.5,7.0,2.5,0,0.02,0.0,0.02,0.03,55,0,52452,0,0,0,0,1,1
Kusi-Asare,FWD,Fulham,Chelsea,0,1,272,10,6,0,True,2026-08-24T19:00:00Z,2,3,1,0,0,0,0,0,0,0,0,0,0,0,0,0,0.0,0.0,0.0,0.0,0,0.0,0.0,0.0,0.0,45,0,669004,0,0,0,0,0,0
Phillips,GK,Hull City,Man Utd,0,1,273,4,16,0,True,2026-08-22T11:30:00Z,2,0,1,0,0,0,0,0,0,0,0,0,0,0,0,0,0.0,0.0,0.0,0.0,0,0.0,0.0,0.0,0.0,40,0,138196,0,0,0,0,0,0
Butland,GK,Hull City,Man Utd,0,1,274,4,16,0,True,2026-08-22T11:30:00Z,2,0,1,0,0,0,0,0,0,0,0,0,0,0,0,0,0.0,0.0,0.0,0.0,0,0.0,0.0,0.0,0.0,45,0,11096,0,0,0,0,0,0
Cartwright,GK,Hull City,Man Utd,0,1,275,4,16,0,True,2026-08-22T11:30:00Z,2,0,1,0,0,0,0,0,0,0,0,0,0,0,0,0,0.0,0.0,0.0,0.0,0,0.0,0.0,0.0,0.0,40,0,1022,0,0,0,0,0,0
Lo-Tutala,GK,Hull City,Man Utd,0,1,276,4,16,0,True,2026-08-22T11:30:00Z,2,0,1,0,0,0,0,0,0,0,0,0,0,0,0,0,0.0,0.0,0.0,0.0,0,0.0,0.0,0.0,0.0,40,0,3519,0,0,0,0,0,0
Egan,DEF,Hull City,Man Utd,0,1,277,4,16,8,True,2026-08-22T11:30:00Z,2,0,1,90,0,0,1,0,0,0,0,0,0,0,0,27,43.4,0.1,2.0,4.6,1,0.0,0.0,0.0,1.83,40,0,134746,0,0,1,3,20,21
Hughes,DEF,Hull City,Man Utd,0,1,278,4,16,0,True,2026-08-22T11:30:00Z,2,0,1,0,0,0,0,0,0,0,0,0,0,0,0,0,0.0,0.0,0.0,0.0,0,0.0,0.0,0.0,0.0,40,0,12660,0,0,0,0,0,0
Ajayi,DEF,Hull City,Man Utd,0,1,279,4,16,14,True,2026-08-22T11:30:00Z,2,0,1,63,1,0,1,0,0,0,0,0,0,0,2,39,44.2,0.2,35.0,7.9,1,0.52,0.0,0.52,0.86,40,0,83256,0,0,0,3,7,7
Coyle,DEF,Hull City,Man Utd,0,1,280,4,16,6,True,2026-08-22T11:30:00Z,2,0,1,69,0,0,1,0,0,0,0,0,0,0,0,23,5.8,11.3,0.0,1.7,1,0.0,0.01,0.01,1.16,40,0,59278,0,0,1,3,1,2
Drameh,DEF,Hull City,Man Utd,0,1,281,4,16,1,True,2026-08-22T11:30:00Z,2,0,1,20,0,0,0,0,0,0,0,0,0,0,0,4,2.2,0.0,1.0,0.3,0,0.05,0.0,0.05,0.67,40,0,1668,0,0,1,2,2,3
Giles,DEF,Hull City,Man Utd,0,1,282,4,16,6,True,2026-08-22T11:30:00Z,2,0,1,84,0,0,1,0,0,0,0,0,0,0,0,24,13.8,18.8,4.0,3.7,1,0.02,0.07,0.09,1.76,40,0,67208,0,0,1,1,5,6
Jacob,DEF,Hull City,Man Utd,0,1,283,4,16,0,True,2026-08-22T11:30:00Z,2,0,1,0,0,0,0,0,0,0,0,0,0,0,0,0,0.0,0.0,0.0,0.0,0,0.0,0.0,0.0,0.0,40,0,1251,0,0,0,0,0,0
McCarthy,DEF,Hull City,Man Utd,0,1,284,4,16,0,True,2026-08-22T11:30:00Z,2,0,1,0,0,0,0,0,0,0,0,0,0,0,0,0,0.0,0.0,0.0,0.0,0,0.0,0.0,0.0,0.0,40,0,7616,0,0,0,0,0,0
McNair,DEF,Hull City,Man Utd,0,1,285,4,16,1,True,2026-08-22T11:30:00Z,2,0,1,26,0,0,0,0,0,0,0,0,0,0,0,3,4.2,0.0,0.0,0.4,0,0.0,0.0,0.0,0.96,40,0,8697,0,0,0,1,2,2
Belloumi,MID,Hull City,Man Utd,0,1,286,4,16,3,True,2026-08-22T11:30:00Z,2,0,1,90,0,0,1,0,0,0,0,0,0,0,0,8,10.6,2.2,7.0,2.0,1,0.05,0.03,0.08,1.83,50,0,40446,0,0,4,3,3,10
Millar,MID,Hull City,Man Utd,0,1,287,4,16,0,True,2026-08-22T11:30:00Z,2,0,1,19,0,0,0,0,0,0,0,1,0,0,0,2,2.0,0.3,2.0,0.4,0,0.0,0.0,0.0,0.67,50,0,6086,0,0,1,1,1,3
Dowell,MID,Hull City,Man Utd,0,1,288,4,16,0,True,2026-08-22T11:30:00Z,2,0,1,0,0,0,0,0,0,0,0,0,0,0,0,0,0.0,0.0,0.0,0.0,0,0.0,0.0,0.0,0.0,45,0,35457,0,0,0,0,0,0
Crooks,MID,Hull City,Man Utd,0,1,289,4,16,2,True,2026-08-22T11:30:00Z,2,0,1,90,0,0,1,0,0,0,0,1,0,0,0,9,19.0,2.4,0.0,2.1,1,0.0,0.0,0.0,1.83,45,0,57929,0,0,4,1,4,9
Slater,MID,Hull City,Man Utd,0,1,290,4,16,6,True,2026-08-22T11:30:00Z,2,0,1,90,0,1,1,0,0,0,0,0,0,0,0,20,18.4,19.3,0.0,3.8,1,0.0,0.44,0.44,1.83,45,0,272889,0,0,1,2,0,3
Matazo,MID,Hull City,Man Utd,0,1,291,4,16,0,True,2026-08-22T11:30:00Z,2,0,1,0,0,0,0,0,0,0,0,0,0,0,0,0,0.0,0.0,0.0,0.0,0,0.0,0.0,0.0,0.0,45,0,600,0,0,0,0,0,0
Ömür,MID,Hull City,Man Utd,0,1,292,4,16,0,True,2026-08-22T11:30:00Z,2,0,1,0,0,0,0,0,0,0,0,0,0,0,0,0,0.0,0.0,0.0,0.0,0,0.0,0.0,0.0,0.0,50,0,1546,0,0,0,0,0,0
Kamara,MID,Hull City,Man Utd,0,1,293,4,16,0,True,2026-08-22T11:30:00Z,2,0,1,0,0,0,0,0,0,0,0,0,0,0,0,0,0.0,0.0,0.0,0.0,0,0.0,0.0,0.0,0.0,50,0,555,0,0,0,0,0,0
Zambrano,MID,Hull City,Man Utd,0,1,294,4,16,0,True,2026-08-22T11:30:00Z,2,0,1,0,0,0,0,0,0,0,0,0,0,0,0,0,0.0,0.0,0.0,0.0,0,0.0,0.0,0.0,0.0,45,0,10995,0,0,0,0,0,0
McBurnie,FWD,Hull City,Man Utd,0,1,295,4,16,5,True,2026-08-22T11:30:00Z,2,0,1,90,0,1,1,0,0,0,0,0,0,0,0,21,17.2,21.1,52.0,9.0,1,0.16,0.01,0.17,1.83,55,0,113765,0,0,0,2,3,5
Akintola,MID,Hull City,Man Utd,0,1,296,4,16,0,True,2026-08-22T11:30:00Z,2,0,1,0,0,0,0,0,0,0,0,0,0,0,0,0,0.0,0.0,0.0,0.0,0,0.0,0.0,0.0,0.0,50,0,3400,0,0,0,0,0,0
Gyabi,MID,Hull City,Man Utd,0,1,297,4,16,0,True,2026-08-22T11:30:00Z,2,0,1,0,0,0,0,0,0,0,0,0,0,0,0,0,0.0,0.0,0.0,0.0,0,0.0,0.0,0.0,0.0,45,0,2774,0,0,0,0,0,0
Destan,FWD,Hull City,Man Utd,0,1,298,4,16,0,True,2026-08-22T11:30:00Z,2,0,1,0,0,0,0,0,0,0,0,0,0,0,0,0,0.0,0.0,0.0,0.0,0,0.0,0.0,0.0,0.0,45,0,40958,0,0,0,0,0,0
Burstow,FWD,Hull City,Man Utd,0,1,299,4,16,0,True,2026-08-22T11:30:00Z,2,0,1,0,0,0,0,0,0,0,0,0,0,0,0,0,0.0,0.0,0.0,0.0,0,0.0,0.0,0.0,0.0,45,0,6401,0,0,0,0,0,0
Walton,GK,Ipswich Town,Sunderland,0,1,300,5,20,0,True,2026-08-22T14:00:00Z,2,1,1,0,0,0,0,0,0,0,0,0,0,0,0,0,0.0,0.0,0.0,0.0,0,0.0,0.0,0.0,0.0,45,0,47085,0,0,0,0,0,0
Palmer,GK,Ipswich Town,Sunderland,0,1,301,5,20,0,True,2026-08-22T14:00:00Z,2,1,1,0,0,0,0,0,0,0,0,0,0,0,0,0,0.0,0.0,0.0,0.0,0,0.0,0.0,0.0,0.0,40,0,426453,0,0,0,0,0,0
Button,GK,Ipswich Town,Sunderland,0,1,302,5,20,0,True,2026-08-22T14:00:00Z,2,1,1,0,0,0,0,0,0,0,0,0,0,0,0,0,0.0,0.0,0.0,0.0,0,0.0,0.0,0.0,0.0,40,0,40566,0,0,0,0,0,0
Kipré,DEF,Ipswich Town,Sunderland,0,1,303,5,20,0,True,2026-08-22T14:00:00Z,2,1,1,0,0,0,0,0,0,0,0,0,0,0,0,0,0.0,0.0,0.0,0.0,0,0.0,0.0,0.0,0.0,40,0,57775,0,0,0,0,0,0
O'Shea,DEF,Ipswich Town,Sunderland,0,1,304,5,20,4,True,2026-08-22T14:00:00Z,2,1,1,90,0,0,0,1,0,0,0,0,0,0,0,16,48.0,24.5,2.0,7.5,1,0.0,0.16,0.16,0.66,40,0,313565,0,0,2,6,16,18
Davis,DEF,Ipswich Town,Sunderland,0,1,305,5,20,2,True,2026-08-22T14:00:00Z,2,1,1,90,0,0,0,1,0,0,0,0,0,0,0,10,15.2,2.3,0.0,1.8,1,0.0,0.01,0.01,0.66,40,0,479363,0,0,0,4,7,7
Greaves,DEF,Ipswich Town,Sunderland,0,1,306,5,20,2,True,2026-08-22T14:00:00Z,2,1,1,90,0,0,0,1,0,0,0,0,0,0,0,12,16.4,1.3,0.0,1.8,1,0.0,0.0,0.0,0.66,40,0,134129,0,0,3,1,4,7
Johnson,DEF,Ipswich Town,Sunderland,0,1,307,5,20,0,True,2026-08-22T14:00:00Z,2,1,1,0,0,0,0,0,0,0,0,0,0,0,0,0,0.0,0.0,0.0,0.0,0,0.0,0.0,0.0,0.0,40,0,10016,0,0,0,0,0,0
Furlong,DEF,Ipswich Town,Sunderland,0,1,308,5,20,0,True,2026-08-22T14:00:00Z,2,1,1,0,0,0,0,0,0,0,0,0,0,0,0,0,0.0,0.0,0.0,0.0,0,0.0,0.0,0.0,0.0,40,0,56130,0,0,0,0,0,0
Núñez,MID,Ipswich Town,Sunderland,0,1,309,5,20,4,True,2026-08-22T14:00:00Z,2,1,1,79,0,0,0,1,0,0,0,0,0,0,0,26,13.0,7.3,4.0,2.4,1,0.03,0.03,0.06,0.63,50,0,11544,0,0,2,6,4,12
Matusiwa,MID,Ipswich Town,Sunderland,0,1,310,5,20,0,True,2026-08-22T14:00:00Z,2,1,1,0,0,0,0,0,0,0,0,0,0,0,0,0,0.0,0.0,0.0,0.0,0,0.0,0.0,0.0,0.0,50,0,430,0,0,0,0,0,0
Burns,MID,Ipswich Town,Sunderland,0,1,311,5,20,0,True,2026-08-22T14:00:00Z,2,1,1,0,0,0,0,0,0,0,0,0,0,0,0,0,0.0,0.0,0.0,0.0,0,0.0,0.0,0.0,0.0,50,0,562,0,0,0,0,0,0
Taylor,MID,Ipswich Town,Sunderland,0,1,312,5,20,0,True,2026-08-22T14:00:00Z,2,1,1,0,0,0,0,0,0,0,0,0,0,0,0,0,0.0,0.0,0.0,0.0,0,0.0,0.0,0.0,0.0,45,0,4505,0,0,0,0,0,0
Clarke,MID,Ipswich Town,Sunderland,0,1,313,5,20,7,True,2026-08-22T14:00:00Z,2,1,1,19,1,0,0,0,0,0,0,0,0,0,1,27,33.6,0.6,18.0,5.2,0,0.1,0.0,0.1,0.03,55,0,24135,0,0,1,1,0,2
Ogbene,MID,Ipswich Town,Sunderland,0,1,314,5,20,0,True,2026-08-22T14:00:00Z,2,1,1,0,0,0,0,0,0,0,0,0,0,0,0,0,0.0,0.0,0.0,0.0,0,0.0,0.0,0.0,0.0,50,0,1539,0,0,0,0,0,0
Fatawu,MID,Ipswich Town,Sunderland,0,1,315,5,20,2,True,2026-08-22T14:00:00Z,2,1,1,65,0,0,0,1,0,0,0,0,0,0,0,22,18.6,28.4,8.0,5.5,1,0.0,0.41,0.41,0.63,55,0,21235,0,0,4,2,1,7
Emersonn,FWD,Ipswich Town,Sunderland,0,1,316,5,20,9,True,2026-08-22T14:00:00Z,2,1,1,65,1,0,0,1,0,0,0,0,0,0,3,41,45.6,26.3,40.0,11.2,1,0.82,0.06,0.88,0.63,55,0,33590,0,0,1,1,1,3
Hirst,FWD,Ipswich Town,Sunderland,0,1,317,5,20,0,True,2026-08-22T14:00:00Z,2,1,1,0,0,0,0,0,0,0,0,0,0,0,0,0,0.0,0.0,0.0,0.0,0,0.0,0.0,0.0,0.0,50,0,25160,0,0,0,0,0,0
Philogene,MID,Ipswich Town,Sunderland,0,1,318,5,20,0,True,2026-08-22T14:00:00Z,2,1,1,0,0,0,0,0,0,0,0,0,0,0,0,0,0.0,0.0,0.0,0.0,0,0.0,0.0,0.0,0.0,55,0,14821,0,0,0,0,0,0
Szmodics,MID,Ipswich Town,Sunderland,0,1,319,5,20,0,True,2026-08-22T14:00:00Z,2,1,1,0,0,0,0,0,0,0,0,0,0,0,0,0,0.0,0.0,0.0,0.0,0,0.0,0.0,0.0,0.0,50,0,1030,0,0,0,0,0,0
Akpom,FWD,Ipswich Town,Sunderland,0,1,320,5,20,1,True,2026-08-22T14:00:00Z,2,1,1,24,0,0,0,0,0,0,0,0,0,0,0,3,1.4,0.0,2.0,0.3,0,0.0,0.0,0.0,0.03,50,0,47871,0,0,1,2,0,3
Walle Egeli,FWD,Ipswich Town,Sunderland,0,1,321,5,20,1,True,2026-08-22T14:00:00Z,2,1,1,10,0,0,0,0,0,0,0,0,0,0,0,3,0.0,0.1,0.0,0.0,0,0.0,0.0,0.0,0.03,45,0,199675,0,0,0,0,0,0
Al-Hamadi,FWD,Ipswich Town,Sunderland,0,1,322,5,20,0,True,2026-08-22T14:00:00Z,2,1,1,0,0,0,0,0,0,0,0,0,0,0,0,0,0.0,0.0,0.0,0.0,0,0.0,0.0,0.0,0.0,50,0,13332,0,0,0,0,0,0
McAteer,MID,Ipswich Town,Sunderland,0,1,323,5,20,1,True,2026-08-22T14:00:00Z,2,1,1,24,0,0,0,0,0,0,0,0,0,0,0,4,1.2,1.3,0.0,0.3,0,0.0,0.0,0.0,0.03,45,0,130440,0,0,1,2,0,3
Mehmeti,MID,Ipswich Town,Sunderland,0,1,324,5,20,0,True,2026-08-22T14:00:00Z,2,1,1,0,0,0,0,0,0,0,0,0,0,0,0,0,0.0,0.0,0.0,0.0,0,0.0,0.0,0.0,0.0,50,0,4850,0,0,0,0,0,0
Darlow,GK,Man Utd,Hull City,0,1,325,4,11,0,False,2026-08-22T11:30:00Z,2,0,1,0,0,0,0,0,0,0,0,0,0,0,0,0,0.0,0.0,0.0,0.0,0,0.0,0.0,0.0,0.0,45,0,3043,0,0,0,0,0,0
Perri,GK,Leeds,Nott'm Forest,0,1,326,6,18,0,False,2026-08-22T14:00:00Z,0,1,1,0,0,0,0,0,0,0,0,0,0,0,0,0,0.0,0.0,0.0,0.0,0,0.0,0.0,0.0,0.0,45,0,52897,0,0,0,0,0,0
Bijol,DEF,Leeds,Nott'm Forest,0,1,327,6,18,10,False,2026-08-22T14:00:00Z,0,1,1,90,0,0,1,0,0,0,0,0,0,0,2,28,23.6,0.4,15.0,3.9,1,0.11,0.0,0.11,0.66,50,0,27043,0,0,1,5,11,12
Struijk,DEF,Brighton,Aston Villa,0,1,328,7,2,0,True,2026-08-23T13:00:00Z,4,0,1,0,0,0,0,0,0,0,0,0,0,0,0,0,0.0,0.0,0.0,0.0,0,0.0,0.0,0.0,0.0,50,0,19933,0,0,0,0,0,0
Rodon,DEF,Leeds,Nott'm Forest,0,1,329,6,18,6,False,2026-08-22T14:00:00Z,0,1,1,90,0,0,1,0,0,0,0,0,0,0,0,21,14.4,14.4,5.0,3.4,1,0.03,0.06,0.09,0.66,45,0,330772,0,0,1,1,6,7
Bogle,DEF,Leeds,Nott'm Forest,0,1,330,6,18,6,False,2026-08-22T14:00:00Z,0,1,1,90,0,0,1,0,0,0,0,0,0,0,0,24,7.0,1.1,0.0,0.8,1,0.0,0.0,0.0,0.66,45,0,45674,0,0,1,3,2,3
Gudmundsson,DEF,Leeds,Nott'm Forest,0,1,331,6,18,0,False,2026-08-22T14:00:00Z,0,1,1,0,0,0,0,0,0,0,0,0,0,0,0,0,0.0,0.0,0.0,0.0,0,0.0,0.0,0.0,0.0,45,0,5099,0,0,0,0,0,0
Justin,DEF,Leeds,Nott'm Forest,0,1,332,6,18,10,False,2026-08-22T14:00:00Z,0,1,1,90,0,0,1,0,0,0,0,0,0,0,2,28,24.6,2.3,2.0,2.9,1,0.0,0.01,0.01,0.66,45,0,52732,0,0,6,4,6,12
Bornauw,DEF,Leeds,Nott'm Forest,0,1,333,6,18,0,False,2026-08-22T14:00:00Z,0,1,1,0,0,0,0,0,0,0,0,0,0,0,0,0,0.0,0.0,0.0,0.0,0,0.0,0.0,0.0,0.0,45,0,512,0,0,0,0,0,0
Muharemović,DEF,Leeds,Nott'm Forest,0,1,334,6,18,6,False,2026-08-22T14:00:00Z,0,1,1,90,0,0,1,0,0,0,0,0,0,0,0,25,15.6,0.6,17.0,3.3,1,0.09,0.0,0.09,0.66,50,0,306283,0,0,0,1,7,7
Stach,MID,Leeds,Nott'm Forest,0,1,335,6,18,13,False,2026-08-22T14:00:00Z,0,1,1,90,1,0,1,0,0,0,0,0,0,0,3,37,47.8,2.3,16.0,6.6,1,0.1,0.05,0.15,0.66,60,0,80326,0,0,3,5,8,16
Okafor,MID,Leeds,Nott'm Forest,0,1,336,6,18,1,False,2026-08-22T14:00:00Z,0,1,1,24,0,0,0,0,0,0,0,0,0,0,0,10,10.0,14.0,4.0,2.8,0,0.0,0.16,0.16,0.13,60,0,45369,0,0,2,2,1,5
Aaronson,MID,Leeds,Nott'm Forest,0,1,337,6,18,3,False,2026-08-22T14:00:00Z,0,1,1,81,0,0,1,0,0,0,0,0,0,0,0,16,8.0,1.1,7.0,1.6,1,0.01,0.01,0.02,0.58,55,0,87156,0,0,1,6,0,7
Ampadu,MID,Leeds,Nott'm Forest,0,1,338,6,18,5,False,2026-08-22T14:00:00Z,0,1,1,90,0,0,1,0,0,0,0,0,0,0,0,18,18.6,23.3,0.0,4.2,1,0.0,0.04,0.04,0.66,55,0,132659,0,0,2,5,6,13
Longstaff,MID,Leeds,Nott'm Forest,0,1,339,6,18,1,False,2026-08-22T14:00:00Z,0,1,1,8,0,0,0,0,0,0,0,0,0,0,0,3,0.0,0.2,0.0,0.0,0,0.0,0.0,0.0,0.07,50,0,12582,0,0,0,0,0,0
Gelhardt,MID,Hull City,Man Utd,0,1,340,4,16,0,True,2026-08-22T11:30:00Z,2,0,1,0,0,0,0,0,0,0,0,0,0,0,0,0,0.0,0.0,0.0,0.0,0,0.0,0.0,0.0,0.0,50,0,1365,0,0,0,0,0,0
Gnonto,MID,Leeds,Nott'm Forest,0,1,341,6,18,0,False,2026-08-22T14:00:00Z,0,1,1,0,0,0,0,0,0,0,0,0,0,0,0,0,0.0,0.0,0.0,0.0,0,0.0,0.0,0.0,0.0,50,0,2172,0,0,0,0,0,0
Harrison,MID,Leeds,Nott'm Forest,0,1,342,6,18,0,False,2026-08-22T14:00:00Z,0,1,1,0,0,0,0,0,0,0,0,0,0,0,0,0,0.0,0.0,0.0,0.0,0,0.0,0.0,0.0,0.0,50,0,135,0,0,0,0,0,0
James,MID,Leeds,Nott'm Forest,0,1,343,6,18,0,False,2026-08-22T14:00:00Z,0,1,1,0,0,0,0,0,0,0,0,0,0,0,0,0,0.0,0.0,0.0,0.0,0,0.0,0.0,0.0,0.0,50,0,11272,0,0,0,0,0,0
Gruev,MID,Leeds,Nott'm Forest,0,1,344,6,18,0,False,2026-08-22T14:00:00Z,0,1,1,0,0,0,0,0,0,0,0,0,0,0,0,0,0.0,0.0,0.0,0.0,0,0.0,0.0,0.0,0.0,50,0,461,0,0,0,0,0,0
Tanaka,MID,Leeds,Nott'm Forest,0,1,345,6,18,0,False,2026-08-22T14:00:00Z,0,1,1,0,0,0,0,0,0,0,0,0,0,0,0,0,0.0,0.0,0.0,0.0,0,0.0,0.0,0.0,0.0,50,0,23052,0,0,0,0,0,0
Calvert-Lewin,FWD,Leeds,Nott'm Forest,0,1,346,6,18,1,False,2026-08-22T14:00:00Z,0,1,1,90,0,0,1,0,0,0,0,1,0,0,0,-2,0.0,0.8,11.0,0.7,1,0.13,0.0,0.13,0.66,60,0,2823371,0,0,0,2,0,2
Nmecha,FWD,Leeds,Nott'm Forest,0,1,347,6,18,0,False,2026-08-22T14:00:00Z,0,1,1,0,0,0,0,0,0,0,0,0,0,0,0,0,0.0,0.0,0.0,0.0,0,0.0,0.0,0.0,0.0,55,0,53564,0,0,0,0,0,0
Piroe,FWD,Leeds,Nott'm Forest,0,1,348,6,18,0,False,2026-08-22T14:00:00Z,0,1,1,0,0,0,0,0,0,0,0,0,0,0,0,0,0.0,0.0,0.0,0.0,0,0.0,0.0,0.0,0.0,50,0,17239,0,0,0,0,0,0
Mateo Joseph,FWD,Leeds,Nott'm Forest,0,1,349,6,18,0,False,2026-08-22T14:00:00Z,0,1,1,0,0,0,0,0,0,0,0,0,0,0,0,0,0.0,0.0,0.0,0.0,0,0.0,0.0,0.0,0.0,45,0,5936,0,0,0,0,0,0
A.Becker,GK,Liverpool,Newcastle,0,1,350,9,17,2,False,2026-08-23T15:30:00Z,2,2,1,90,0,0,0,2,0,0,0,0,0,3,0,7,17.8,0.0,0.0,1.8,1,0.0,0.0,0.0,1.58,55,0,302846,0,0,0,6,2,0
Mamardashvili,GK,Liverpool,Newcastle,0,1,351,9,17,0,False,2026-08-23T15:30:00Z,2,2,1,0,0,0,0,0,0,0,0,0,0,0,0,0,0.0,0.0,0.0,0.0,0,0.0,0.0,0.0,0.0,50,0,13503,0,0,0,0,0,0
Woodman,GK,Liverpool,Newcastle,0,1,352,9,17,0,False,2026-08-23T15:30:00Z,2,2,1,0,0,0,0,0,0,0,0,0,0,0,0,0,0.0,0.0,0.0,0.0,0,0.0,0.0,0.0,0.0,40,0,97477,0,0,0,0,0,0
Pecsi,GK,Liverpool,Newcastle,0,1,353,9,17,0,False,2026-08-23T15:30:00Z,2,2,1,0,0,0,0,0,0,0,0,0,0,0,0,0,0.0,0.0,0.0,0.0,0,0.0,0.0,0.0,0.0,40,0,2936,0,0,0,0,0,0
Jaros,GK,Liverpool,Newcastle,0,1,354,9,17,0,False,2026-08-23T15:30:00Z,2,2,1,0,0,0,0,0,0,0,0,0,0,0,0,0,0.0,0.0,0.0,0.0,0,0.0,0.0,0.0,0.0,40,0,1351,0,0,0,0,0,0
Davies,GK,Liverpool,Newcastle,0,1,355,9,17,0,False,2026-08-23T15:30:00Z,2,2,1,0,0,0,0,0,0,0,0,0,0,0,0,0,0.0,0.0,0.0,0.0,0,0.0,0.0,0.0,0.0,40,0,11845,0,0,0,0,0,0
Virgil,DEF,Liverpool,Newcastle,0,1,356,9,17,2,False,2026-08-23T15:30:00Z,2,2,1,90,0,0,0,2,0,0,0,1,0,0,0,8,25.6,1.6,24.0,5.1,1,0.25,0.01,0.26,1.58,65,0,1670280,0,0,2,6,9,11
Frimpong,DEF,Liverpool,Newcastle,0,1,357,9,17,0,False,2026-08-23T15:30:00Z,2,2,1,90,0,0,0,2,0,0,0,1,0,0,0,3,13.6,37.8,10.0,6.1,1,0.01,0.09,0.1,1.58,55,0,302241,0,0,1,3,1,2
Kerkez,DEF,Liverpool,Newcastle,0,1,358,9,17,0,False,2026-08-23T15:30:00Z,2,2,1,90,0,0,0,2,0,0,0,1,0,0,0,3,18.0,13.8,12.0,4.4,1,0.02,0.02,0.04,1.58,55,0,332539,0,0,3,3,4,7
Gomez,DEF,Liverpool,Newcastle,0,1,359,9,17,0,False,2026-08-23T15:30:00Z,2,2,1,0,0,0,0,0,0,0,0,0,0,0,0,0,0.0,0.0,0.0,0.0,0,0.0,0.0,0.0,0.0,50,0,1714,0,0,0,0,0,0
Bradley,DEF,Liverpool,Newcastle,0,1,360,9,17,0,False,2026-08-23T15:30:00Z,2,2,1,0,0,0,0,0,0,0,0,0,0,0,0,0,0.0,0.0,0.0,0.0,0,0.0,0.0,0.0,0.0,50,0,957,0,0,0,0,0,0
Lucky,DEF,Liverpool,Newcastle,0,1,361,9,17,0,False,2026-08-23T15:30:00Z,2,2,1,0,0,0,0,0,0,0,0,0,0,0,0,0,0.0,0.0,0.0,0.0,0,0.0,0.0,0.0,0.0,40,0,10838,0,0,0,0,0,0
Jacquet,DEF,Liverpool,Newcastle,0,1,362,9,17,1,False,2026-08-23T15:30:00Z,2,2,1,69,0,0,0,2,0,0,0,0,0,0,0,9,12.4,11.9,0.0,2.4,1,0.0,0.02,0.02,1.04,50,0,205604,0,0,1,3,2,3
Leoni,DEF,Liverpool,Newcastle,0,1,363,9,17,0,False,2026-08-23T15:30:00Z,2,2,1,0,0,0,0,0,0,0,0,0,0,0,0,0,0.0,0.0,0.0,0.0,0,0.0,0.0,0.0,0.0,40,0,4082,0,0,0,0,0,0
Tsimikas,DEF,Liverpool,Newcastle,0,1,364,9,17,0,False,2026-08-23T15:30:00Z,2,2,1,0,0,0,0,0,0,0,0,0,0,0,0,0,0.0,0.0,0.0,0.0,0,0.0,0.0,0.0,0.0,50,0,6683,0,0,0,0,0,0
Ramsay,DEF,Liverpool,Newcastle,0,1,365,9,17,0,False,2026-08-23T15:30:00Z,2,2,1,0,0,0,0,0,0,0,0,0,0,0,0,0,0.0,0.0,0.0,0.0,0,0.0,0.0,0.0,0.0,40,0,19328,0,0,0,0,0,0
Wirtz,MID,Liverpool,Newcastle,0,1,366,9,17,2,False,2026-08-23T15:30:00Z,2,2,1,62,0,0,0,2,0,0,0,0,0,0,0,16,9.8,17.9,29.0,5.7,1,0.26,0.04,0.3,0.51,75,0,1122658,0,0,1,4,0,5
Gakpo,MID,Liverpool,Newcastle,0,1,367,9,17,12,False,2026-08-23T15:30:00Z,2,2,1,90,1,0,0,2,0,0,0,0,0,0,3,33,44.0,34.0,37.0,11.5,1,0.3,0.15,0.45,1.58,70,0,310403,0,0,3,5,4,12
Szoboszlai,MID,Liverpool,Newcastle,0,1,368,9,17,8,False,2026-08-23T15:30:00Z,2,2,1,90,1,0,0,2,0,0,0,0,0,0,1,29,50.4,47.1,21.0,11.9,1,0.85,0.27,1.12,1.58,70,0,3733259,0,0,1,4,2,7
Ngumoha,MID,Liverpool,Newcastle,0,1,369,9,17,2,False,2026-08-23T15:30:00Z,2,2,1,62,0,0,0,2,0,0,0,0,0,0,0,9,2.4,6.0,5.0,1.3,1,0.04,0.02,0.06,0.51,60,0,104767,0,0,1,2,0,3
Chiesa,MID,Liverpool,Newcastle,0,1,370,9,17,0,False,2026-08-23T15:30:00Z,2,2,1,0,0,0,0,0,0,0,0,0,0,0,0,0,0.0,0.0,0.0,0.0,0,0.0,0.0,0.0,0.0,55,0,11756,0,0,0,0,0,0
Gravenberch,MID,Liverpool,Newcastle,0,1,371,9,17,5,False,2026-08-23T15:30:00Z,2,2,1,77,0,1,0,2,0,0,0,0,0,0,0,26,24.4,16.0,4.0,4.4,1,0.06,0.05,0.11,1.1,60,0,172067,0,0,1,8,2,11
Mac Allister,MID,Liverpool,Newcastle,0,1,372,9,17,1,False,2026-08-23T15:30:00Z,2,2,1,27,0,0,0,0,0,0,0,0,0,0,0,9,5.8,1.4,0.0,0.7,0,0.0,0.01,0.01,1.07,55,0,151941,0,0,2,1,0,3
C.Jones,MID,Liverpool,Newcastle,0,1,373,9,17,0,False,2026-08-23T15:30:00Z,2,2,1,0,0,0,0,0,0,0,0,0,0,0,0,0,0.0,0.0,0.0,0.0,0,0.0,0.0,0.0,0.0,55,0,4822,0,0,0,0,0,0
Endo,MID,Liverpool,Newcastle,0,1,374,9,17,0,False,2026-08-23T15:30:00Z,2,2,1,0,0,0,0,0,0,0,0,0,0,0,0,0,0.0,0.0,0.0,0.0,0,0.0,0.0,0.0,0.0,50,0,5090,0,0,0,0,0,0
Nyoni,MID,Liverpool,Newcastle,0,1,375,9,17,0,False,2026-08-23T15:30:00Z,2,2,1,0,0,0,0,0,0,0,0,0,0,0,0,0,0.0,0.0,0.0,0.0,0,0.0,0.0,0.0,0.0,50,0,3729,0,0,0,0,0,0
Bajcetic,MID,Liverpool,Newcastle,0,1,376,9,17,0,False,2026-08-23T15:30:00Z,2,2,1,0,0,0,0,0,0,0,0,0,0,0,0,0,0.0,0.0,0.0,0.0,0,0.0,0.0,0.0,0.0,50,0,157,0,0,0,0,0,0
Munoz,MID,Liverpool,Newcastle,0,1,377,9,17,4,False,2026-08-23T15:30:00Z,2,2,1,27,0,1,0,0,0,0,0,0,0,0,0,15,4.0,8.9,14.0,2.7,0,0.1,0.04,0.14,1.07,65,0,48042,0,0,0,0,0,0
McConnell,MID,Liverpool,Newcastle,0,1,378,9,17,0,False,2026-08-23T15:30:00Z,2,2,1,0,0,0,0,0,0,0,0,0,0,0,0,0,0.0,0.0,0.0,0.0,0,0.0,0.0,0.0,0.0,45,0,24189,0,0,0,0,0,0
Isak,FWD,Liverpool,Newcastle,0,1,379,9,17,2,False,2026-08-23T15:30:00Z,2,2,1,90,0,0,0,2,0,0,0,0,0,0,0,6,11.4,14.6,66.0,9.2,1,1.09,0.01,1.1,1.58,90,0,1493302,0,0,0,0,1,1
Ekitiké,FWD,Liverpool,Newcastle,0,1,380,9,17,0,False,2026-08-23T15:30:00Z,2,2,1,0,0,0,0,0,0,0,0,0,0,0,0,0,0.0,0.0,0.0,0.0,0,0.0,0.0,0.0,0.0,75,0,14410,0,0,0,0,0,0
Koumas,MID,Liverpool,Newcastle,0,1,381,9,17,1,False,2026-08-23T15:30:00Z,2,2,1,12,0,0,0,0,0,0,0,0,0,0,0,4,1.2,0.5,7.0,0.9,0,0.03,0.0,0.03,0.48,50,0,1626,0,0,0,1,0,1
Danns,FWD,Liverpool,Newcastle,0,1,382,9,17,0,False,2026-08-23T15:30:00Z,2,2,1,0,0,0,0,0,0,0,0,0,0,0,0,0,0.0,0.0,0.0,0.0,0,0.0,0.0,0.0,0.0,45,0,3221,0,0,0,0,0,0
Elliott,MID,Liverpool,Newcastle,0,1,383,9,17,0,False,2026-08-23T15:30:00Z,2,2,1,0,0,0,0,0,0,0,0,0,0,0,0,0,0.0,0.0,0.0,0.0,0,0.0,0.0,0.0,0.0,55,0,6399,0,0,0,0,0,0
Donnarumma,GK,Man City,Bournemouth,0,1,384,8,3,3,True,2026-08-23T13:00:00Z,2,1,1,90,0,0,0,1,0,0,0,0,0,3,0,12,26.8,0.0,0.0,2.7,1,0.0,0.0,0.0,0.65,55,0,722204,0,0,0,4,1,0
Trafford,GK,Leeds,Nott'm Forest,0,1,385,6,18,9,False,2026-08-22T14:00:00Z,0,1,1,90,0,0,1,0,0,0,0,0,0,3,2,28,19.4,0.0,0.0,1.9,1,0.0,0.0,0.0,0.66,50,0,265439,0,0,0,9,0,0
Bettinelli,GK,Man City,Bournemouth,0,1,386,8,3,0,True,2026-08-23T13:00:00Z,2,1,1,0,0,0,0,0,0,0,0,0,0,0,0,0,0.0,0.0,0.0,0.0,0,0.0,0.0,0.0,0.0,45,0,2479,0,0,0,0,0,0
O'Reilly,DEF,Man City,Bournemouth,0,1,387,8,3,2,True,2026-08-23T13:00:00Z,2,1,1,62,0,0,0,1,0,0,0,0,0,0,0,5,8.8,30.4,11.0,5.0,1,0.07,0.41,0.48,0.55,65,0,1877660,0,0,1,5,1,2
Guéhi,DEF,Man City,Bournemouth,0,1,388,8,3,10,True,2026-08-23T13:00:00Z,2,1,1,90,1,0,0,1,0,0,0,0,0,0,2,31,43.6,17.5,28.0,8.9,1,0.89,0.32,1.21,0.65,60,0,1521853,0,0,3,4,1,4
Matheus N.,DEF,Man City,Bournemouth,0,1,389,8,3,1,True,2026-08-23T13:00:00Z,2,1,1,33,0,0,0,0,0,0,0,0,0,0,0,4,3.8,1.5,4.0,0.9,0,0.0,0.04,0.04,0.1,60,0,123928,0,0,0,2,1,1
Rúben,DEF,Man City,Bournemouth,0,1,390,8,3,2,True,2026-08-23T13:00:00Z,2,1,1,90,0,0,0,1,0,0,0,0,0,0,0,11,24.4,17.9,2.0,4.4,1,0.0,0.14,0.14,0.65,55,0,148709,0,0,0,8,6,6
Gvardiol,DEF,Man City,Bournemouth,0,1,391,8,3,9,True,2026-08-23T13:00:00Z,2,1,1,90,1,0,0,1,0,0,0,0,0,0,1,28,47.6,13.3,17.0,7.8,1,0.19,0.05,0.24,0.65,55,0,980214,0,0,2,5,5,7
Aït-Nouri,DEF,Man City,Bournemouth,0,1,392,8,3,0,True,2026-08-23T13:00:00Z,2,1,1,0,0,0,0,0,0,0,0,0,0,0,0,0,0.0,0.0,0.0,0.0,0,0.0,0.0,0.0,0.0,55,0,79425,0,0,0,0,0,0
Khusanov,DEF,Man City,Bournemouth,0,1,393,8,3,2,True,2026-08-23T13:00:00Z,2,1,1,90,0,0,0,1,0,0,0,0,0,0,0,14,17.0,3.4,0.0,2.0,1,0.0,0.02,0.02,0.65,55,0,147622,0,0,2,6,2,4
Alleyne,DEF,Man City,Bournemouth,0,1,394,8,3,0,True,2026-08-23T13:00:00Z,2,1,1,0,0,0,0,0,0,0,0,0,0,0,0,0,0.0,0.0,0.0,0.0,0,0.0,0.0,0.0,0.0,50,0,1089,0,0,0,0,0,0
Lewis,DEF,Man City,Bournemouth,0,1,395,8,3,1,True,2026-08-23T13:00:00Z,2,1,1,56,0,0,0,1,0,0,0,0,0,0,0,-1,3.8,3.8,39.0,4.7,1,0.17,0.02,0.19,0.55,45,0,18491,0,0,0,0,2,2
Vitor Reis,DEF,Man City,Bournemouth,0,1,396,8,3,0,True,2026-08-23T13:00:00Z,2,1,1,0,0,0,0,0,0,0,0,0,0,0,0,0,0.0,0.0,0.0,0.0,0,0.0,0.0,0.0,0.0,45,0,1856,0,0,0,0,0,0
Semenyo,MID,Man City,Bournemouth,0,1,397,8,3,2,True,2026-08-23T13:00:00Z,2,1,1,90,0,0,0,1,0,0,0,0,0,0,0,16,5.8,8.9,31.0,4.6,1,0.06,0.02,0.08,0.65,85,0,2354040,0,0,1,4,0,5
Foden,MID,Man City,Bournemouth,0,1,398,8,3,1,True,2026-08-23T13:00:00Z,2,1,1,81,0,0,0,1,0,0,0,1,0,0,0,15,10.4,49.6,15.0,7.5,1,0.12,0.4,0.52,0.65,70,0,387178,0,0,3,3,0,6
Cherki,MID,Man City,Bournemouth,0,1,399,8,3,8,True,2026-08-23T13:00:00Z,2,1,1,27,0,2,0,0,0,0,0,0,0,0,1,28,39.2,48.8,4.0,9.2,0,0.0,0.5,0.5,0.1,75,0,679336,0,0,0,0,0,0
Doku,MID,Man City,Bournemouth,0,1,400,8,3,0,True,2026-08-23T13:00:00Z,2,1,1,0,0,0,0,0,0,0,0,0,0,0,0,0,0.0,0.0,0.0,0.0,0,0.0,0.0,0.0,0.0,75,0,191182,0,0,0,0,0,0
Marmoush,FWD,Spurs,Bournemouth,0,1,401,8,3,0,True,2026-08-23T13:00:00Z,2,1,1,0,0,0,0,0,0,0,0,0,0,0,0,0,0.0,0.0,0.0,0.0,0,0.0,0.0,0.0,0.0,70,0,80421,0,0,0,0,0,0
Rodrigo,MID,Man City,Bournemouth,0,1,402,8,3,0,True,2026-08-23T13:00:00Z,2,1,1,0,0,0,0,0,0,0,0,0,0,0,0,0,0.0,0.0,0.0,0.0,0,0.0,0.0,0.0,0.0,65,0,2341,0,0,0,0,0,0
Sávio,MID,Spurs,Bournemouth,0,1,403,8,3,0,True,2026-08-23T13:00:00Z,2,1,1,0,0,0,0,0,0,0,0,0,0,0,0,0,0.0,0.0,0.0,0.0,0,0.0,0.0,0.0,0.0,65,0,23783,0,0,0,0,0,0
Reijnders,MID,Man City,Bournemouth,0,1,404,8,3,0,True,2026-08-23T13:00:00Z,2,1,1,0,0,0,0,0,0,0,0,0,0,0,0,0,0.0,0.0,0.0,0.0,0,0.0,0.0,0.0,0.0,60,0,11692,0,0,0,0,0,0
N.Gonzalez,MID,Newcastle,Bournemouth,0,1,405,8,3,0,True,2026-08-23T13:00:00Z,2,1,1,0,0,0,0,0,0,0,0,0,0,0,0,0,0.0,0.0,0.0,0.0,0,0.0,0.0,0.0,0.0,55,0,11878,0,0,0,0,0,0
Kovačić,MID,Man City,Bournemouth,0,1,406,8,3,1,True,2026-08-23T13:00:00Z,2,1,1,27,0,0,0,0,0,0,0,0,0,0,0,3,2.2,2.1,0.0,0.4,0,0.0,0.01,0.01,0.1,55,0,6303,0,0,0,2,0,2
Echeverri,MID,Man City,Bournemouth,0,1,407,8,3,0,True,2026-08-23T13:00:00Z,2,1,1,0,0,0,0,0,0,0,0,0,0,0,0,0,0.0,0.0,0.0,0.0,0,0.0,0.0,0.0,0.0,50,0,1572,0,0,0,0,0,0
Phillips,MID,Man City,Bournemouth,0,1,408,8,3,0,True,2026-08-23T13:00:00Z,2,1,1,0,0,0,0,0,0,0,0,0,0,0,0,0,0.0,0.0,0.0,0.0,0,0.0,0.0,0.0,0.0,50,0,1073,0,0,0,0,0,0
Mukasa,MID,Man City,Bournemouth,0,1,409,8,3,0,True,2026-08-23T13:00:00Z,2,1,1,0,0,0,0,0,0,0,0,0,0,0,0,0,0.0,0.0,0.0,0.0,0,0.0,0.0,0.0,0.0,45,0,16621,0,0,0,0,0,0
Monga,MID,Man City,Bournemouth,0,1,410,8,3,0,True,2026-08-23T13:00:00Z,2,1,1,0,0,0,0,0,0,0,0,0,0,0,0,0,0.0,0.0,0.0,0.0,0,0.0,0.0,0.0,0.0,50,0,1505,0,0,0,0,0,0
Haaland,FWD,Man City,Bournemouth,0,1,411,8,3,2,True,2026-08-23T13:00:00Z,2,1,1,90,0,0,0,1,0,0,0,0,0,0,0,6,3.8,5.2,50.0,5.9,1,0.74,0.02,0.76,0.65,155,0,6209794,0,0,0,3,0,3
Lammens,GK,Man Utd,Hull City,0,1,412,4,11,1,False,2026-08-22T11:30:00Z,2,0,1,90,0,0,0,2,0,0,0,0,0,2,0,7,20.2,0.0,0.0,2.0,1,0.0,0.0,0.0,1.01,50,0,1497029,0,0,0,8,2,0
Bayindir,GK,Man Utd,Hull City,0,1,413,4,11,0,False,2026-08-22T11:30:00Z,2,0,1,0,0,0,0,0,0,0,0,0,0,0,0,0,0.0,0.0,0.0,0.0,0,0.0,0.0,0.0,0.0,45,0,2353,0,0,0,0,0,0
Heaton,GK,Man Utd,Hull City,0,1,414,4,11,0,False,2026-08-22T11:30:00Z,2,0,1,0,0,0,0,0,0,0,0,0,0,0,0,0,0.0,0.0,0.0,0.0,0,0.0,0.0,0.0,0.0,40,0,9078,0,0,0,0,0,0
Dorgu,MID,Man Utd,Hull City,0,1,415,4,11,0,False,2026-08-22T11:30:00Z,2,0,1,45,0,0,0,2,0,0,0,1,0,0,0,-11,0.0,1.2,16.0,0.7,1,0.47,0.03,0.5,0.92,60,0,121744,0,0,0,0,1,1
De Ligt,DEF,Man Utd,Hull City,0,1,416,4,11,0,False,2026-08-22T11:30:00Z,2,0,1,0,0,0,0,0,0,0,0,0,0,0,0,0,0.0,0.0,0.0,0.0,0,0.0,0.0,0.0,0.0,50,0,2274,0,0,0,0,0,0
Dalot,DEF,Man Utd,Hull City,0,1,417,4,11,1,False,2026-08-22T11:30:00Z,2,0,1,10,0,0,0,0,0,0,0,0,0,0,0,6,7.6,11.3,0.0,1.9,0,0.0,0.0,0.0,0.0,50,0,246316,0,0,2,1,1,3
Maguire,DEF,Man Utd,Hull City,0,1,418,4,11,1,False,2026-08-22T11:30:00Z,2,0,1,90,0,0,0,2,0,0,0,0,0,0,0,15,25.4,28.6,19.0,7.3,1,0.04,0.4,0.44,1.01,50,0,1650905,0,0,0,5,4,4
Martinez,DEF,Man Utd,Hull City,0,1,419,4,11,0,False,2026-08-22T11:30:00Z,2,0,1,0,0,0,0,0,0,0,0,0,0,0,0,0,0.0,0.0,0.0,0.0,0,0.0,0.0,0.0,0.0,50,0,115360,0,0,0,0,0,0
Yoro,DEF,Man Utd,Hull City,0,1,420,4,11,0,False,2026-08-22T11:30:00Z,2,0,1,0,0,0,0,0,0,0,0,0,0,0,0,0,0.0,0.0,0.0,0.0,0,0.0,0.0,0.0,0.0,50,0,62047,0,0,0,0,0,0
Heaven,DEF,Man Utd,Hull City,0,1,421,4,11,1,False,2026-08-22T11:30:00Z,2,0,1,90,0,0,0,2,0,0,0,0,0,0,0,5,6.8,2.6,11.0,2.0,1,0.12,0.04,0.16,1.01,45,0,33647,0,0,1,4,1,2
Mazraoui,DEF,Man Utd,Hull City,0,1,422,4,11,1,False,2026-08-22T11:30:00Z,2,0,1,79,0,0,0,2,0,0,0,0,0,0,0,8,17.4,29.4,9.0,5.6,1,0.22,0.05,0.27,1.01,45,0,56217,0,0,1,3,4,5
Shaw,DEF,Man Utd,Hull City,0,1,423,4,11,1,False,2026-08-22T11:30:00Z,2,0,1,90,0,0,0,2,0,0,0,0,0,0,0,13,25.2,59.2,6.0,9.0,1,0.0,0.26,0.26,1.01,45,0,1947696,0,0,1,3,3,4
Amass,DEF,Man Utd,Hull City,0,1,424,4,11,0,False,2026-08-22T11:30:00Z,2,0,1,0,0,0,0,0,0,0,0,0,0,0,0,0,0.0,0.0,0.0,0.0,0,0.0,0.0,0.0,0.0,40,0,18310,0,0,0,0,0,0
Fredricson,DEF,Man Utd,Hull City,0,1,425,4,11,0,False,2026-08-22T11:30:00Z,2,0,1,0,0,0,0,0,0,0,0,0,0,0,0,0,0.0,0.0,0.0,0.0,0,0.0,0.0,0.0,0.0,40,0,2582,0,0,0,0,0,0
B.Fernandes,MID,Man Utd,Hull City,0,1,426,4,11,2,False,2026-08-22T11:30:00Z,2,0,1,90,0,0,0,2,0,0,0,0,0,0,0,18,20.2,55.4,17.0,9.3,1,0.08,0.26,0.34,1.01,120,0,4653303,0,0,0,5,1,6
Mbeumo,MID,Man Utd,Hull City,0,1,427,4,11,2,False,2026-08-22T11:30:00Z,2,0,1,90,0,0,0,2,0,0,0,0,0,0,0,12,9.6,28.1,49.0,8.7,1,0.5,0.23,0.73,1.01,80,0,3492739,0,0,0,4,0,4
Cunha,MID,Man Utd,Hull City,0,1,428,4,11,2,False,2026-08-22T11:30:00Z,2,0,1,79,0,0,0,2,0,0,0,0,0,0,0,14,5.4,28.2,35.0,6.9,1,0.24,0.21,0.45,1.01,80,0,901042,0,0,0,3,0,3
Rashford,MID,Man Utd,Hull City,0,1,429,4,11,1,False,2026-08-22T11:30:00Z,2,0,1,45,0,0,0,0,0,0,0,0,0,0,0,9,11.6,48.6,4.0,6.4,0,0.0,0.1,0.1,0.09,70,0,134653,0,0,0,1,0,1
Mount,MID,Man Utd,Hull City,0,1,430,4,11,0,False,2026-08-22T11:30:00Z,2,0,1,0,0,0,0,0,0,0,0,0,0,0,0,0,0.0,0.0,0.0,0.0,0,0.0,0.0,0.0,0.0,55,0,3202,0,0,0,0,0,0
Amad,MID,Man Utd,Hull City,0,1,431,4,11,0,False,2026-08-22T11:30:00Z,2,0,1,0,0,0,0,0,0,0,0,0,0,0,0,0,0.0,0.0,0.0,0.0,0,0.0,0.0,0.0,0.0,60,0,145627,0,0,0,0,0,0
Mainoo,MID,Man Utd,Hull City,0,1,432,4,11,1,False,2026-08-22T11:30:00Z,2,0,1,23,0,0,0,0,0,0,0,0,0,0,0,7,2.8,2.5,2.0,0.7,0,0.07,0.01,0.08,0.07,55,0,89014,0,0,0,1,0,1
Ugarte,MID,Man Utd,Hull City,0,1,433,4,11,0,False,2026-08-22T11:30:00Z,2,0,1,0,0,0,0,0,0,0,0,0,0,0,0,0,0.0,0.0,0.0,0.0,0,0.0,0.0,0.0,0.0,50,0,333,0,0,0,0,0,0
J.Fletcher,MID,Man Utd,Hull City,0,1,434,4,11,0,False,2026-08-22T11:30:00Z,2,0,1,0,0,0,0,0,0,0,0,0,0,0,0,0,0.0,0.0,0.0,0.0,0,0.0,0.0,0.0,0.0,50,0,1008,0,0,0,0,0,0
Lacey,MID,Man Utd,Hull City,0,1,435,4,11,1,False,2026-08-22T11:30:00Z,2,0,1,10,0,0,0,0,0,0,0,0,0,0,0,3,0.2,0.6,0.0,0.1,0,0.0,0.0,0.0,0.0,50,0,4147,0,0,0,1,0,1
Collyer,MID,Man Utd,Hull City,0,1,436,4,11,0,False,2026-08-22T11:30:00Z,2,0,1,0,0,0,0,0,0,0,0,0,0,0,0,0,0.0,0.0,0.0,0.0,0,0.0,0.0,0.0,0.0,50,0,1568,0,0,0,0,0,0
Bendito Mantato,MID,Man Utd,Hull City,0,1,437,4,11,0,False,2026-08-22T11:30:00Z,2,0,1,0,0,0,0,0,0,0,0,0,0,0,0,0,0.0,0.0,0.0,0.0,0,0.0,0.0,0.0,0.0,45,0,16079,0,0,0,0,0,0
Fletcher,MID,Man Utd,Hull City,0,1,438,4,11,0,False,2026-08-22T11:30:00Z,2,0,1,0,0,0,0,0,0,0,0,0,0,0,0,0,0.0,0.0,0.0,0.0,0,0.0,0.0,0.0,0.0,45,0,31336,0,0,0,0,0,0
Šeško,FWD,Man Utd,Hull City,0,1,439,4,11,1,False,2026-08-22T11:30:00Z,2,0,1,23,0,0,0,0,0,0,0,0,0,0,0,2,0.0,0.5,9.0,0.9,0,0.04,0.0,0.04,0.07,70,0,114788,0,0,0,0,0,0
Zirkzee,FWD,Man Utd,Hull City,0,1,440,4,11,0,False,2026-08-22T11:30:00Z,2,0,1,0,0,0,0,0,0,0,0,0,0,0,0,0,0.0,0.0,0.0,0.0,0,0.0,0.0,0.0,0.0,55,0,56060,0,0,0,0,0,0
Obi,FWD,Man Utd,Hull City,0,1,441,4,11,0,False,2026-08-22T11:30:00Z,2,0,1,0,0,0,0,0,0,0,0,0,0,0,0,0,0.0,0.0,0.0,0.0,0,0.0,0.0,0.0,0.0,45,0,100521,0,0,0,0,0,0
Pope,GK,Newcastle,Liverpool,0,1,442,9,14,0,True,2026-08-23T15:30:00Z,2,2,1,0,0,0,0,0,0,0,0,0,0,0,0,0,0.0,0.0,0.0,0.0,0,0.0,0.0,0.0,0.0,50,0,113822,0,0,0,0,0,0
Gillespie,GK,Newcastle,Liverpool,0,1,443,9,14,0,True,2026-08-23T15:30:00Z,2,2,1,0,0,0,0,0,0,0,0,0,0,0,0,0,0.0,0.0,0.0,0.0,0,0.0,0.0,0.0,0.0,45,0,2989,0,0,0,0,0,0
Jaouen,GK,Newcastle,Liverpool,0,1,444,9,14,0,True,2026-08-23T15:30:00Z,2,2,1,0,0,0,0,0,0,0,0,0,0,0,0,0,0.0,0.0,0.0,0.0,0,0.0,0.0,0.0,0.0,45,0,2666,0,0,0,0,0,0
Thiaw,DEF,Newcastle,Liverpool,0,1,445,9,14,3,True,2026-08-23T15:30:00Z,2,2,1,90,0,0,0,2,0,0,0,0,0,0,0,0,37.8,0.2,0.0,3.8,1,0.0,0.0,0.0,2.98,50,0,146838,0,0,0,2,15,15
Schär,DEF,Newcastle,Liverpool,0,1,446,9,14,1,True,2026-08-23T15:30:00Z,2,2,1,1,0,0,0,1,0,0,0,0,0,0,0,-1,0.0,0.0,0.0,0.0,0,0.0,0.0,0.0,0.79,50,0,20496,0,0,0,0,0,0
Botman,DEF,Newcastle,Liverpool,0,1,447,9,14,3,True,2026-08-23T15:30:00Z,2,2,1,90,0,0,0,2,0,0,0,0,0,0,0,4,32.4,0.3,0.0,3.3,1,0.0,0.01,0.01,2.98,50,0,34765,0,0,0,2,10,10
Burn,DEF,Newcastle,Liverpool,0,1,448,9,14,0,True,2026-08-23T15:30:00Z,2,2,1,0,0,0,0,0,0,0,0,0,0,0,0,0,0.0,0.0,0.0,0.0,0,0.0,0.0,0.0,0.0,50,0,213973,0,0,0,0,0,0
Hall,DEF,Newcastle,Liverpool,0,1,449,9,14,3,True,2026-08-23T15:30:00Z,2,2,1,90,0,0,0,2,0,0,0,0,0,0,0,8,22.0,15.2,0.0,3.7,1,0.0,0.35,0.35,2.98,50,0,310247,0,0,5,8,6,11
Livramento,DEF,Newcastle,Liverpool,0,1,450,9,14,0,True,2026-08-23T15:30:00Z,2,2,1,0,0,0,0,0,0,0,0,0,0,0,0,0,0.0,0.0,0.0,0.0,0,0.0,0.0,0.0,0.0,50,0,4326,0,0,0,0,0,0
A.Murphy,DEF,Newcastle,Liverpool,0,1,451,9,14,0,True,2026-08-23T15:30:00Z,2,2,1,0,0,0,0,0,0,0,0,0,0,0,0,0,0.0,0.0,0.0,0.0,0,0.0,0.0,0.0,0.0,40,0,12873,0,0,0,0,0,0
Bruno G.,MID,Arsenal,Coventry City,0,1,452,1,7,0,True,2026-08-21T19:00:00Z,3,0,1,0,0,0,0,0,0,0,0,0,0,0,0,0,0.0,0.0,0.0,0.0,0,0.0,0.0,0.0,0.0,70,0,391151,0,0,0,0,0,0
Barnes,MID,Newcastle,Liverpool,0,1,453,9,14,2,True,2026-08-23T15:30:00Z,2,2,1,90,0,0,0,2,0,0,0,0,0,0,0,12,5.2,2.4,9.0,1.7,1,0.07,0.02,0.09,2.98,60,0,95531,0,0,1,4,3,8
Elanga,MID,Newcastle,Liverpool,0,1,454,9,14,9,True,2026-08-23T15:30:00Z,2,2,1,75,1,0,0,1,0,0,0,0,0,0,2,31,37.4,3.5,28.0,6.9,1,0.22,0.01,0.23,1.94,60,0,64591,0,0,0,1,1,2
Tonali,MID,Spurs,Brentford,0,1,455,2,4,2,False,2026-08-22T16:30:00Z,3,0,1,90,0,0,0,3,0,0,0,0,0,0,0,14,6.2,6.4,8.0,2.1,1,0.04,0.06,0.1,3.87,55,0,376914,0,0,1,3,0,4
J.Ramsey,MID,Newcastle,Liverpool,0,1,456,9,14,0,True,2026-08-23T15:30:00Z,2,2,1,34,0,0,0,1,0,0,0,1,0,0,0,1,7.8,1.3,4.0,1.3,0,0.06,0.01,0.07,1.5,50,0,34032,0,0,2,1,3,6
J.Murphy,MID,Newcastle,Liverpool,0,1,457,9,14,0,True,2026-08-23T15:30:00Z,2,2,1,14,0,0,0,1,0,0,0,1,0,0,0,-1,0.0,0.1,2.0,0.1,0,0.0,0.0,0.0,1.04,60,0,14816,0,0,0,1,1,2
Joelinton,MID,Newcastle,Liverpool,0,1,458,9,14,0,True,2026-08-23T15:30:00Z,2,2,1,0,0,0,0,0,0,0,0,0,0,0,0,0,0.0,0.0,0.0,0.0,0,0.0,0.0,0.0,0.0,55,0,3620,0,0,0,0,0,0
L.Miley,MID,Newcastle,Liverpool,0,1,459,9,14,3,True,2026-08-23T15:30:00Z,2,2,1,75,0,0,0,1,0,0,0,1,0,0,0,13,15.6,21.4,3.0,4.0,1,0.05,0.01,0.06,1.94,55,0,4093,0,0,1,6,6,13
Willock,MID,Newcastle,Liverpool,0,1,460,9,14,6,True,2026-08-23T15:30:00Z,2,2,1,34,1,0,0,1,0,0,0,0,0,0,0,28,38.4,13.9,9.0,6.1,0,0.09,0.17,0.26,1.5,50,0,10181,0,0,2,1,0,3
Touré,MID,Newcastle,Liverpool,0,1,461,9,14,0,True,2026-08-23T15:30:00Z,2,2,1,0,0,0,0,0,0,0,0,0,0,0,0,0,0.0,0.0,0.0,0.0,0,0.0,0.0,0.0,0.0,60,0,22780,0,0,0,0,0,0
Steur,MID,Newcastle,Liverpool,0,1,462,9,14,1,True,2026-08-23T15:30:00Z,2,2,1,55,0,0,0,1,0,0,0,0,0,0,0,3,0.4,1.2,0.0,0.2,1,0.0,0.0,0.0,1.48,50,0,9830,0,0,0,2,0,2
Woltemade,FWD,Newcastle,Liverpool,0,1,463,9,14,0,True,2026-08-23T15:30:00Z,2,2,1,0,0,0,0,0,0,0,0,0,0,0,0,0,0.0,0.0,0.0,0.0,0,0.0,0.0,0.0,0.0,60,0,151424,0,0,0,0,0,0
Wissa,FWD,Newcastle,Liverpool,0,1,464,9,14,4,True,2026-08-23T15:30:00Z,2,2,1,90,0,1,0,1,0,0,0,1,0,0,0,7,20.0,16.3,28.0,6.4,1,1.0,0.02,1.02,2.19,60,0,142989,0,0,4,3,1,8
Osula,FWD,Newcastle,Liverpool,0,1,465,9,14,4,True,2026-08-23T15:30:00Z,2,2,1,55,0,1,0,1,0,0,0,0,0,0,0,18,28.2,13.7,8.0,5.0,1,0.06,0.14,0.2,1.48,60,0,83021,0,0,1,2,2,5
Neave,FWD,Newcastle,Liverpool,0,1,466,9,14,0,True,2026-08-23T15:30:00Z,2,2,1,0,0,0,0,0,0,0,0,0,0,0,0,0,0.0,0.0,0.0,0.0,0,0.0,0.0,0.0,0.0,45,0,66588,0,0,0,0,0,0
Sels,GK,Nott'm Forest,Leeds,0,1,467,6,13,2,True,2026-08-22T14:00:00Z,0,1,1,90,0,0,0,1,0,0,0,0,0,2,0,11,14.2,0.0,0.0,1.4,1,0.0,0.0,0.0,0.47,50,0,140711,0,0,0,9,0,0
John,GK,Nott'm Forest,Leeds,0,1,468,6,13,0,True,2026-08-22T14:00:00Z,0,1,1,0,0,0,0,0,0,0,0,0,0,0,0,0,0.0,0.0,0.0,0.0,0,0.0,0.0,0.0,0.0,45,0,5970,0,0,0,0,0,0
N.Williams,DEF,Nott'm Forest,Leeds,0,1,469,6,13,2,True,2026-08-22T14:00:00Z,0,1,1,90,0,0,0,1,0,0,0,0,0,0,0,13,15.2,5.8,6.0,2.7,1,0.0,0.02,0.02,0.47,50,0,924685,0,0,3,10,3,6
Morato,DEF,Nott'm Forest,Leeds,0,1,470,6,13,0,True,2026-08-22T14:00:00Z,0,1,1,0,0,0,0,0,0,0,0,0,0,0,0,0,0.0,0.0,0.0,0.0,0,0.0,0.0,0.0,0.0,50,0,4345,0,0,0,0,0,0
Milenković,DEF,Nott'm Forest,Leeds,0,1,471,6,13,2,True,2026-08-22T14:00:00Z,0,1,1,90,0,0,0,1,0,0,0,0,0,0,0,4,7.6,0.6,14.0,2.2,1,0.11,0.02,0.13,0.47,55,0,173511,0,0,0,6,7,7
Murillo,DEF,Nott'm Forest,Leeds,0,1,472,6,13,4,True,2026-08-22T14:00:00Z,0,1,1,90,0,0,0,1,0,0,0,0,0,0,0,15,32.2,25.9,0.0,5.8,1,0.0,0.28,0.28,0.47,55,0,134909,0,0,2,3,12,14
Aina,DEF,Nott'm Forest,Leeds,0,1,473,6,13,5,True,2026-08-22T14:00:00Z,0,1,1,73,0,0,1,0,0,0,0,1,0,0,0,24,16.0,35.6,11.0,6.3,1,0.04,0.17,0.21,0.34,45,0,328883,0,0,0,4,2,2
Jair Cunha,DEF,Nott'm Forest,Leeds,0,1,474,6,13,1,True,2026-08-22T14:00:00Z,0,1,1,90,0,0,0,1,0,0,0,1,0,0,0,5,20.8,1.3,0.0,2.2,1,0.0,0.0,0.0,0.47,45,0,19663,0,0,1,0,7,8
Savona,DEF,Nott'm Forest,Leeds,0,1,475,6,13,0,True,2026-08-22T14:00:00Z,0,1,1,0,0,0,0,0,0,0,0,0,0,0,0,0,0.0,0.0,0.0,0.0,0,0.0,0.0,0.0,0.0,45,0,209,0,0,0,0,0,0
O.Richards,DEF,Nott'm Forest,Leeds,0,1,476,6,13,0,True,2026-08-22T14:00:00Z,0,1,1,0,0,0,0,0,0,0,0,0,0,0,0,0,0.0,0.0,0.0,0.0,0,0.0,0.0,0.0,0.0,40,0,23191,0,0,0,0,0,0
Abbott,DEF,Nott'm Forest,Leeds,0,1,477,6,13,0,True,2026-08-22T14:00:00Z,0,1,1,0,0,0,0,0,0,0,0,0,0,0,0,0,0.0,0.0,0.0,0.0,0,0.0,0.0,0.0,0.0,40,0,23851,0,0,0,0,0,0
Netz,DEF,Nott'm Forest,Leeds,0,1,478,6,13,1,True,2026-08-22T14:00:00Z,0,1,1,16,0,0,0,1,0,0,0,0,0,0,0,-2,0.0,0.9,0.0,0.1,0,0.0,0.0,0.0,0.13,45,0,2322,0,0,0,1,0,0
Bindon,DEF,Nott'm Forest,Leeds,0,1,479,6,13,0,True,2026-08-22T14:00:00Z,0,1,1,0,0,0,0,0,0,0,0,0,0,0,0,0,0.0,0.0,0.0,0.0,0,0.0,0.0,0.0,0.0,40,0,18342,0,0,0,0,0,0
Gibbs-White,MID,Nott'm Forest,Leeds,0,1,480,6,13,2,True,2026-08-22T14:00:00Z,0,1,1,90,0,0,0,1,0,0,0,0,0,0,0,10,0.0,9.3,16.0,2.4,1,0.13,0.06,0.19,0.47,80,0,1039647,0,0,0,2,1,3
Anderson,MID,Man City,Bournemouth,0,1,481,8,3,2,True,2026-08-23T13:00:00Z,2,1,1,62,0,0,0,1,0,0,0,0,0,0,0,14,7.2,20.8,0.0,2.8,1,0.0,0.25,0.25,0.55,65,0,707651,0,0,2,3,1,6
Hudson-Odoi,MID,Nott'm Forest,Leeds,0,1,482,6,13,0,True,2026-08-22T14:00:00Z,0,1,1,0,0,0,0,0,0,0,0,0,0,0,0,0,0.0,0.0,0.0,0.0,0,0.0,0.0,0.0,0.0,60,0,23579,0,0,0,0,0,0
Ndoye,MID,Nott'm Forest,Leeds,0,1,483,6,13,3,True,2026-08-22T14:00:00Z,0,1,1,61,0,0,1,0,0,0,0,0,0,0,0,5,1.4,2.5,0.0,0.4,1,0.0,0.0,0.0,0.25,55,0,39539,0,0,1,1,1,3
Hutchinson,MID,Nott'm Forest,Leeds,0,1,484,6,13,0,True,2026-08-22T14:00:00Z,0,1,1,0,0,0,0,0,0,0,0,0,0,0,0,0,0.0,0.0,0.0,0.0,0,0.0,0.0,0.0,0.0,55,0,15797,0,0,0,0,0,0
Bakwa,MID,Nott'm Forest,Leeds,0,1,485,6,13,0,True,2026-08-22T14:00:00Z,0,1,1,0,0,0,0,0,0,0,0,0,0,0,0,0,0.0,0.0,0.0,0.0,0,0.0,0.0,0.0,0.0,55,0,1373,0,0,0,0,0,0
McAtee,MID,Nott'm Forest,Leeds,0,1,486,6,13,3,True,2026-08-22T14:00:00Z,0,1,1,73,0,0,1,0,0,0,0,0,0,0,0,18,11.6,42.5,0.0,5.4,1,0.0,0.16,0.16,0.34,55,0,3147,0,0,1,5,2,8
Dominguez,MID,Nott'm Forest,Leeds,0,1,487,6,13,0,True,2026-08-22T14:00:00Z,0,1,1,0,0,0,0,0,0,0,0,0,0,0,0,0,0.0,0.0,0.0,0.0,0,0.0,0.0,0.0,0.0,50,0,7576,0,0,0,0,0,0
I.Sangaré,MID,Nott'm Forest,Leeds,0,1,488,6,13,2,True,2026-08-22T14:00:00Z,0,1,1,90,0,0,0,1,0,0,0,0,0,0,0,10,17.8,13.0,3.0,3.4,1,0.03,0.01,0.04,0.47,50,0,100536,0,0,0,3,3,6
Yates,MID,Nott'm Forest,Leeds,0,1,489,6,13,0,True,2026-08-22T14:00:00Z,0,1,1,0,0,0,0,0,0,0,0,0,0,0,0,0,0.0,0.0,0.0,0.0,0,0.0,0.0,0.0,0.0,45,0,177323,0,0,0,0,0,0
Wood,FWD,Nott'm Forest,Leeds,0,1,490,6,13,1,True,2026-08-22T14:00:00Z,0,1,1,28,0,0,0,1,0,0,0,0,0,0,0,3,0.0,2.4,3.0,0.4,0,0.12,0.01,0.13,0.22,60,0,159951,0,0,0,1,0,1
Igor Jesus,FWD,Nott'm Forest,Leeds,0,1,491,6,13,2,True,2026-08-22T14:00:00Z,0,1,1,90,0,0,0,1,0,0,0,0,0,0,0,8,5.2,6.8,31.0,4.3,1,0.22,0.02,0.24,0.47,60,0,389784,0,0,0,1,2,3
Awoniyi,FWD,Coventry City,Arsenal,0,1,492,1,1,1,False,2026-08-21T19:00:00Z,3,0,1,20,0,0,0,0,0,0,0,0,0,0,0,4,0.0,1.4,0.0,0.1,0,0.0,0.0,0.0,0.29,55,0,76129,0,0,0,1,0,1
Kalimuendo,FWD,Nott'm Forest,Leeds,0,1,493,6,13,1,True,2026-08-22T14:00:00Z,0,1,1,1,0,0,0,0,0,0,0,0,0,0,0,3,0.0,0.0,0.0,0.0,0,0.0,0.0,0.0,0.0,55,0,4138,0,0,0,0,0,0
Vicario,GK,Spurs,Brentford,0,1,494,2,4,0,False,2026-08-22T16:30:00Z,3,0,1,0,0,0,0,0,0,0,0,0,0,0,0,0,0.0,0.0,0.0,0.0,0,0.0,0.0,0.0,0.0,45,0,35657,0,0,0,0,0,0
Austin,GK,Spurs,Brentford,0,1,495,2,4,0,False,2026-08-22T16:30:00Z,3,0,1,0,0,0,0,0,0,0,0,0,0,0,0,0,0.0,0.0,0.0,0.0,0,0.0,0.0,0.0,0.0,40,0,78400,0,0,0,0,0,0
Kinsky,GK,Spurs,Brentford,0,1,496,2,4,2,False,2026-08-22T16:30:00Z,3,0,1,90,0,0,0,3,0,0,0,0,0,5,0,15,43.6,0.0,0.0,4.4,1,0.0,0.0,0.0,3.87,45,0,2208330,0,0,0,12,4,0
Dubravka,GK,Spurs,Brentford,0,1,497,2,4,0,False,2026-08-22T16:30:00Z,3,0,1,0,0,0,0,0,0,0,0,0,0,0,0,0,0.0,0.0,0.0,0.0,0,0.0,0.0,0.0,0.0,40,0,1778139,0,0,0,0,0,0
Senesi,DEF,Spurs,Brentford,0,1,498,2,4,3,False,2026-08-22T16:30:00Z,3,0,1,90,0,0,0,3,0,0,0,0,0,0,0,10,36.6,2.2,0.0,3.9,1,0.0,0.02,0.02,3.87,60,0,724252,0,0,5,2,11,16
Pedro Porro,DEF,Spurs,Brentford,0,1,499,2,4,0,False,2026-08-22T16:30:00Z,3,0,1,0,0,0,0,0,0,0,0,0,0,0,0,0,0.0,0.0,0.0,0.0,0,0.0,0.0,0.0,0.0,55,0,1595087,0,0,0,0,0,0
Romero,DEF,Spurs,Brentford,0,1,500,2,4,0,False,2026-08-22T16:30:00Z,3,0,1,0,0,0,0,0,0,0,0,0,0,0,0,0,0.0,0.0,0.0,0.0,0,0.0,0.0,0.0,0.0,50,0,25814,0,0,0,0,0,0
Danso,DEF,Sunderland,Brentford,0,1,501,2,4,0,False,2026-08-22T16:30:00Z,3,0,1,0,0,0,0,0,0,0,0,0,0,0,0,0,0.0,0.0,0.0,0.0,0,0.0,0.0,0.0,0.0,50,0,15516,0,0,0,0,0,0
Robertson,DEF,Spurs,Brentford,0,1,502,2,4,3,False,2026-08-22T16:30:00Z,3,0,1,90,0,0,0,3,0,0,0,0,0,0,0,13,31.8,19.2,2.0,5.3,1,0.0,0.06,0.06,3.87,45,0,350993,0,0,2,3,9,11
Van de Ven,DEF,Spurs,Brentford,0,1,503,2,4,0,False,2026-08-22T16:30:00Z,3,0,1,0,0,0,0,0,0,0,0,0,0,0,0,0,0.0,0.0,0.0,0.0,0,0.0,0.0,0.0,0.0,50,0,522301,0,0,0,0,0,0
Vuskovic,DEF,Brighton,Aston Villa,0,1,504,7,2,6,True,2026-08-23T13:00:00Z,4,0,1,90,0,0,1,0,0,0,0,0,0,0,0,19,12.4,4.5,12.0,2.9,1,0.13,0.03,0.16,0.29,50,0,221596,0,0,0,2,4,4
Spence,DEF,Spurs,Brentford,0,1,505,2,4,0,False,2026-08-22T16:30:00Z,3,0,1,0,0,0,0,0,0,0,0,0,0,0,0,0,0.0,0.0,0.0,0.0,0,0.0,0.0,0.0,0.0,45,0,93085,0,0,0,0,0,0
Udogie,DEF,Spurs,Brentford,0,1,506,2,4,1,False,2026-08-22T16:30:00Z,3,0,1,4,0,0,0,0,0,0,0,0,0,0,0,3,0.0,0.7,0.0,0.0,0,0.0,0.02,0.02,0.44,45,0,43741,0,0,0,2,0,0
Phillips,DEF,Spurs,Brentford,0,1,507,2,4,0,False,2026-08-22T16:30:00Z,3,0,1,0,0,0,0,0,0,0,0,0,0,0,0,0,0.0,0.0,0.0,0.0,0,0.0,0.0,0.0,0.0,45,0,2583,0,0,0,0,0,0
Davies,DEF,Spurs,Brentford,0,1,508,2,4,0,False,2026-08-22T16:30:00Z,3,0,1,0,0,0,0,0,0,0,0,0,0,0,0,0,0.0,0.0,0.0,0.0,0,0.0,0.0,0.0,0.0,40,0,99420,0,0,0,0,0,0
Byfield,DEF,Spurs,Brentford,0,1,509,2,4,0,False,2026-08-22T16:30:00Z,3,0,1,0,0,0,0,0,0,0,0,0,0,0,0,0,0.0,0.0,0.0,0.0,0,0.0,0.0,0.0,0.0,40,0,4794,0,0,0,0,0,0
Rowswell,DEF,Spurs,Brentford,0,1,510,2,4,0,False,2026-08-22T16:30:00Z,3,0,1,0,0,0,0,0,0,0,0,0,0,0,0,0,0.0,0.0,0.0,0.0,0,0.0,0.0,0.0,0.0,40,0,7021,0,0,0,0,0,0
Souza,DEF,Spurs,Brentford,0,1,511,2,4,0,False,2026-08-22T16:30:00Z,3,0,1,0,0,0,0,0,0,0,0,0,0,0,0,0,0.0,0.0,0.0,0.0,0,0.0,0.0,0.0,0.0,40,0,27254,0,0,0,0,0,0
Kudus,MID,Spurs,Brentford,0,1,512,2,4,0,False,2026-08-22T16:30:00Z,3,0,1,0,0,0,0,0,0,0,0,0,0,0,0,0,0.0,0.0,0.0,0.0,0,0.0,0.0,0.0,0.0,65,0,8272,0,0,0,0,0,0
Xavi,MID,Spurs,Brentford,0,1,513,2,4,0,False,2026-08-22T16:30:00Z,3,0,1,0,0,0,0,0,0,0,0,0,0,0,0,0,0.0,0.0,0.0,0.0,0,0.0,0.0,0.0,0.0,60,0,1345,0,0,0,0,0,0
Tel,MID,Spurs,Brentford,0,1,514,2,4,2,False,2026-08-22T16:30:00Z,3,0,1,90,0,0,0,3,0,0,0,0,0,0,0,17,10.4,26.0,9.0,4.5,1,0.06,0.06,0.12,3.87,60,0,50995,0,0,0,7,1,8
Maddison,MID,Spurs,Brentford,0,1,515,2,4,1,False,2026-08-22T16:30:00Z,3,0,1,22,0,0,0,0,0,0,0,0,0,0,0,6,4.4,8.3,8.0,2.1,0,0.0,0.01,0.01,0.85,65,0,119410,0,0,0,1,1,2
Bentancur,MID,Spurs,Brentford,0,1,516,2,4,1,False,2026-08-22T16:30:00Z,3,0,1,45,0,0,0,1,0,0,0,0,0,0,0,8,2.0,14.7,0.0,1.7,0,0.0,0.01,0.01,2.18,55,0,17403,0,0,3,2,0,5
Odobert,MID,Spurs,Brentford,0,1,517,2,4,0,False,2026-08-22T16:30:00Z,3,0,1,0,0,0,0,0,0,0,0,0,0,0,0,0,0.0,0.0,0.0,0.0,0,0.0,0.0,0.0,0.0,55,0,100,0,0,0,0,0,0
P.M.Sarr,MID,Spurs,Brentford,0,1,518,2,4,0,False,2026-08-22T16:30:00Z,3,0,1,0,0,0,0,0,0,0,0,0,0,0,0,0,0.0,0.0,0.0,0.0,0,0.0,0.0,0.0,0.0,50,0,25576,0,0,0,0,0,0
Gallagher,MID,Spurs,Brentford,0,1,519,2,4,0,False,2026-08-22T16:30:00Z,3,0,1,45,0,0,0,2,0,0,0,1,0,0,0,1,0.0,5.5,1.0,0.5,1,0.02,0.06,0.08,1.7,55,0,26860,0,0,1,2,0,3
Bergvall,MID,Spurs,Brentford,0,1,520,2,4,1,False,2026-08-22T16:30:00Z,3,0,1,45,0,0,0,2,0,0,0,0,0,0,0,2,0.0,2.0,2.0,0.0,1,0.0,0.01,0.01,1.7,55,0,18443,0,0,1,7,0,8
Kulusevski,MID,Spurs,Brentford,0,1,521,2,4,0,False,2026-08-22T16:30:00Z,3,0,1,0,0,0,0,0,0,0,0,0,0,0,0,0,0.0,0.0,0.0,0.0,0,0.0,0.0,0.0,0.0,65,0,949,0,0,0,0,0,0
Gray,MID,Spurs,Brentford,0,1,522,2,4,2,False,2026-08-22T16:30:00Z,3,0,1,85,0,0,0,3,0,0,0,0,0,0,0,15,6.2,3.3,0.0,1.0,1,0.0,0.01,0.01,3.43,50,0,19767,0,0,1,2,2,5
Moore,MID,Spurs,Brentford,0,1,523,2,4,2,False,2026-08-22T16:30:00Z,3,0,1,67,0,0,0,3,0,0,0,0,0,0,0,10,14.2,5.9,55.0,7.5,1,0.38,0.02,0.4,3.02,50,0,17505,0,0,1,1,0,2
Olusesi,MID,Spurs,Brentford,0,1,524,2,4,0,False,2026-08-22T16:30:00Z,3,0,1,0,0,0,0,0,0,0,0,0,0,0,0,0,0.0,0.0,0.0,0.0,0,0.0,0.0,0.0,0.0,45,0,79913,0,0,0,0,0,0
Fernandes,MID,Spurs,Brentford,0,1,525,2,4,1,False,2026-08-22T16:30:00Z,3,0,1,45,0,0,0,1,0,0,0,0,0,0,0,16,7.2,27.2,2.0,3.6,0,0.0,0.06,0.06,2.18,60,0,178624,0,0,1,1,0,2
Solanke,FWD,Spurs,Brentford,0,1,526,2,4,1,False,2026-08-22T16:30:00Z,3,0,1,22,0,0,0,0,0,0,0,0,0,0,0,3,0.0,0.0,5.0,0.5,0,0.07,0.0,0.07,0.85,60,0,126667,0,0,0,0,0,0
Richarlison,FWD,Spurs,Brentford,0,1,527,2,4,2,False,2026-08-22T16:30:00Z,3,0,1,67,0,0,0,3,0,0,0,0,0,0,0,6,0.0,2.2,0.0,0.2,1,0.0,0.0,0.0,3.02,60,0,283639,0,0,0,0,1,1
Scarlett,FWD,Spurs,Brentford,0,1,528,2,4,0,False,2026-08-22T16:30:00Z,3,0,1,0,0,0,0,0,0,0,0,0,0,0,0,0,0.0,0.0,0.0,0.0,0,0.0,0.0,0.0,0.0,45,0,149807,0,0,0,0,0,0
Roefs,GK,Sunderland,Ipswich Town,0,1,529,5,12,1,False,2026-08-22T14:00:00Z,2,1,1,90,0,0,0,2,0,0,0,0,0,1,0,7,15.2,0.0,0.0,1.5,1,0.0,0.0,0.0,1.8,50,0,397315,0,0,0,8,1,0
Patterson,GK,Sunderland,Ipswich Town,0,1,530,5,12,0,False,2026-08-22T14:00:00Z,2,1,1,0,0,0,0,0,0,0,0,0,0,0,0,0,0.0,0.0,0.0,0.0,0,0.0,0.0,0.0,0.0,40,0,18557,0,0,0,0,0,0
Ellborg,GK,Sunderland,Ipswich Town,0,1,531,5,12,0,False,2026-08-22T14:00:00Z,2,1,1,0,0,0,0,0,0,0,0,0,0,0,0,0,0.0,0.0,0.0,0.0,0,0.0,0.0,0.0,0.0,45,0,8630,0,0,0,0,0,0
Ballard,DEF,Sunderland,Ipswich Town,0,1,532,5,12,0,False,2026-08-22T14:00:00Z,2,1,1,90,0,0,0,2,0,0,0,1,0,0,0,4,18.2,1.2,0.0,1.9,1,0.0,0.01,0.01,1.8,50,0,518741,0,0,2,0,7,9
Mukiele,DEF,Sunderland,Ipswich Town,0,1,533,5,12,0,False,2026-08-22T14:00:00Z,2,1,1,0,0,0,0,0,0,0,0,0,0,0,0,0,0.0,0.0,0.0,0.0,0,0.0,0.0,0.0,0.0,55,0,257772,0,0,0,0,0,0
Hume,DEF,Sunderland,Ipswich Town,0,1,534,5,12,2,False,2026-08-22T14:00:00Z,2,1,1,79,0,0,0,1,0,0,0,0,0,0,0,14,9.4,39.4,13.0,6.2,1,0.04,0.27,0.31,1.69,45,0,641436,0,0,3,6,1,4
Alderete,DEF,Sunderland,Ipswich Town,0,1,535,5,12,1,False,2026-08-22T14:00:00Z,2,1,1,23,0,0,0,1,0,0,0,0,0,0,0,2,0.0,0.6,0.0,0.0,0,0.0,0.01,0.01,0.1,50,0,41929,0,0,0,2,0,0
Reinildo,DEF,Sunderland,Ipswich Town,0,1,536,5,12,1,False,2026-08-22T14:00:00Z,2,1,1,90,0,0,0,2,0,0,0,0,0,0,0,9,23.0,27.5,4.0,5.5,1,0.0,0.29,0.29,1.8,45,0,43515,0,0,3,5,5,8
Seelt,DEF,Sunderland,Ipswich Town,0,1,537,5,12,0,False,2026-08-22T14:00:00Z,2,1,1,0,0,0,0,0,0,0,0,0,0,0,0,0,0.0,0.0,0.0,0.0,0,0.0,0.0,0.0,0.0,45,0,941,0,0,0,0,0,0
Hjelde,DEF,Sunderland,Ipswich Town,0,1,538,5,12,0,False,2026-08-22T14:00:00Z,2,1,1,0,0,0,0,0,0,0,0,0,0,0,0,0,0.0,0.0,0.0,0.0,0,0.0,0.0,0.0,0.0,40,0,6220,0,0,0,0,0,0
O'Nien,DEF,Sunderland,Ipswich Town,0,1,539,5,12,1,False,2026-08-22T14:00:00Z,2,1,1,66,0,0,0,1,0,0,0,1,0,0,0,1,11.4,1.4,4.0,1.7,1,0.01,0.01,0.02,1.69,40,0,332959,0,0,1,4,4,5
Masuaku,DEF,Sunderland,Ipswich Town,0,1,540,5,12,0,False,2026-08-22T14:00:00Z,2,1,1,0,0,0,0,0,0,0,0,0,0,0,0,0,0.0,0.0,0.0,0.0,0,0.0,0.0,0.0,0.0,40,0,25578,0,0,0,0,0,0
Meunier,DEF,Sunderland,Ipswich Town,0,1,541,5,12,1,False,2026-08-22T14:00:00Z,2,1,1,90,0,0,0,2,0,0,0,0,0,0,0,5,13.8,5.3,11.0,3.0,1,0.08,0.08,0.16,1.8,45,0,26928,0,0,2,3,2,4
E.Le Fée,MID,Sunderland,Ipswich Town,0,1,542,5,12,2,False,2026-08-22T14:00:00Z,2,1,1,79,0,0,0,1,0,0,0,0,0,0,0,13,4.6,9.9,0.0,1.5,1,0.0,0.03,0.03,1.69,60,0,942702,0,0,1,1,0,2
Diarra,MID,Sunderland,Ipswich Town,0,1,543,5,12,1,False,2026-08-22T14:00:00Z,2,1,1,10,0,0,0,1,0,0,0,0,0,0,0,3,0.4,0.6,2.0,0.3,0,0.03,0.0,0.03,0.1,55,0,6286,0,0,0,0,0,0
Xhaka,MID,Sunderland,Ipswich Town,0,1,544,5,12,9,False,2026-08-22T14:00:00Z,2,1,1,90,0,1,0,2,0,0,0,0,0,0,2,31,18.8,31.4,0.0,5.0,1,0.0,0.09,0.09,1.8,55,0,392611,0,0,3,8,2,13
Sadiki,MID,Sunderland,Ipswich Town,0,1,545,5,12,2,False,2026-08-22T14:00:00Z,2,1,1,90,0,0,0,2,0,0,0,0,0,0,0,18,14.6,32.1,25.0,7.2,1,0.06,0.03,0.09,1.8,50,0,32634,0,0,0,2,0,2
Adingra,MID,Sunderland,Ipswich Town,0,1,546,5,12,0,False,2026-08-22T14:00:00Z,2,1,1,0,0,0,0,0,0,0,0,0,0,0,0,0,0.0,0.0,0.0,0.0,0,0.0,0.0,0.0,0.0,50,0,9551,0,0,0,0,0,0
Mundle,MID,Sunderland,Ipswich Town,0,1,547,5,12,0,False,2026-08-22T14:00:00Z,2,1,1,0,0,0,0,0,0,0,0,0,0,0,0,0,0.0,0.0,0.0,0.0,0,0.0,0.0,0.0,0.0,50,0,801,0,0,0,0,0,0
Rigg,MID,Sunderland,Ipswich Town,0,1,548,5,12,1,False,2026-08-22T14:00:00Z,2,1,1,10,0,0,0,1,0,0,0,0,0,0,0,3,0.0,0.3,0.0,0.0,0,0.0,0.0,0.0,0.1,50,0,6214,0,0,0,1,0,1
Talbi,MID,Sunderland,Ipswich Town,0,1,549,5,12,1,False,2026-08-22T14:00:00Z,2,1,1,31,0,0,0,1,0,0,0,0,0,0,0,1,0.0,0.9,0.0,0.0,0,0.0,0.0,0.0,0.14,55,0,20822,0,0,0,2,0,2
Jocelin.T,MID,Sunderland,Ipswich Town,0,1,550,5,12,0,False,2026-08-22T14:00:00Z,2,1,1,0,0,0,0,0,0,0,0,0,0,0,0,0,0.0,0.0,0.0,0.0,0,0.0,0.0,0.0,0.0,50,0,501,0,0,0,0,0,0
N.Angulo,MID,Sunderland,Ipswich Town,0,1,551,5,12,5,False,2026-08-22T14:00:00Z,2,1,1,58,1,0,0,1,0,0,0,1,0,0,0,23,32.8,3.3,16.0,5.2,1,0.15,0.01,0.16,1.66,50,0,5260,0,0,1,5,1,7
Brobbey,FWD,Sunderland,Ipswich Town,0,1,552,5,12,2,False,2026-08-22T14:00:00Z,2,1,1,66,0,0,0,1,0,0,0,0,0,0,0,1,0.0,1.5,9.0,1.1,1,0.3,0.0,0.3,1.69,60,0,1279847,0,0,0,0,0,0
Isidor,FWD,Sunderland,Ipswich Town,0,1,553,5,12,1,False,2026-08-22T14:00:00Z,2,1,1,23,0,0,0,1,0,0,0,0,0,0,0,3,0.0,0.2,0.0,0.0,0,0.0,0.0,0.0,0.1,55,0,90196,0,0,0,0,0,0
Van Oevelen,GK,Ipswich Town,Sunderland,0,1,554,5,20,0,True,2026-08-22T14:00:00Z,2,1,1,0,0,0,0,0,0,0,0,0,0,0,0,0,0.0,0.0,0.0,0.0,0,0.0,0.0,0.0,0.0,45,0,3509,0,0,0,0,0,0
Matthews,GK,Crystal Palace,Everton,0,1,555,3,9,0,False,2026-08-22T14:00:00Z,2,0,1,0,0,0,0,0,0,0,0,0,0,0,0,0,0.0,0.0,0.0,0.0,0,0.0,0.0,0.0,0.0,40,0,156141,0,0,0,0,0,0
Targett,DEF,Hull City,Man Utd,0,1,556,4,16,1,True,2026-08-22T11:30:00Z,2,0,1,5,0,0,0,0,0,0,0,0,0,0,0,3,0.4,0.0,0.0,0.0,0,0.0,0.0,0.0,0.07,40,0,218902,0,0,0,1,0,0
Tzolis,MID,Arsenal,Coventry City,0,1,557,1,7,6,True,2026-08-21T19:00:00Z,3,0,1,75,0,1,1,0,0,0,0,0,0,0,0,30,17.0,39.8,30.0,8.7,1,0.19,0.14,0.33,0.06,65,0,2247384,0,0,1,3,2,6
Schlager,MID,Nott'm Forest,Leeds,0,1,558,6,13,1,True,2026-08-22T14:00:00Z,0,1,1,16,0,0,0,1,0,0,0,0,0,0,0,3,0.6,1.0,2.0,0.4,0,0.0,0.0,0.0,0.13,50,0,10065,0,0,0,1,0,1
Bamba,MID,Newcastle,Liverpool,0,1,559,9,14,1,True,2026-08-23T15:30:00Z,2,2,1,14,0,0,0,1,0,0,0,0,0,0,0,5,4.0,0.0,0.0,0.4,0,0.0,0.0,0.0,1.04,50,0,12608,0,0,1,0,1,2
Penders,GK,Chelsea,Fulham,0,1,560,10,10,0,False,2026-08-24T19:00:00Z,2,3,1,0,0,0,0,0,0,0,0,0,0,0,0,0,0.0,0.0,0.0,0.0,0,0.0,0.0,0.0,0.0,45,0,6087,0,0,0,0,0,0
Anselmino,DEF,Chelsea,Fulham,0,1,561,10,10,0,False,2026-08-24T19:00:00Z,2,3,1,0,0,0,0,0,0,0,0,0,0,0,0,0,0.0,0.0,0.0,0.0,0,0.0,0.0,0.0,0.0,45,0,1770,0,0,0,0,0,0
Maeda,MID,Ipswich Town,Sunderland,0,1,562,5,20,2,True,2026-08-22T14:00:00Z,2,1,1,79,0,0,0,1,0,0,0,0,0,0,0,7,12.6,1.4,7.0,2.1,1,0.61,0.0,0.61,0.63,55,0,37656,0,0,4,2,3,9
Morita,MID,Hull City,Man Utd,0,1,563,4,16,0,True,2026-08-22T11:30:00Z,2,0,1,0,0,0,0,0,0,0,0,0,0,0,0,0,0.0,0.0,0.0,0.0,0,0.0,0.0,0.0,0.0,50,0,2175,0,0,0,0,0,0
Scherpen,GK,Ipswich Town,Sunderland,0,1,564,5,20,2,True,2026-08-22T14:00:00Z,2,1,1,90,0,0,0,1,0,0,0,0,0,2,0,12,14.4,0.0,0.0,1.4,1,0.0,0.0,0.0,0.66,45,0,57252,0,0,0,10,1,0
M.Sangaré,MID,Brentford,Spurs,0,1,565,2,19,14,True,2026-08-22T16:30:00Z,3,0,1,75,0,2,1,0,0,0,0,0,0,0,3,41,31.6,21.8,21.0,7.4,1,0.05,0.33,0.38,0.47,55,0,294770,0,0,2,7,4,13
Silva,DEF,Bournemouth,Man City,0,1,566,8,15,2,False,2026-08-23T13:00:00Z,2,1,1,90,0,0,0,2,0,0,0,1,0,0,0,5,31.4,0.3,0.0,3.2,1,0.0,0.0,0.0,2.25,50,0,23702,0,0,0,1,13,13
Horníček,GK,Newcastle,Liverpool,0,1,567,9,14,1,True,2026-08-23T15:30:00Z,2,2,1,90,0,0,0,2,0,0,0,1,0,5,0,12,41.2,0.0,0.0,4.1,1,0.0,0.0,0.0,2.98,50,0,55382,0,0,0,5,3,0
Barco,MID,Chelsea,Fulham,0,1,568,10,10,0,False,2026-08-24T19:00:00Z,2,3,1,0,0,0,0,0,0,0,0,0,0,0,0,0,0.0,0.0,0.0,0.0,0,0.0,0.0,0.0,0.0,55,0,12041,0,0,0,0,0,0
Gonzalo,FWD,Fulham,Chelsea,0,1,569,10,6,6,True,2026-08-24T19:00:00Z,2,3,1,90,1,0,0,3,0,0,0,0,0,0,0,33,37.2,4.3,40.0,8.2,1,0.73,0.01,0.74,2.24,60,0,180799,0,0,1,1,0,2
Palacios,MID,Fulham,Chelsea,0,1,570,10,6,2,True,2026-08-24T19:00:00Z,2,3,1,72,0,0,0,3,0,0,0,0,0,0,0,10,2.8,7.3,8.0,1.8,1,0.16,0.01,0.17,2.21,55,0,18267,0,0,2,2,0,4
Florentino,MID,Ipswich Town,Sunderland,0,1,571,5,20,0,True,2026-08-22T14:00:00Z,2,1,1,0,0,0,0,0,0,0,0,0,0,0,0,0,0.0,0.0,0.0,0.0,0,0.0,0.0,0.0,0.0,50,0,12850,0,0,0,0,0,0
Tzolakis,GK,Hull City,Man Utd,0,1,572,4,16,10,True,2026-08-22T11:30:00Z,2,0,1,90,0,0,1,0,0,0,0,0,0,5,3,41,34.6,0.0,0.0,3.5,1,0.0,0.0,0.0,1.83,45,0,48305,0,0,0,22,0,0
Sanchez,DEF,Bournemouth,Man City,0,1,573,8,15,0,False,2026-08-23T13:00:00Z,2,1,1,0,0,0,0,0,0,0,0,0,0,0,0,0,0.0,0.0,0.0,0.0,0,0.0,0.0,0.0,0.0,45,0,18342,0,0,0,0,0,0
Hjertø-Dahl,MID,Hull City,Man Utd,0,1,574,4,16,0,True,2026-08-22T11:30:00Z,2,0,1,0,0,0,0,0,0,0,0,0,0,0,0,0,0.0,0.0,0.0,0.0,0,0.0,0.0,0.0,0.0,50,0,7500,0,0,0,0,0,0
Yirenkyi,MID,Coventry City,Arsenal,0,1,575,1,1,1,False,2026-08-21T19:00:00Z,3,0,1,61,0,0,0,3,0,0,0,1,0,0,0,2,0.0,3.1,0.0,0.0,1,0.0,0.0,0.0,1.56,50,0,23536,0,0,0,3,0,3
Stroud,MID,Hull City,Man Utd,0,1,576,4,16,3,True,2026-08-22T11:30:00Z,2,0,1,70,0,0,1,0,0,0,0,0,0,0,0,11,8.4,4.8,0.0,1.3,1,0.0,0.03,0.03,1.16,50,0,6733,0,0,3,2,1,6
Tomiyasu,DEF,Crystal Palace,Everton,0,1,577,3,9,1,False,2026-08-22T14:00:00Z,2,0,1,18,0,0,0,0,0,0,0,0,0,0,0,3,2.4,2.4,0.0,0.5,0,0.0,0.01,0.01,0.14,45,0,31543,0,0,0,1,1,1
Mudryk,MID,Spurs,Fulham,0,1,578,10,10,0,False,2026-08-24T19:00:00Z,2,3,1,0,0,0,0,0,0,0,0,0,0,0,0,0,0.0,0.0,0.0,0.0,0,0.0,0.0,0.0,0.0,55,0,3847,0,0,0,0,0,0
Araujo,DEF,Liverpool,Newcastle,0,1,579,9,17,1,False,2026-08-23T15:30:00Z,2,2,1,20,0,0,0,0,0,0,0,0,0,0,0,3,13.2,1.2,0.0,1.4,0,0.0,0.03,0.03,0.54,55,0,211388,0,0,1,1,3,4
Charles,MID,Fulham,Chelsea,0,1,580,10,6,1,True,2026-08-24T19:00:00Z,2,3,1,23,0,0,0,0,0,0,0,0,0,0,0,5,3.4,1.3,0.0,0.5,0,0.0,0.0,0.0,0.03,50,0,8110,0,0,1,2,0,3
Diomande,DEF,Nott'm Forest,Leeds,0,1,581,6,13,0,True,2026-08-22T14:00:00Z,0,1,1,0,0,0,0,0,0,0,0,0,0,0,0,0,0.0,0.0,0.0,0.0,0,0.0,0.0,0.0,0.0,55,0,67092,0,0,0,0,0,0
Madjo,FWD,Aston Villa,Brighton,0,1,582,7,5,0,False,2026-08-23T13:00:00Z,4,0,1,0,0,0,0,0,0,0,0,0,0,0,0,0,0.0,0.0,0.0,0.0,0,0.0,0.0,0.0,0.0,55,0,46241,0,0,0,0,0,0
Chavarria,DEF,Chelsea,Fulham,0,1,583,10,10,1,False,2026-08-24T19:00:00Z,2,3,1,25,0,0,0,0,0,0,0,0,0,0,0,3,2.4,0.2,2.0,0.5,0,0.0,0.0,0.0,0.28,50,0,17073,0,0,0,1,1,1
Hamer,MID,Coventry City,Arsenal,0,1,584,1,1,1,False,2026-08-21T19:00:00Z,3,0,1,8,0,0,0,0,0,0,0,0,0,0,0,3,0.4,0.3,0.0,0.1,0,0.0,0.0,0.0,0.13,55,0,12932,0,0,0,1,0,1
Herrington,DEF,Hull City,Man Utd,0,1,585,4,16,1,True,2026-08-22T11:30:00Z,2,0,1,26,0,0,0,0,0,0,0,0,0,0,0,4,8.0,0.0,0.0,0.8,0,0.0,0.0,0.0,0.96,40,0,53978,0,0,0,0,4,4
Mendy,DEF,Hull City,Man Utd,0,1,586,4,16,15,True,2026-08-22T11:30:00Z,2,0,1,63,1,0,1,0,0,0,0,0,0,0,1,35,51.8,0.6,33.0,8.5,1,0.28,0.0,0.28,0.86,40,0,92688,0,0,0,2,13,13
Rulli,GK,Man City,Bournemouth,0,1,587,8,3,0,True,2026-08-23T13:00:00Z,2,1,1,0,0,0,0,0,0,0,0,0,0,0,0,0,0.0,0.0,0.0,0.0,0,0.0,0.0,0.0,0.0,50,0,1589,0,0,0,0,0,0
Khalaili,DEF,Crystal Palace,Everton,0,1,588,3,9,1,False,2026-08-22T14:00:00Z,2,0,1,35,0,0,0,0,0,0,0,0,0,0,0,12,24.0,26.5,4.0,5.5,0,0.0,0.16,0.16,0.27,50,0,8418,0,0,4,3,5,9
Gourna-Douath,MID,Hull City,Man Utd,0,1,589,4,16,0,True,2026-08-22T11:30:00Z,2,0,1,0,0,0,0,0,0,0,0,0,0,0,0,0,0.0,0.0,0.0,0.0,0,0.0,0.0,0.0,0.0,50,0,2352,0,0,0,0,0,0
Benda,GK,Nott'm Forest,Leeds,0,1,590,6,13,0,True,2026-08-22T14:00:00Z,0,1,1,0,0,0,0,0,0,0,0,0,0,0,0,0,0.0,0.0,0.0,0.0,0,0.0,0.0,0.0,0.0,45,0,5245,0,0,0,0,0,0
Enciso,MID,Ipswich Town,Sunderland,0,1,591,5,20,5,True,2026-08-22T14:00:00Z,2,1,1,70,0,1,0,1,0,0,0,0,0,0,0,24,21.6,14.0,18.0,5.4,1,0.23,0.31,0.54,0.63,55,0,24595,0,0,1,5,2,8
Ouattara,DEF,Ipswich Town,Sunderland,0,1,592,5,20,1,True,2026-08-22T14:00:00Z,2,1,1,10,0,0,0,0,0,0,0,0,0,0,0,4,5.2,10.0,0.0,1.5,0,0.0,0.0,0.0,0.03,40,0,86218,0,0,0,0,2,2
Dedić,DEF,Newcastle,Liverpool,0,1,593,9,14,1,True,2026-08-23T15:30:00Z,2,2,1,90,0,0,0,2,0,0,0,0,0,0,0,-1,16.4,1.2,5.0,2.3,1,0.03,0.0,0.03,2.98,45,0,20712,0,0,2,2,7,9
David,FWD,Brighton,Aston Villa,0,1,594,7,2,0,True,2026-08-23T13:00:00Z,4,0,1,0,0,0,0,0,0,0,0,0,0,0,0,0,0.0,0.0,0.0,0.0,0,0.0,0.0,0.0,0.0,60,0,20944,0,0,0,0,0,0
Gozo,MID,Crystal Palace,Everton,0,1,595,3,9,0,False,2026-08-22T14:00:00Z,2,0,1,0,0,0,0,0,0,0,0,0,0,0,0,0,0.0,0.0,0.0,0.0,0,0.0,0.0,0.0,0.0,50,0,1214,0,0,0,0,0,0
Ruggeri,DEF,Aston Villa,Brighton,0,1,596,7,5,1,False,2026-08-23T13:00:00Z,4,0,1,8,0,0,0,0,0,0,0,0,0,0,0,3,4.0,0.0,0.0,0.4,0,0.0,0.0,0.0,0.14,45,0,7884,0,0,2,0,0,2
Suzuki,GK,Aston Villa,Brighton,0,1,597,7,5,0,False,2026-08-23T13:00:00Z,4,0,1,0,0,0,0,0,0,0,0,0,0,0,0,0,0.0,0.0,0.0,0.0,0,0.0,0.0,0.0,0.0,50,0,61739,0,0,0,0,0,0
Elvedi,DEF,Leeds,Nott'm Forest,0,1,598,6,18,0,False,2026-08-22T14:00:00Z,0,1,1,0,0,0,0,0,0,0,0,0,0,0,0,0,0.0,0.0,0.0,0.0,0,0.0,0.0,0.0,0.0,45,0,1842,0,0,0,0,0,0
Cherif,FWD,Coventry City,Arsenal,0,1,599,1,1,0,False,2026-08-21T19:00:00Z,3,0,1,0,0,0,0,0,0,0,0,0,0,0,0,0,0.0,0.0,0.0,0.0,0,0.0,0.0,0.0,0.0,50,0,7348,0,0,0,0,0,0
Osman,MID,Brighton,Aston Villa,0,1,600,7,2,1,True,2026-08-23T13:00:00Z,4,0,1,12,0,0,0,0,0,0,0,0,0,0,0,7,4.2,15.4,4.0,2.4,0,0.0,0.05,0.05,0.0,50,0,633,0,0,0,2,0,2
Williams-Barnett,MID,Spurs,Brentford,0,1,601,2,4,0,False,2026-08-22T16:30:00Z,3,0,1,0,0,0,0,0,0,0,0,0,0,0,0,0,0.0,0.0,0.0,0.0,0,0.0,0.0,0.0,0.0,45,0,0,0,0,0,0,0,0
Humphreys,MID,Ipswich Town,Sunderland,0,1,602,5,20,0,True,2026-08-22T14:00:00Z,2,1,1,0,0,0,0,0,0,0,0,0,0,0,0,0,0.0,0.0,0.0,0.0,0,0.0,0.0,0.0,0.0,45,0,0,0,0,0,0,0,0
Lienou,DEF,Leeds,Nott'm Forest,0,1,603,6,18,0,False,2026-08-22T14:00:00Z,0,1,1,0,0,0,0,0,0,0,0,0,0,0,0,0,0.0,0.0,0.0,0.0,0,0.0,0.0,0.0,0.0,40,0,0,0,0,0,0,0,0
Cresswell,MID,Leeds,Nott'm Forest,0,1,604,6,18,0,False,2026-08-22T14:00:00Z,0,1,1,0,0,0,0,0,0,0,0,0,0,0,0,0,0.0,0.0,0.0,0.0,0,0.0,0.0,0.0,0.0,45,0,0,0,0,0,0,0,0
Yalcouyé,MID,Brighton,Aston Villa,0,1,605,7,2,1,True,2026-08-23T13:00:00Z,4,0,1,4,0,0,0,0,0,0,0,0,0,0,0,3,0.6,2.7,0.0,0.3,0,0.0,0.01,0.01,0.0,45,0,0,0,0,0,0,0,0
Rowe,DEF,Aston Villa,Brighton,0,1,606,7,5,0,False,2026-08-23T13:00:00Z,4,0,1,0,0,0,0,0,0,0,0,0,0,0,0,0,0.0,0.0,0.0,0.0,0,0.0,0.0,0.0,0.0,40,0,0,0,0,0,0,0,0
Lynch,MID,Aston Villa,Brighton,0,1,607,7,5,0,False,2026-08-23T13:00:00Z,4,0,1,0,0,0,0,0,0,0,0,0,0,0,0,0,0.0,0.0,0.0,0.0,0,0.0,0.0,0.0,0.0,45,0,0,0,0,0,0,0,0
Jebbison,FWD,Bournemouth,Man City,0,1,608,8,15,1,False,2026-08-23T13:00:00Z,2,1,1,15,0,0,0,2,0,0,0,0,0,0,0,6,3.4,0.8,17.0,2.1,0,0.1,0.0,0.1,0.31,50,0,0,0,0,0,1,0,1
Shahar,DEF,Newcastle,Liverpool,0,1,609,9,14,0,True,2026-08-23T15:30:00Z,2,2,1,0,0,0,0,0,0,0,0,0,0,0,0,0,0.0,0.0,0.0,0.0,0,0.0,0.0,0.0,0.0,40,0,0,0,0,0,0,0,0
De Fougerolles,DEF,Fulham,Chelsea,0,1,610,10,6,0,True,2026-08-24T19:00:00Z,2,3,1,0,0,0,0,0,0,0,0,0,0,0,0,0,0.0,0.0,0.0,0.0,0,0.0,0.0,0.0,0.0,40,0,0,0,0,0,0,0,0
Raya,GK,Arsenal,Aston Villa,0,2,1,20,2,6,False,2026-08-31T19:00:00Z,0,1,2,90,0,0,1,0,0,0,0,0,0,0,0,21,5.6,0.0,0.0,0.6,1,0.0,0.0,0.0,0.33,60,24756,3801300,106734,81978,0,11,1,0
Arrizabalaga,GK,Arsenal,Aston Villa,0,2,2,20,2,0,False,2026-08-31T19:00:00Z,0,1,2,0,0,0,0,0,0,0,0,0,0,0,0,0,0.0,0.0,0.0,0.0,0,0.0,0.0,0.0,0.0,50,-1067,7844,322,1389,0,0,0,0
Meslier,GK,Arsenal,Aston Villa,0,2,3,20,2,0,False,2026-08-31T19:00:00Z,0,1,2,0,0,0,0,0,0,0,0,0,0,0,0,0,0.0,0.0,0.0,0.0,0,0.0,0.0,0.0,0.0,50,-391,3125,101,492,0,0,0,0
Gabriel,DEF,Arsenal,Aston Villa,0,2,4,20,2,8,False,2026-08-31T19:00:00Z,0,1,2,90,0,0,1,0,0,0,0,0,0,0,0,23,18.2,3.2,6.0,2.7,1,0.13,0.02,0.15,0.33,80,-65343,2878770,58765,124108,2,5,8,10
J.Timber,DEF,Arsenal,Aston Villa,0,2,5,20,2,0,False,2026-08-31T19:00:00Z,0,1,2,0,0,0,0,0,0,0,0,0,0,0,0,0,0.0,0.0,0.0,0.0,0,0.0,0.0,0.0,0.0,65,-2703,9810,401,3104,0,0,0,0
Saliba,DEF,Arsenal,Aston Villa,0,2,6,20,2,0,False,2026-08-31T19:00:00Z,0,1,2,0,0,0,0,0,0,0,0,0,0,0,0,0,0.0,0.0,0.0,0.0,0,0.0,0.0,0.0,0.0,60,-5970,25581,846,6816,0,0,0,0
Lewis-Skelly,MID,Arsenal,Aston Villa,0,2,7,20,2,3,False,2026-08-31T19:00:00Z,0,1,2,70,0,0,1,0,0,0,0,0,0,0,0,15,10.6,3.2,5.0,1.9,1,0.07,0.02,0.09,0.33,55,642,70615,9693,9051,0,1,4,5
Calafiori,DEF,Arsenal,Aston Villa,0,2,8,20,2,11,False,2026-08-31T19:00:00Z,0,1,2,90,0,1,1,0,0,0,0,0,0,0,2,30,21.2,11.9,9.0,4.2,1,0.11,0.46,0.57,0.33,56,268472,4150694,310105,41633,1,4,2,3
Hincapie,DEF,Arsenal,Aston Villa,0,2,9,20,2,0,False,2026-08-31T19:00:00Z,0,1,2,0,0,0,0,0,0,0,0,0,0,0,0,0,0.0,0.0,0.0,0.0,0,0.0,0.0,0.0,0.0,54,-37136,145234,3910,41046,0,0,0,0
White,DEF,Arsenal,Aston Villa,0,2,10,20,2,7,False,2026-08-31T19:00:00Z,0,1,2,90,0,0,1,0,0,0,0,0,0,0,1,26,16.4,20.3,0.0,3.7,1,0.0,0.05,0.05,0.33,55,119886,683136,144941,25055,1,2,3,4
Mosquera,DEF,Arsenal,Aston Villa,0,2,11,20,2,6,False,2026-08-31T19:00:00Z,0,1,2,78,0,0,1,0,0,0,0,0,0,0,0,25,10.2,1.4,0.0,1.2,1,0.0,0.01,0.01,0.33,55,-30539,566006,15410,45949,0,0,4,4
Saka,MID,Arsenal,Aston Villa,0,2,12,20,2,11,False,2026-08-31T19:00:00Z,0,1,2,90,1,0,1,0,0,0,0,0,0,0,3,46,41.0,8.0,44.0,9.3,1,0.63,0.04,0.67,0.33,95,53683,1039189,88913,35230,2,6,3,11
Rice,MID,Arsenal,Aston Villa,0,2,13,20,2,5,False,2026-08-31T19:00:00Z,0,1,2,84,0,0,1,0,0,0,0,0,0,0,0,19,24.0,27.6,0.0,5.2,1,0.0,0.1,0.1,0.33,75,-122235,1662633,35487,157722,3,7,2,12
Eze,MID,Arsenal,Aston Villa,0,2,14,20,2,1,False,2026-08-31T19:00:00Z,0,1,2,45,0,0,0,0,0,0,0,0,0,0,0,6,1.6,2.0,2.0,0.6,0,0.0,0.07,0.07,0.24,65,-38776,169814,5716,44492,0,3,0,3
Ødegaard,MID,Arsenal,Aston Villa,0,2,15,20,2,3,False,2026-08-31T19:00:00Z,0,1,2,70,0,0,1,0,0,0,0,0,0,0,0,13,6.8,6.8,5.0,1.9,1,0.08,0.07,0.15,0.33,66,252699,1174125,289559,36860,2,1,2,5
Madueke,MID,Arsenal,Aston Villa,0,2,16,20,2,0,False,2026-08-31T19:00:00Z,0,1,2,0,0,0,0,0,0,0,0,0,0,0,0,0,0.0,0.0,0.0,0.0,0,0.0,0.0,0.0,0.0,64,-6819,29476,1412,8231,0,0,0,0
Merino,MID,Arsenal,Aston Villa,0,2,17,20,2,1,False,2026-08-31T19:00:00Z,0,1,2,19,0,0,0,0,0,0,0,0,0,0,0,7,2.8,1.0,0.0,0.4,0,0.0,0.0,0.0,0.0,60,-12835,58253,2422,15257,0,4,0,4
Martinelli,MID,Arsenal,Aston Villa,0,2,18,20,2,0,False,2026-08-31T19:00:00Z,0,1,2,0,0,0,0,0,0,0,0,0,0,0,0,0,0.0,0.0,0.0,0.0,0,0.0,0.0,0.0,0.0,64,-5718,19331,1318,7036,0,0,0,0
Zubimendi,MID,Arsenal,Aston Villa,0,2,19,20,2,1,False,2026-08-31T19:00:00Z,0,1,2,5,0,0,0,0,0,0,0,0,0,0,0,5,4.8,0.9,0.0,0.6,0,0.0,0.0,0.0,0.0,55,-19013,94430,1579,20592,2,0,0,2
Dowman,MID,Arsenal,Aston Villa,0,2,20,20,2,0,False,2026-08-31T19:00:00Z,0,1,2,0,0,0,0,0,0,0,0,0,0,0,0,0,0.0,0.0,0.0,0.0,0,0.0,0.0,0.0,0.0,54,-1857,8233,473,2330,0,0,0,0
Nørgaard,MID,Everton,Bournemouth,0,2,21,12,3,0,False,2026-08-29T14:00:00Z,1,1,2,0,0,0,0,0,0,0,0,0,0,0,0,0,0.0,0.0,0.0,0.0,0,0.0,0.0,0.0,0.0,50,-2764,8315,102,2866,0,0,0,0
Nwaneri,MID,Arsenal,Aston Villa,0,2,22,20,2,0,False,2026-08-31T19:00:00Z,0,1,2,0,0,0,0,0,0,0,0,0,0,0,0,0,0.0,0.0,0.0,0.0,0,0.0,0.0,0.0,0.0,55,-248,1254,76,324,0,0,0,0
Fábio Vieira,MID,Arsenal,Aston Villa,0,2,23,20,2,0,False,2026-08-31T19:00:00Z,0,1,2,0,0,0,0,0,0,0,0,0,0,0,0,0,0.0,0.0,0.0,0.0,0,0.0,0.0,0.0,0.0,55,-135,979,80,215,0,0,0,0
Nelson,MID,Arsenal,Aston Villa,0,2,24,20,2,0,False,2026-08-31T19:00:00Z,0,1,2,0,0,0,0,0,0,0,0,0,0,0,0,0,0.0,0.0,0.0,0.0,0,0.0,0.0,0.0,0.0,55,-108,966,64,172,0,0,0,0
Gyökeres,FWD,Arsenal,Aston Villa,0,2,25,20,2,0,False,2026-08-31T19:00:00Z,0,1,2,0,0,0,0,0,0,0,0,0,0,0,0,0,0.0,0.0,0.0,0.0,0,0.0,0.0,0.0,0.0,74,-229353,650596,8776,238129,0,0,0,0
Havertz,FWD,Arsenal,Aston Villa,0,2,26,20,2,2,False,2026-08-31T19:00:00Z,0,1,2,90,0,0,1,0,0,0,0,0,0,0,0,5,2.4,3.4,23.0,2.9,1,0.02,0.03,0.05,0.33,75,148783,752082,187608,38825,0,5,0,5
G.Jesus,FWD,Arsenal,Aston Villa,0,2,27,20,2,0,False,2026-08-31T19:00:00Z,0,1,2,0,0,0,0,0,0,0,0,0,0,0,0,0,0.0,0.0,0.0,0.0,0,0.0,0.0,0.0,0.0,60,-5264,32779,1914,7178,0,0,0,0
Martinez,GK,Chelsea,Brighton,0,2,28,16,5,2,True,2026-08-30T13:00:00Z,4,3,2,90,0,0,0,3,0,0,0,0,0,4,0,18,36.2,20.0,0.0,5.6,1,0.0,0.01,0.01,1.41,50,-42289,419555,14876,8115,0,13,1,0
M.Bizot,GK,Aston Villa,Arsenal,0,2,29,20,1,0,True,2026-08-31T19:00:00Z,0,1,2,0,0,0,0,0,0,0,0,0,0,0,0,0,0.0,0.0,0.0,0.0,0,0.0,0.0,0.0,0.0,45,-36,13320,845,881,0,0,0,0
Digne,DEF,Aston Villa,Arsenal,0,2,30,20,1,0,True,2026-08-31T19:00:00Z,0,1,2,0,0,0,0,0,0,0,0,0,0,0,0,0,0.0,0.0,0.0,0.0,0,0.0,0.0,0.0,0.0,45,-4977,8690,0,4977,0,0,0,0
Konsa,DEF,Arsenal,Aston Villa,0,2,31,20,2,1,False,2026-08-31T19:00:00Z,0,1,2,11,0,0,0,0,0,0,0,0,0,0,0,3,3.2,0.1,0.0,0.3,0,0.0,0.0,0.0,0.0,45,-179766,1061562,49821,229587,0,0,1,1
Cash,DEF,Aston Villa,Arsenal,0,2,32,20,1,2,True,2026-08-31T19:00:00Z,0,1,2,77,0,0,0,1,0,0,0,0,0,0,0,8,14.0,1.8,7.0,2.3,1,0.15,0.01,0.16,1.04,45,-79349,749133,26978,106327,4,1,2,6
Mings,DEF,Aston Villa,Arsenal,0,2,33,20,1,0,True,2026-08-31T19:00:00Z,0,1,2,0,0,0,0,0,0,0,0,0,0,0,0,0,0.0,0.0,0.0,0.0,0,0.0,0.0,0.0,0.0,45,-254,38144,3253,3507,0,0,0,0
Pau,DEF,Aston Villa,Arsenal,0,2,34,20,1,2,True,2026-08-31T19:00:00Z,0,1,2,90,0,0,0,1,0,0,0,0,0,0,0,6,11.0,0.8,0.0,1.2,1,0.0,0.01,0.01,1.04,45,-3229,41549,1831,5060,1,8,3,4
Bogarde,MID,Aston Villa,Arsenal,0,2,35,20,1,0,True,2026-08-31T19:00:00Z,0,1,2,0,0,0,0,0,0,0,0,0,0,0,0,0,0.0,0.0,0.0,0.0,0,0.0,0.0,0.0,0.0,50,-349,6973,636,985,0,0,0,0
Maatsen,DEF,Aston Villa,Arsenal,0,2,36,20,1,1,True,2026-08-31T19:00:00Z,0,1,2,90,0,0,0,1,0,0,0,1,0,0,0,-5,4.8,0.5,12.0,1.7,1,0.07,0.0,0.07,1.04,45,-6312,72655,2546,8858,3,2,5,8
Lindelöf,DEF,Aston Villa,Arsenal,0,2,37,20,1,2,True,2026-08-31T19:00:00Z,0,1,2,90,0,0,0,1,0,0,0,0,0,0,0,10,15.0,1.2,0.0,1.6,1,0.0,0.08,0.08,1.04,45,-2236,27172,1775,4011,1,1,6,7
A.García,DEF,Aston Villa,Arsenal,0,2,38,20,1,0,True,2026-08-31T19:00:00Z,0,1,2,0,0,0,0,0,0,0,0,0,0,0,0,0,0.0,0.0,0.0,0.0,0,0.0,0.0,0.0,0.0,40,-6584,167046,7339,13923,0,0,0,0
Nedeljkovic,DEF,Aston Villa,Arsenal,0,2,39,20,1,0,True,2026-08-31T19:00:00Z,0,1,2,0,0,0,0,0,0,0,0,0,0,0,0,0,0.0,0.0,0.0,0.0,0,0.0,0.0,0.0,0.0,40,-7238,21591,0,7238,0,0,0,0
Rogers,MID,Chelsea,Brighton,0,2,40,16,5,5,True,2026-08-30T13:00:00Z,4,3,2,90,0,1,0,3,0,0,0,0,0,0,0,28,26.8,46.5,23.0,9.6,1,0.14,1.01,1.15,1.41,75,180102,2607781,251851,71749,1,3,1,5
Buendía,MID,Aston Villa,Arsenal,0,2,41,20,1,2,True,2026-08-31T19:00:00Z,0,1,2,90,0,0,0,1,0,0,0,0,0,0,0,9,5.0,13.2,9.0,2.7,1,0.04,0.02,0.06,1.04,60,-16866,114718,5020,21886,1,4,0,5
Guessand,MID,Crystal Palace,Man City,0,2,42,11,15,1,True,2026-08-28T19:00:00Z,1,4,2,27,0,0,0,1,0,0,0,0,0,0,0,3,2.2,0.3,0.0,0.3,0,0.0,0.01,0.01,0.2,55,-140,4594,483,623,0,0,1,1
Tielemans,MID,Man Utd,Ipswich Town,0,2,43,18,12,4,True,2026-08-30T15:30:00Z,5,2,2,90,0,0,0,2,0,0,0,0,0,0,0,26,33.2,46.3,20.0,10.0,1,0.47,0.11,0.58,2.06,60,-23073,232262,12631,35704,2,7,4,13
Bailey,MID,Aston Villa,Arsenal,0,2,44,20,1,0,True,2026-08-31T19:00:00Z,0,1,2,0,0,0,0,0,0,0,0,0,0,0,0,0,0.0,0.0,0.0,0.0,0,0.0,0.0,0.0,0.0,55,-1655,14192,1002,2657,0,0,0,0
McGinn,MID,Aston Villa,Arsenal,0,2,45,20,1,1,True,2026-08-31T19:00:00Z,0,1,2,90,0,0,0,1,0,0,0,1,0,0,0,2,0.0,12.0,10.0,1.7,1,0.05,0.05,0.1,1.04,55,-37047,274653,7606,44653,1,2,1,4
Barkley,MID,Aston Villa,Arsenal,0,2,46,20,1,2,True,2026-08-31T19:00:00Z,0,1,2,77,0,0,0,1,0,0,0,0,0,0,0,23,12.8,23.3,2.0,3.8,1,0.03,0.02,0.05,1.04,50,-841,23246,1875,2716,3,6,1,10
Kamara,MID,Aston Villa,Arsenal,0,2,47,20,1,2,True,2026-08-31T19:00:00Z,0,1,2,90,0,0,0,1,0,0,0,0,0,0,0,13,10.6,14.2,0.0,2.5,1,0.0,0.03,0.03,1.04,50,-2250,33591,2489,4739,1,4,3,8
Onana,MID,Aston Villa,Arsenal,0,2,48,20,1,0,True,2026-08-31T19:00:00Z,0,1,2,0,0,0,0,0,0,0,0,0,0,0,0,0,0.0,0.0,0.0,0.0,0,0.0,0.0,0.0,0.0,50,-372,2156,157,529,0,0,0,0
Iling Jr,MID,Aston Villa,Arsenal,0,2,49,20,1,0,True,2026-08-31T19:00:00Z,0,1,2,0,0,0,0,0,0,0,0,0,0,0,0,0,0.0,0.0,0.0,0.0,0,0.0,0.0,0.0,0.0,50,-120,271,0,120,0,0,0,0
Burrowes,MID,Aston Villa,Arsenal,0,2,50,20,1,0,True,2026-08-31T19:00:00Z,0,1,2,0,0,0,0,0,0,0,0,0,0,0,0,0,0.0,0.0,0.0,0.0,0,0.0,0.0,0.0,0.0,45,-3255,64781,3513,6768,0,0,0,0
George Hemmings,MID,Aston Villa,Arsenal,0,2,51,20,1,2,True,2026-08-31T19:00:00Z,0,1,2,70,0,0,0,1,0,0,0,0,0,0,0,5,1.8,4.3,0.0,0.6,1,0.0,0.01,0.01,1.01,45,3259,72550,8743,5484,2,4,0,6
Alysson,MID,Aston Villa,Arsenal,0,2,52,20,1,0,True,2026-08-31T19:00:00Z,0,1,2,19,0,0,0,0,0,0,0,1,0,0,0,2,1.2,0.8,2.0,0.4,0,0.0,0.0,0.0,0.02,50,-253,4426,343,596,1,1,0,2
Manzambi,MID,Aston Villa,Arsenal,0,2,53,20,1,0,True,2026-08-31T19:00:00Z,0,1,2,0,0,0,0,0,0,0,0,0,0,0,0,0,0.0,0.0,0.0,0.0,0,0.0,0.0,0.0,0.0,60,-8558,18618,232,8790,0,0,0,0
Gomes,MID,Aston Villa,Arsenal,0,2,54,20,1,0,True,2026-08-31T19:00:00Z,0,1,2,0,0,0,0,0,0,0,0,0,0,0,0,0,0.0,0.0,0.0,0.0,0,0.0,0.0,0.0,0.0,55,-1729,5096,154,1883,0,0,0,0
Watkins,FWD,Aston Villa,Arsenal,0,2,55,20,1,0,True,2026-08-31T19:00:00Z,0,1,2,0,0,0,0,0,0,0,0,0,0,0,0,0,0.0,0.0,0.0,0.0,0,0.0,0.0,0.0,0.0,79,-265828,734872,10632,276460,0,0,0,0
Abraham,FWD,Aston Villa,Arsenal,0,2,56,20,1,1,True,2026-08-31T19:00:00Z,0,1,2,19,0,0,0,0,0,0,0,0,0,0,0,3,0.0,1.3,0.0,0.1,0,0.0,0.0,0.0,0.02,55,-2086,10592,597,2683,0,0,0,0
Petrović,GK,Bournemouth,Everton,0,2,57,12,9,3,True,2026-08-29T14:00:00Z,1,1,2,90,0,0,0,1,0,0,0,0,0,5,0,20,33.8,0.0,0.0,3.4,1,0.0,0.0,0.0,1.84,45,11325,332768,25378,14053,0,8,3,0
Forster,GK,Bournemouth,Everton,0,2,58,12,9,0,True,2026-08-29T14:00:00Z,1,1,2,0,0,0,0,0,0,0,0,0,0,0,0,0,0.0,0.0,0.0,0.0,0,0.0,0.0,0.0,0.0,40,-1091,317899,9562,10653,0,0,0,0
Dennis,GK,Bournemouth,Everton,0,2,59,12,9,0,True,2026-08-29T14:00:00Z,1,1,2,0,0,0,0,0,0,0,0,0,0,0,0,0,0.0,0.0,0.0,0.0,0,0.0,0.0,0.0,0.0,40,-384,18847,1133,1517,0,0,0,0
Hill,DEF,Bournemouth,Everton,0,2,60,12,9,4,True,2026-08-29T14:00:00Z,1,1,2,90,0,0,0,1,0,0,0,0,0,0,0,19,25.6,21.0,4.0,5.1,1,0.0,0.74,0.74,1.84,55,2412,89428,9153,6741,3,3,9,12
Truffert,DEF,Bournemouth,Everton,0,2,61,12,9,4,True,2026-08-29T14:00:00Z,1,1,2,90,0,0,0,1,0,0,0,0,0,0,2,27,27.8,23.7,4.0,5.6,1,0.0,0.07,0.07,1.84,55,-5220,417325,20601,25821,2,6,7,9
Diakité,DEF,Bournemouth,Everton,0,2,62,12,9,0,True,2026-08-29T14:00:00Z,1,1,2,0,0,0,0,0,0,0,0,0,0,0,0,0,0.0,0.0,0.0,0.0,0,0.0,0.0,0.0,0.0,50,401,19940,2722,2321,0,0,0,0
Milosavljević,DEF,Bournemouth,Everton,0,2,63,12,9,0,True,2026-08-29T14:00:00Z,1,1,2,0,0,0,0,0,0,0,0,0,0,0,0,0,0.0,0.0,0.0,0.0,0,0.0,0.0,0.0,0.0,50,-222,1026,74,296,0,0,0,0
Smith,DEF,Bournemouth,Everton,0,2,64,12,9,1,True,2026-08-29T14:00:00Z,1,1,2,90,0,0,0,1,0,0,0,1,0,0,0,5,15.6,15.7,0.0,3.1,1,0.0,0.02,0.02,1.84,45,1827,13789,2845,1018,2,0,4,6
J.Araujo,DEF,Bournemouth,Everton,0,2,65,12,9,0,True,2026-08-29T14:00:00Z,1,1,2,0,0,0,0,0,0,0,0,0,0,0,0,0,0.0,0.0,0.0,0.0,0,0.0,0.0,0.0,0.0,45,-418,1571,88,506,0,0,0,0
Soler,DEF,Bournemouth,Everton,0,2,66,12,9,0,True,2026-08-29T14:00:00Z,1,1,2,0,0,0,0,0,0,0,0,0,0,0,0,0,0.0,0.0,0.0,0.0,0,0.0,0.0,0.0,0.0,40,-2011,18565,416,2427,0,0,0,0
Rayan,MID,Bournemouth,Everton,0,2,67,12,9,2,True,2026-08-29T14:00:00Z,1,1,2,90,0,0,0,1,0,0,0,0,0,0,0,4,8.6,3.5,44.0,5.6,1,0.4,0.02,0.42,1.84,65,1501,276541,23680,22179,1,3,1,5
Tavernier,MID,Bournemouth,Everton,0,2,68,12,9,1,True,2026-08-29T14:00:00Z,1,1,2,90,0,0,0,1,0,0,0,1,0,0,0,20,15.0,38.3,11.0,6.4,1,0.09,0.21,0.3,1.84,60,74776,254437,87207,12431,4,6,1,11
Scott,MID,Bournemouth,Everton,0,2,69,12,9,12,True,2026-08-29T14:00:00Z,1,1,2,86,1,0,1,0,0,0,0,1,0,0,3,39,47.6,32.1,21.0,10.1,1,0.26,0.27,0.53,1.71,60,-4366,145926,8520,12886,3,9,3,15
Kluivert,MID,Bournemouth,Everton,0,2,70,12,9,3,True,2026-08-29T14:00:00Z,1,1,2,80,0,0,1,0,0,0,0,0,0,0,0,12,11.2,26.9,57.0,9.5,1,0.61,0.05,0.66,1.67,60,6731,123176,16321,9590,0,5,0,5
Cook,MID,Bournemouth,Everton,0,2,71,12,9,3,True,2026-08-29T14:00:00Z,1,1,2,68,0,0,1,0,0,0,0,0,0,0,0,13,3.8,12.8,0.0,1.7,1,0.0,0.01,0.01,1.67,50,1552,18237,3259,1707,0,2,0,2
Gannon-Doak,MID,Bournemouth,Everton,0,2,72,12,9,0,True,2026-08-29T14:00:00Z,1,1,2,0,0,0,0,0,0,0,0,0,0,0,0,0,0.0,0.0,0.0,0.0,0,0.0,0.0,0.0,0.0,50,-468,8171,365,833,0,0,0,0
Adams,MID,Bournemouth,Everton,0,2,73,12,9,1,True,2026-08-29T14:00:00Z,1,1,2,21,0,0,0,1,0,0,0,0,0,0,0,4,1.6,1.3,0.0,0.3,0,0.0,0.0,0.0,0.16,50,177,22708,3032,2855,0,3,0,3
Brooks,MID,Bournemouth,Everton,0,2,74,12,9,1,True,2026-08-29T14:00:00Z,1,1,2,9,0,0,0,1,0,0,0,0,0,0,0,3,0.0,1.6,0.0,0.1,0,0.0,0.01,0.01,0.16,50,-93,5133,602,695,0,0,0,0
Christie,MID,Bournemouth,Everton,0,2,75,12,9,1,True,2026-08-29T14:00:00Z,1,1,2,3,0,0,0,1,0,0,0,0,0,0,0,5,2.8,0.3,0.0,0.3,0,0.0,0.0,0.0,0.13,50,364,1962,560,196,1,1,0,2
Tóth.A,MID,Bournemouth,Everton,0,2,76,12,9,0,True,2026-08-29T14:00:00Z,1,1,2,0,0,0,0,0,0,0,0,0,0,0,0,0,0.0,0.0,0.0,0.0,0,0.0,0.0,0.0,0.0,50,-46,1576,100,146,0,0,0,0
Adli,MID,Bournemouth,Everton,0,2,77,12,9,0,True,2026-08-29T14:00:00Z,1,1,2,0,0,0,0,0,0,0,0,0,0,0,0,0,0.0,0.0,0.0,0.0,0,0.0,0.0,0.0,0.0,50,-922,2226,54,976,0,0,0,0
Kroupi.Jr,MID,Bournemouth,Everton,0,2,78,12,9,0,True,2026-08-29T14:00:00Z,1,1,2,0,0,0,0,0,0,0,0,0,0,0,0,0,0.0,0.0,0.0,0.0,0,0.0,0.0,0.0,0.0,75,-12946,30734,462,13408,0,0,0,0
Evanilson,FWD,Bournemouth,Everton,0,2,79,12,9,5,True,2026-08-29T14:00:00Z,1,1,2,80,0,1,1,0,0,0,0,0,0,0,0,11,15.0,22.2,22.0,5.9,1,0.58,0.04,0.62,1.67,60,53599,300527,72625,19026,0,2,1,3
Enes Ünal,FWD,Bournemouth,Everton,0,2,80,12,9,0,True,2026-08-29T14:00:00Z,1,1,2,0,0,0,0,0,0,0,0,0,0,0,0,0,0.0,0.0,0.0,0.0,0,0.0,0.0,0.0,0.0,55,-1070,2487,0,1070,0,0,0,0
Rodríguez,FWD,Bournemouth,Everton,0,2,81,12,9,1,True,2026-08-29T14:00:00Z,1,1,2,9,0,0,0,1,0,0,0,0,0,0,0,4,0.0,0.0,0.0,0.0,0,0.0,0.0,0.0,0.16,60,-182,11569,1000,1182,0,1,0,1
Kelleher,GK,Brentford,Leeds,0,2,82,17,13,2,False,2026-08-30T13:00:00Z,1,1,2,90,0,0,0,1,0,0,0,0,0,1,0,7,9.4,0.0,0.0,0.9,1,0.0,0.0,0.0,1.46,50,54510,649790,74434,19924,0,4,2,0
Valdimarsson,GK,Brentford,Leeds,0,2,83,17,13,0,False,2026-08-30T13:00:00Z,1,1,2,0,0,0,0,0,0,0,0,0,0,0,0,0,0.0,0.0,0.0,0.0,0,0.0,0.0,0.0,0.0,45,-248,10896,642,890,0,0,0,0
Collins,DEF,Brentford,Leeds,0,2,84,17,13,3,False,2026-08-30T13:00:00Z,1,1,2,90,0,0,0,1,0,0,0,1,0,0,0,14,28.0,0.9,34.0,6.3,1,0.17,0.01,0.18,1.46,55,15716,207535,25089,9373,2,8,11,13
Van den Berg,DEF,Brentford,Leeds,0,2,85,17,13,0,False,2026-08-30T13:00:00Z,1,1,2,0,0,0,0,0,0,0,0,0,0,0,0,0,0.0,0.0,0.0,0.0,0,0.0,0.0,0.0,0.0,50,-3978,10710,145,4123,0,0,0,0
Lewis-Potter,MID,Brentford,Leeds,0,2,86,17,13,6,False,2026-08-30T13:00:00Z,1,1,2,87,0,1,0,1,0,0,0,0,0,0,1,29,38.4,31.6,2.0,7.2,1,0.02,0.13,0.15,1.46,55,45826,116486,52542,6716,2,6,3,11
Ajer,DEF,Brentford,Leeds,0,2,87,17,13,3,False,2026-08-30T13:00:00Z,1,1,2,90,0,0,0,1,0,0,0,1,0,0,0,7,37.8,21.0,2.0,6.1,1,0.0,0.01,0.01,1.46,45,56076,412431,69978,13902,0,2,17,17
Kayode,DEF,Brentford,Leeds,0,2,88,17,13,2,False,2026-08-30T13:00:00Z,1,1,2,87,0,0,0,1,0,0,0,0,0,0,0,9,14.4,16.0,8.0,3.8,1,0.02,0.21,0.23,1.46,46,289643,778776,310803,21160,1,4,3,4
Henry,DEF,Brentford,Leeds,0,2,89,17,13,1,False,2026-08-30T13:00:00Z,1,1,2,2,0,0,0,0,0,0,0,0,0,0,0,3,0.0,0.0,0.0,0.0,0,0.0,0.0,0.0,0.0,45,-1602,24226,544,2146,0,0,0,0
Hickey,DEF,Brentford,Leeds,0,2,90,17,13,1,False,2026-08-30T13:00:00Z,1,1,2,2,0,0,0,0,0,0,0,0,0,0,0,6,4.0,4.1,0.0,0.8,0,0.0,0.02,0.02,0.0,45,83,7643,623,540,1,0,0,1
Pinnock,DEF,Coventry City,Hull City,0,2,91,13,11,1,True,2026-08-29T14:00:00Z,0,1,2,12,0,0,0,1,0,0,0,0,0,0,0,-1,3.8,0.7,0.0,0.5,0,0.0,0.0,0.0,0.54,45,-397,7757,574,971,0,0,2,2
Ji-soo,DEF,Brentford,Leeds,0,2,92,17,13,0,False,2026-08-30T13:00:00Z,1,1,2,0,0,0,0,0,0,0,0,0,0,0,0,0,0.0,0.0,0.0,0.0,0,0.0,0.0,0.0,0.0,45,-86,1940,112,198,0,0,0,0
Schuster,DEF,Brentford,Leeds,0,2,93,17,13,0,False,2026-08-30T13:00:00Z,1,1,2,0,0,0,0,0,0,0,0,0,0,0,0,0,0.0,0.0,0.0,0.0,0,0.0,0.0,0.0,0.0,45,-1064,16511,142,1206,0,0,0,0
Schade,MID,Brentford,Leeds,0,2,94,17,13,10,False,2026-08-30T13:00:00Z,1,1,2,87,1,0,0,1,0,0,0,0,0,0,3,34,45.6,11.1,34.0,9.1,1,0.25,0.02,0.27,1.46,60,-791,344201,24998,25789,2,4,3,9
O.Dango,MID,Brentford,Leeds,0,2,95,17,13,1,False,2026-08-30T13:00:00Z,1,1,2,29,0,0,0,1,0,0,0,0,0,0,0,16,15.4,15.5,2.0,3.3,0,0.02,0.08,0.1,1.36,65,-3604,110686,7348,10952,1,3,3,7
Damsgaard,MID,Brentford,Leeds,0,2,96,17,13,3,False,2026-08-30T13:00:00Z,1,1,2,68,0,0,1,0,0,0,0,0,0,0,0,20,16.6,32.4,25.0,7.4,1,0.03,0.13,0.16,0.13,55,-5226,52568,2318,7544,2,5,2,9
Jensen,MID,Brentford,Leeds,0,2,97,17,13,0,False,2026-08-30T13:00:00Z,1,1,2,0,0,0,0,0,0,0,0,0,0,0,0,0,0.0,0.0,0.0,0.0,0,0.0,0.0,0.0,0.0,55,2521,22961,3858,1337,0,0,0,0
Janelt,MID,Brentford,Leeds,0,2,98,17,13,1,False,2026-08-30T13:00:00Z,1,1,2,90,0,0,0,1,0,0,0,1,0,0,0,11,16.4,35.4,4.0,5.6,1,0.0,0.14,0.14,1.46,50,29474,49684,33759,4285,3,2,5,10
Milambo,MID,Brentford,Leeds,0,2,99,17,13,0,False,2026-08-30T13:00:00Z,1,1,2,0,0,0,0,0,0,0,0,0,0,0,0,0,0.0,0.0,0.0,0.0,0,0.0,0.0,0.0,0.0,50,-17,190,28,45,0,0,0,0
Carvalho,MID,Brentford,Leeds,0,2,100,17,13,0,False,2026-08-30T13:00:00Z,1,1,2,0,0,0,0,0,0,0,0,0,0,0,0,0,0.0,0.0,0.0,0.0,0,0.0,0.0,0.0,0.0,50,-91,1624,155,246,0,0,0,0
Henderson,MID,Chelsea,Brighton,0,2,101,16,5,0,True,2026-08-30T13:00:00Z,4,3,2,0,0,0,0,0,0,0,0,0,0,0,0,0,0.0,0.0,0.0,0.0,0,0.0,0.0,0.0,0.0,50,-477,3715,214,691,0,0,0,0
Yarmoliuk,MID,Brentford,Leeds,0,2,102,17,13,1,False,2026-08-30T13:00:00Z,1,1,2,21,0,0,0,1,0,0,0,0,0,0,0,4,3.0,12.5,4.0,2.0,0,0.0,0.01,0.01,1.32,50,-12434,112295,745,13179,0,0,0,0
Dasilva,MID,Brentford,Leeds,0,2,103,17,13,0,False,2026-08-30T13:00:00Z,1,1,2,0,0,0,0,0,0,0,0,0,0,0,0,0,0.0,0.0,0.0,0.0,0,0.0,0.0,0.0,0.0,50,-189,2549,164,353,0,0,0,0
Onyeka,MID,Coventry City,Hull City,0,2,104,13,11,0,True,2026-08-29T14:00:00Z,0,1,2,0,0,0,0,0,0,0,0,0,0,0,0,0,0.0,0.0,0.0,0.0,0,0.0,0.0,0.0,0.0,50,856,16442,2456,1600,0,0,0,0
Anthony,MID,Brentford,Leeds,0,2,105,17,13,2,False,2026-08-30T13:00:00Z,1,1,2,60,0,0,1,0,0,0,0,1,0,0,0,4,3.2,25.9,15.0,4.4,1,0.11,0.06,0.17,0.09,60,-433,16949,1958,2391,0,1,0,1
Thiago,FWD,Brentford,Leeds,0,2,106,17,13,2,False,2026-08-30T13:00:00Z,1,1,2,90,0,0,0,1,0,0,0,0,0,0,0,2,2.4,6.2,55.0,6.4,1,0.8,0.01,0.81,1.46,80,-49395,1635017,91772,141167,1,3,0,4
Furo,FWD,Brentford,Leeds,0,2,107,17,13,0,False,2026-08-30T13:00:00Z,1,1,2,0,0,0,0,0,0,0,0,0,0,0,0,0,0.0,0.0,0.0,0.0,0,0.0,0.0,0.0,0.0,45,-252,89302,8191,8443,0,0,0,0
Wilson,FWD,Brentford,Leeds,0,2,108,17,13,1,False,2026-08-30T13:00:00Z,1,1,2,2,0,0,0,0,0,0,0,0,0,0,0,3,0.0,0.1,7.0,0.7,0,0.04,0.0,0.04,0.0,55,-457,37634,4351,4808,0,1,0,1
Verbruggen,GK,Brighton,Chelsea,0,2,109,16,6,0,False,2026-08-30T13:00:00Z,4,3,2,90,0,0,0,4,0,0,0,0,0,1,0,-1,10.2,0.0,0.0,1.0,1,0.0,0.0,0.0,2.93,45,39276,2133814,84756,45480,0,14,0,0
Rushworth,GK,Coventry City,Hull City,0,2,110,13,11,2,True,2026-08-29T14:00:00Z,0,1,2,90,0,0,0,1,0,0,0,0,0,1,0,10,10.6,0.0,0.0,1.1,1,0.0,0.0,0.0,0.72,45,7259,122624,11931,4672,0,13,1,0
Steele,GK,Brighton,Chelsea,0,2,111,16,6,0,False,2026-08-30T13:00:00Z,4,3,2,0,0,0,0,0,0,0,0,0,0,0,0,0,0.0,0.0,0.0,0.0,0,0.0,0.0,0.0,0.0,40,-3330,398691,10714,14044,0,0,0,0
Van Hecke,DEF,Spurs,Newcastle,0,2,112,15,17,1,True,2026-08-29T16:30:00Z,0,2,2,90,0,0,0,2,0,0,0,0,0,0,0,9,26.6,13.7,33.0,7.3,1,0.11,0.03,0.14,0.72,50,-62164,945549,36604,98768,2,4,6,8
F.Kadıoğlu,DEF,Brighton,Chelsea,0,2,113,16,6,0,False,2026-08-30T13:00:00Z,4,3,2,90,0,0,0,4,0,0,0,0,0,0,0,-4,2.8,16.7,8.0,2.8,1,0.02,0.01,0.03,2.93,45,-48824,221172,2580,51404,0,2,0,0
Boscagli,DEF,Brighton,Chelsea,0,2,114,16,6,-1,False,2026-08-30T13:00:00Z,4,3,2,90,0,0,0,4,0,0,0,1,0,0,0,-2,16.8,26.6,11.0,5.4,1,0.05,0.11,0.16,2.93,45,2544,26909,4103,1559,0,2,3,3
De Cuyper,DEF,Brighton,Chelsea,0,2,115,16,6,0,False,2026-08-30T13:00:00Z,4,3,2,90,0,0,0,4,0,0,0,0,0,0,0,-2,8.8,23.7,5.0,3.8,1,0.03,0.05,0.08,2.93,46,473840,847829,494998,21158,0,3,2,2
Dunk,DEF,Brighton,Chelsea,0,2,116,16,6,-1,False,2026-08-30T13:00:00Z,4,3,2,90,0,0,0,4,0,0,0,1,0,0,0,-4,14.8,2.0,0.0,1.7,1,0.0,0.01,0.01,2.93,45,8033,118436,13343,5310,1,4,2,3
Coppola,DEF,Brighton,Chelsea,0,2,117,16,6,0,False,2026-08-30T13:00:00Z,4,3,2,0,0,0,0,0,0,0,0,0,0,0,0,0,0.0,0.0,0.0,0.0,0,0.0,0.0,0.0,0.0,45,-33,1892,191,224,0,0,0,0
Igor,DEF,Brighton,Chelsea,0,2,118,16,6,0,False,2026-08-30T13:00:00Z,4,3,2,0,0,0,0,0,0,0,0,0,0,0,0,0,0.0,0.0,0.0,0.0,0,0.0,0.0,0.0,0.0,45,-404,8240,471,875,0,0,0,0
Costinha,DEF,Brighton,Chelsea,0,2,119,16,6,0,False,2026-08-30T13:00:00Z,4,3,2,10,0,0,0,0,0,0,0,1,0,0,0,-1,0.0,0.3,0.0,0.0,0,0.0,0.0,0.0,0.04,45,59,3512,285,226,0,0,0,0
Svoboda,DEF,Brighton,Chelsea,0,2,120,16,6,0,False,2026-08-30T13:00:00Z,4,3,2,0,0,0,0,0,0,0,0,0,0,0,0,0,0.0,0.0,0.0,0.0,0,0.0,0.0,0.0,0.0,50,84,5185,768,684,0,0,0,0
Mitoma,MID,Brighton,Chelsea,0,2,121,16,6,0,False,2026-08-30T13:00:00Z,4,3,2,0,0,0,0,0,0,0,0,0,0,0,0,0,0.0,0.0,0.0,0.0,0,0.0,0.0,0.0,0.0,60,-1078,4114,159,1237,0,0,0,0
Minteh,MID,Brighton,Chelsea,0,2,122,16,6,0,False,2026-08-30T13:00:00Z,4,3,2,0,0,0,0,0,0,0,0,0,0,0,0,0,0.0,0.0,0.0,0.0,0,0.0,0.0,0.0,0.0,60,-3381,6199,140,3521,0,0,0,0
Hinshelwood,MID,Brighton,Chelsea,0,2,123,16,6,0,False,2026-08-30T13:00:00Z,4,3,2,0,0,0,0,0,0,0,0,0,0,0,0,0,0.0,0.0,0.0,0.0,0,0.0,0.0,0.0,0.0,60,101743,230171,139828,38085,0,0,0,0
Groß,MID,Brighton,Chelsea,0,2,124,16,6,13,False,2026-08-30T13:00:00Z,4,3,2,90,1,1,0,4,0,0,0,0,0,0,3,46,47.8,33.2,23.0,10.4,1,0.05,0.11,0.16,2.93,55,-81694,1268429,24179,105873,1,3,2,6
Georginio,FWD,Brighton,Chelsea,0,2,125,16,6,0,False,2026-08-30T13:00:00Z,4,3,2,0,0,0,0,0,0,0,0,0,0,0,0,0,0.0,0.0,0.0,0.0,0,0.0,0.0,0.0,0.0,55,8880,98683,23887,15007,0,0,0,0
O'Riley,MID,Brighton,Chelsea,0,2,126,16,6,0,False,2026-08-30T13:00:00Z,4,3,2,0,0,0,0,0,0,0,0,0,0,0,0,0,0.0,0.0,0.0,0.0,0,0.0,0.0,0.0,0.0,55,-696,10143,656,1352,0,0,0,0
Gomez,MID,Brighton,Chelsea,0,2,127,16,6,5,False,2026-08-30T13:00:00Z,4,3,2,90,0,1,0,4,0,0,0,0,0,0,0,15,4.6,20.3,42.0,6.7,1,0.38,0.17,0.55,2.93,50,7080,380491,23952,16872,2,2,1,5
Buonanotte,MID,Brighton,Chelsea,0,2,128,16,6,0,False,2026-08-30T13:00:00Z,4,3,2,0,0,0,0,0,0,0,0,0,0,0,0,0,0.0,0.0,0.0,0.0,0,0.0,0.0,0.0,0.0,50,-173,346,0,173,0,0,0,0
Ayari,MID,Brighton,Chelsea,0,2,129,16,6,0,False,2026-08-30T13:00:00Z,4,3,2,0,0,0,0,0,0,0,0,0,0,0,0,0,0.0,0.0,0.0,0.0,0,0.0,0.0,0.0,0.0,55,-4277,62632,3334,7611,0,0,0,0
Wieffer,DEF,Brighton,Chelsea,0,2,130,16,6,0,False,2026-08-30T13:00:00Z,4,3,2,79,0,0,0,4,0,0,0,0,0,0,0,6,20.4,9.2,4.0,3.4,1,0.03,0.08,0.11,2.89,50,10371,43921,13428,3057,0,4,7,7
Baleba,MID,Man Utd,Ipswich Town,0,2,131,18,12,0,True,2026-08-30T15:30:00Z,5,2,2,0,0,0,0,0,0,0,0,0,0,0,0,0,0.0,0.0,0.0,0.0,0,0.0,0.0,0.0,0.0,50,-2097,17743,2324,4421,0,0,0,0
Howell,MID,Brighton,Chelsea,0,2,132,16,6,0,False,2026-08-30T13:00:00Z,4,3,2,0,0,0,0,0,0,0,0,0,0,0,0,0,0.0,0.0,0.0,0.0,0,0.0,0.0,0.0,0.0,45,-1532,5161,0,1532,0,0,0,0
Watson,MID,Brighton,Chelsea,0,2,133,16,6,0,False,2026-08-30T13:00:00Z,4,3,2,0,0,0,0,0,0,0,0,0,0,0,0,0,0.0,0.0,0.0,0.0,0,0.0,0.0,0.0,0.0,50,-56,182,0,56,0,0,0,0
Oriola,MID,Brighton,Chelsea,0,2,134,16,6,0,False,2026-08-30T13:00:00Z,4,3,2,0,0,0,0,0,0,0,0,0,0,0,0,0,0.0,0.0,0.0,0.0,0,0.0,0.0,0.0,0.0,45,-1072,27277,1708,2780,0,0,0,0
Yohanna,MID,Brighton,Chelsea,0,2,135,16,6,0,False,2026-08-30T13:00:00Z,4,3,2,0,0,0,0,0,0,0,0,0,0,0,0,0,0.0,0.0,0.0,0.0,0,0.0,0.0,0.0,0.0,50,-506,6909,373,879,0,0,0,0
Welbeck,FWD,Chelsea,Brighton,0,2,136,16,5,0,True,2026-08-30T13:00:00Z,4,3,2,0,0,0,0,0,0,0,0,0,0,0,0,0,0.0,0.0,0.0,0.0,0,0.0,0.0,0.0,0.0,60,-19289,96753,3136,22425,0,0,0,0
Tzimas,FWD,Brighton,Chelsea,0,2,137,16,6,0,False,2026-08-30T13:00:00Z,4,3,2,0,0,0,0,0,0,0,0,0,0,0,0,0,0.0,0.0,0.0,0.0,0,0.0,0.0,0.0,0.0,55,-168,839,84,252,0,0,0,0
Kostoulas,FWD,Brighton,Chelsea,0,2,138,16,6,5,False,2026-08-30T13:00:00Z,4,3,2,79,0,1,0,4,0,0,0,0,0,0,0,17,5.0,15.1,17.0,3.7,1,0.17,0.02,0.19,2.89,55,-767,22097,1384,2151,0,6,0,6
Ferguson,FWD,Brighton,Chelsea,0,2,139,16,6,0,False,2026-08-30T13:00:00Z,4,3,2,0,0,0,0,0,0,0,0,0,0,0,0,0,0.0,0.0,0.0,0.0,0,0.0,0.0,0.0,0.0,50,-305,3163,318,623,0,0,0,0
Sánchez,GK,Chelsea,Brighton,0,2,140,16,5,0,True,2026-08-30T13:00:00Z,4,3,2,0,0,0,0,0,0,0,0,0,0,0,0,0,0.0,0.0,0.0,0.0,0,0.0,0.0,0.0,0.0,50,-18267,217448,8924,27191,0,0,0,0
Jörgensen,GK,Chelsea,Brighton,0,2,141,16,5,0,True,2026-08-30T13:00:00Z,4,3,2,0,0,0,0,0,0,0,0,0,0,0,0,0,0.0,0.0,0.0,0.0,0,0.0,0.0,0.0,0.0,50,-501,1280,0,501,0,0,0,0
James,DEF,Chelsea,Brighton,0,2,142,16,5,1,True,2026-08-30T13:00:00Z,4,3,2,22,0,0,0,1,0,0,0,0,0,0,0,-1,0.4,0.4,2.0,0.3,0,0.0,0.0,0.0,0.14,55,-18793,987947,62525,81318,0,1,0,0
Chalobah,DEF,Chelsea,Brighton,0,2,143,16,5,0,True,2026-08-30T13:00:00Z,4,3,2,0,0,0,0,0,0,0,0,0,0,0,0,0,0.0,0.0,0.0,0.0,0,0.0,0.0,0.0,0.0,55,-8058,12877,0,8058,0,0,0,0
Gusto,DEF,Chelsea,Brighton,0,2,144,16,5,1,True,2026-08-30T13:00:00Z,4,3,2,90,0,0,0,3,0,0,0,0,0,0,0,-1,7.8,0.7,0.0,0.9,1,0.0,0.01,0.01,1.41,50,2378,122291,13325,10947,1,3,4,5
Fofana,DEF,Chelsea,Brighton,0,2,145,16,5,0,True,2026-08-30T13:00:00Z,4,3,2,67,0,0,0,2,0,0,0,1,0,0,0,-2,19.4,0.9,0.0,2.0,1,0.0,0.01,0.01,1.26,50,552,3489,813,261,0,0,9,9
B.Badiashile,DEF,Chelsea,Brighton,0,2,146,16,5,0,True,2026-08-30T13:00:00Z,4,3,2,0,0,0,0,0,0,0,0,0,0,0,0,0,0.0,0.0,0.0,0.0,0,0.0,0.0,0.0,0.0,45,-568,2126,232,800,0,0,0,0
Tosin,DEF,Spurs,Brighton,0,2,147,16,5,0,True,2026-08-30T13:00:00Z,4,3,2,0,0,0,0,0,0,0,0,0,0,0,0,0,0.0,0.0,0.0,0.0,0,0.0,0.0,0.0,0.0,45,-1857,19280,263,2120,0,0,0,0
Hato,DEF,Chelsea,Brighton,0,2,148,16,5,4,True,2026-08-30T13:00:00Z,4,3,2,90,0,1,0,3,0,0,0,0,0,0,0,12,30.0,20.7,0.0,5.1,1,0.0,0.06,0.06,1.41,45,-126,47286,4358,4484,2,3,4,6
Colwill,DEF,Chelsea,Brighton,0,2,149,16,5,1,True,2026-08-30T13:00:00Z,4,3,2,71,0,0,0,2,0,0,0,0,0,0,0,2,13.2,0.4,0.0,1.4,1,0.0,0.0,0.0,1.31,50,-7208,150119,10571,17779,1,2,8,9
M.Sarr,DEF,Chelsea,Brighton,0,2,150,16,5,0,True,2026-08-30T13:00:00Z,4,3,2,0,0,0,0,0,0,0,0,0,0,0,0,0,0.0,0.0,0.0,0.0,0,0.0,0.0,0.0,0.0,45,-544,7741,405,949,0,0,0,0
Acheampong,DEF,Chelsea,Brighton,0,2,151,16,5,1,True,2026-08-30T13:00:00Z,4,3,2,22,0,0,0,1,0,0,0,0,0,0,0,-1,6.2,0.1,0.0,0.6,0,0.0,0.0,0.0,0.14,45,4931,37116,8065,3134,1,0,2,3
Palestra,DEF,Chelsea,Brighton,0,2,152,16,5,0,True,2026-08-30T13:00:00Z,4,3,2,0,0,0,0,0,0,0,0,0,0,0,0,0,0.0,0.0,0.0,0.0,0,0.0,0.0,0.0,0.0,55,-64977,209865,4960,69937,0,0,0,0
Disasi,DEF,Crystal Palace,Man City,0,2,153,11,15,1,True,2026-08-28T19:00:00Z,1,4,2,16,0,0,0,1,0,0,0,0,0,0,0,-2,1.2,0.0,0.0,0.1,0,0.0,0.0,0.0,0.2,45,-323,6037,525,848,1,1,0,1
Palmer,MID,Chelsea,Brighton,0,2,154,16,5,7,True,2026-08-30T13:00:00Z,4,3,2,90,1,0,0,3,0,0,0,0,0,0,0,28,40.8,25.3,26.0,9.2,1,0.66,0.13,0.79,1.41,95,344912,1644351,376872,31960,2,4,2,8
Enzo,MID,Man City,Brighton,0,2,155,16,5,0,True,2026-08-30T13:00:00Z,4,3,2,0,0,0,0,0,0,0,0,0,0,0,0,0,0.0,0.0,0.0,0.0,0,0.0,0.0,0.0,0.0,70,-74211,430662,14954,89165,0,0,0,0
Neto,MID,Chelsea,Brighton,0,2,156,16,5,7,True,2026-08-30T13:00:00Z,4,3,2,67,1,0,0,2,0,0,0,0,0,0,0,32,45.2,25.6,38.0,10.9,1,0.41,0.33,0.74,1.26,65,-17727,117566,5635,23362,0,1,3,4
Estêvão,MID,Chelsea,Brighton,0,2,157,16,5,0,True,2026-08-30T13:00:00Z,4,3,2,0,0,0,0,0,0,0,0,0,0,0,0,0,0.0,0.0,0.0,0.0,0,0.0,0.0,0.0,0.0,65,-18220,111448,5564,23784,0,0,0,0
Gittens,MID,Chelsea,Brighton,0,2,158,16,5,0,True,2026-08-30T13:00:00Z,4,3,2,0,0,0,0,0,0,0,0,0,0,0,0,0,0.0,0.0,0.0,0.0,0,0.0,0.0,0.0,0.0,60,-502,3391,271,773,0,0,0,0
Caicedo,MID,Chelsea,Brighton,0,2,159,16,5,1,True,2026-08-30T13:00:00Z,4,3,2,13,0,0,0,0,0,0,0,0,0,0,0,3,0.0,0.1,0.0,0.0,0,0.0,0.0,0.0,0.07,55,-88842,282404,9481,98323,0,0,0,0
Garnacho,MID,Aston Villa,Arsenal,0,2,160,20,1,1,True,2026-08-31T19:00:00Z,0,1,2,12,0,0,0,0,0,0,0,0,0,0,0,3,0.2,2.0,0.0,0.2,0,0.0,0.0,0.0,0.0,60,-8554,53506,2021,10575,0,2,0,2
Lavia,MID,Chelsea,Brighton,0,2,161,16,5,7,True,2026-08-30T13:00:00Z,4,3,2,67,1,0,0,2,0,0,0,0,0,0,0,32,39.0,0.8,33.0,7.3,1,0.54,0.0,0.54,1.26,50,254,6337,1173,919,1,3,3,7
Andrey Santos,MID,Man Utd,Ipswich Town,0,2,162,18,12,1,True,2026-08-30T15:30:00Z,5,2,2,10,0,0,0,1,0,0,0,0,0,0,0,2,6.2,0.7,0.0,0.7,0,0.0,0.0,0.0,1.0,50,-7693,96490,7456,15149,3,2,0,5
D.Essugo,MID,Chelsea,Brighton,0,2,163,16,5,0,True,2026-08-30T13:00:00Z,4,3,2,0,0,0,0,0,0,0,0,0,0,0,0,0,0.0,0.0,0.0,0.0,0,0.0,0.0,0.0,0.0,45,-1635,18847,1252,2887,0,0,0,0
Quenda,MID,Chelsea,Brighton,0,2,164,16,5,0,True,2026-08-30T13:00:00Z,4,3,2,0,0,0,0,0,0,0,0,0,0,0,0,0,0.0,0.0,0.0,0.0,0,0.0,0.0,0.0,0.0,55,-589,4061,231,820,0,0,0,0
João Pedro,FWD,Chelsea,Brighton,0,2,165,16,5,9,True,2026-08-30T13:00:00Z,4,3,2,90,1,1,0,3,1,0,0,0,0,0,2,44,52.8,22.5,46.0,12.1,1,1.23,0.04,1.27,1.41,76,377023,6802308,405188,28165,1,2,0,3
N.Jackson,FWD,Aston Villa,Arsenal,0,2,166,20,1,2,True,2026-08-31T19:00:00Z,0,1,2,70,0,0,0,1,0,0,0,0,0,0,0,11,4.2,5.9,2.0,1.2,1,0.0,0.1,0.1,1.01,65,-2878,63340,26989,5175,0,3,0,3
Delap,FWD,Nott'm Forest,Liverpool,0,2,167,14,14,1,False,2026-08-29T11:30:00Z,2,2,2,24,0,0,0,1,0,0,0,0,0,0,0,9,4.0,10.1,7.0,2.1,0,0.07,0.0,0.07,0.33,55,175,48067,7740,7565,0,0,0,0
Marc Guiu,FWD,Chelsea,Brighton,0,2,168,16,5,0,True,2026-08-30T13:00:00Z,4,3,2,0,0,0,0,0,0,0,0,0,0,0,0,0,0.0,0.0,0.0,0.0,0,0.0,0.0,0.0,0.0,50,-3968,43955,2178,6146,0,0,0,0
Mheuka,FWD,Chelsea,Brighton,0,2,169,16,5,0,True,2026-08-30T13:00:00Z,4,3,2,0,0,0,0,0,0,0,0,0,0,0,0,0,0.0,0.0,0.0,0.0,0,0.0,0.0,0.0,0.0,45,-1480,34265,2929,4409,0,0,0,0
Emegha,FWD,Chelsea,Brighton,0,2,170,16,5,0,True,2026-08-30T13:00:00Z,4,3,2,0,0,0,0,0,0,0,0,0,0,0,0,0,0.0,0.0,0.0,0.0,0,0.0,0.0,0.0,0.0,50,-884,14647,1450,2334,0,0,0,0
Dovin,GK,Coventry City,Hull City,0,2,171,13,11,0,True,2026-08-29T14:00:00Z,0,1,2,0,0,0,0,0,0,0,0,0,0,0,0,0,0.0,0.0,0.0,0.0,0,0.0,0.0,0.0,0.0,40,-3777,152756,2634,6411,0,0,0,0
Wilson,GK,Coventry City,Hull City,0,2,172,13,11,0,True,2026-08-29T14:00:00Z,0,1,2,0,0,0,0,0,0,0,0,0,0,0,0,0,0.0,0.0,0.0,0.0,0,0.0,0.0,0.0,0.0,45,-3213,45549,227,3440,0,0,0,0
Thomas,DEF,Coventry City,Hull City,0,2,173,13,11,8,True,2026-08-29T14:00:00Z,0,1,2,77,0,0,1,0,0,0,0,0,0,0,2,28,17.0,0.7,0.0,1.8,1,0.0,0.01,0.01,0.18,40,14221,791028,38111,23890,0,6,9,9
Kitching,DEF,Coventry City,Hull City,0,2,174,13,11,0,True,2026-08-29T14:00:00Z,0,1,2,0,0,0,0,0,0,0,0,0,0,0,0,0,0.0,0.0,0.0,0.0,0,0.0,0.0,0.0,0.0,40,-4266,64130,520,4786,0,0,0,0
van Ewijk,DEF,Coventry City,Hull City,0,2,175,13,11,2,True,2026-08-29T14:00:00Z,0,1,2,90,0,0,0,1,0,0,0,0,0,0,0,15,15.4,33.9,6.0,5.5,1,0.0,0.19,0.19,0.72,40,-15407,1295672,34451,49858,1,3,1,2
Dasilva,DEF,Coventry City,Hull City,0,2,176,13,11,2,True,2026-08-29T14:00:00Z,0,1,2,90,0,0,0,1,0,0,0,0,0,0,0,15,15.2,7.3,17.0,4.0,1,0.18,0.05,0.23,0.72,40,-830,82832,3224,4054,2,3,1,3
Kesler-Hayden,DEF,Coventry City,Hull City,0,2,177,13,11,0,True,2026-08-29T14:00:00Z,0,1,2,0,0,0,0,0,0,0,0,0,0,0,0,0,0.0,0.0,0.0,0.0,0,0.0,0.0,0.0,0.0,40,-582,5764,168,750,0,0,0,0
Bidwell,DEF,Coventry City,Hull City,0,2,178,13,11,0,True,2026-08-29T14:00:00Z,0,1,2,0,0,0,0,0,0,0,0,0,0,0,0,0,0.0,0.0,0.0,0.0,0,0.0,0.0,0.0,0.0,40,-238,8500,506,744,0,0,0,0
Latibeaudiere,DEF,Coventry City,Hull City,0,2,179,13,11,0,True,2026-08-29T14:00:00Z,0,1,2,0,0,0,0,0,0,0,0,0,0,0,0,0,0.0,0.0,0.0,0.0,0,0.0,0.0,0.0,0.0,40,-260,3984,160,420,0,0,0,0
Woolfenden,DEF,Coventry City,Hull City,0,2,180,13,11,0,True,2026-08-29T14:00:00Z,0,1,2,0,0,0,0,0,0,0,0,0,0,0,0,0,0.0,0.0,0.0,0.0,0,0.0,0.0,0.0,0.0,40,-1282,16943,946,2228,0,0,0,0
Brau,DEF,Coventry City,Hull City,0,2,181,13,11,0,True,2026-08-29T14:00:00Z,0,1,2,0,0,0,0,0,0,0,0,0,0,0,0,0,0.0,0.0,0.0,0.0,0,0.0,0.0,0.0,0.0,40,-82,4079,256,338,0,0,0,0
Amenda,DEF,Coventry City,Hull City,0,2,182,13,11,1,True,2026-08-29T14:00:00Z,0,1,2,90,0,0,0,1,0,0,0,1,0,0,0,4,11.4,2.1,5.0,1.9,1,0.02,0.04,0.06,0.72,40,-1183,84795,3328,4511,0,1,4,4
Rudoni,MID,Coventry City,Hull City,0,2,183,13,11,3,True,2026-08-29T14:00:00Z,0,1,2,70,0,0,1,0,0,0,0,0,0,0,0,12,6.8,27.7,4.0,3.9,1,0.06,0.09,0.15,0.02,50,-49,14191,1250,1299,1,4,1,6
Grimes,MID,Coventry City,Hull City,0,2,184,13,11,2,True,2026-08-29T14:00:00Z,0,1,2,90,0,0,0,1,0,0,0,0,0,0,0,14,14.2,20.9,2.0,3.7,1,0.01,0.04,0.05,0.72,50,674,20154,2290,1616,0,9,1,10
Sakamoto,MID,Coventry City,Hull City,0,2,185,13,11,1,True,2026-08-29T14:00:00Z,0,1,2,31,0,0,0,1,0,0,0,0,0,0,0,8,6.2,5.9,7.0,1.9,0,0.02,0.02,0.04,0.69,50,-1318,9710,137,1455,2,2,0,4
Mason-Clark,MID,Coventry City,Hull City,0,2,186,13,11,1,True,2026-08-29T14:00:00Z,0,1,2,57,0,0,0,0,0,0,0,0,0,0,0,4,4.2,16.0,0.0,2.0,1,0.0,0.06,0.06,0.02,55,-1089,12149,489,1578,0,2,2,4
Eccles,MID,Coventry City,Hull City,0,2,187,13,11,0,True,2026-08-29T14:00:00Z,0,1,2,0,0,0,0,0,0,0,0,0,0,0,0,0,0.0,0.0,0.0,0.0,0,0.0,0.0,0.0,0.0,50,-230,1391,69,299,0,0,0,0
Torp,MID,Coventry City,Hull City,0,2,188,13,11,1,True,2026-08-29T14:00:00Z,0,1,2,19,0,0,0,1,0,0,0,0,0,0,0,2,0.0,3.6,0.0,0.3,0,0.0,0.01,0.01,0.69,55,-1275,16221,549,1824,0,2,0,2
Shepherd,MID,Coventry City,Hull City,0,2,189,13,11,0,True,2026-08-29T14:00:00Z,0,1,2,0,0,0,0,0,0,0,0,0,0,0,0,0,0.0,0.0,0.0,0.0,0,0.0,0.0,0.0,0.0,45,-2158,28459,1013,3171,0,0,0,0
Tchaouna,MID,Coventry City,Hull City,0,2,190,13,11,1,True,2026-08-29T14:00:00Z,0,1,2,58,0,0,0,0,0,0,0,0,0,0,0,7,7.0,18.5,5.0,3.1,1,0.05,0.13,0.18,0.02,55,1311,16325,2762,1451,1,3,2,6
Borges Rodrigues,MID,Coventry City,Hull City,0,2,191,13,11,0,True,2026-08-29T14:00:00Z,0,1,2,0,0,0,0,0,0,0,0,0,0,0,0,0,0.0,0.0,0.0,0.0,0,0.0,0.0,0.0,0.0,45,-1193,16655,680,1873,0,0,0,0
Andrews,MID,Coventry City,Hull City,0,2,192,13,11,0,True,2026-08-29T14:00:00Z,0,1,2,0,0,0,0,0,0,0,0,0,0,0,0,0,0.0,0.0,0.0,0.0,0,0.0,0.0,0.0,0.0,45,-4618,62913,2576,7194,0,0,0,0
Wright,FWD,Coventry City,Hull City,0,2,193,13,11,0,True,2026-08-29T14:00:00Z,0,1,2,0,0,0,0,0,0,0,0,0,0,0,0,0,0.0,0.0,0.0,0.0,0,0.0,0.0,0.0,0.0,55,-5318,13634,107,5425,0,0,0,0
Thomas-Asante,FWD,Coventry City,Hull City,0,2,194,13,11,1,True,2026-08-29T14:00:00Z,0,1,2,32,0,0,0,1,0,0,0,0,0,0,0,5,1.2,2.0,2.0,0.5,0,0.0,0.0,0.0,0.69,50,6706,83366,14594,7888,0,2,0,2
Simms,FWD,Coventry City,Hull City,0,2,195,13,11,0,True,2026-08-29T14:00:00Z,0,1,2,0,0,0,0,0,0,0,0,0,0,0,0,0,0.0,0.0,0.0,0.0,0,0.0,0.0,0.0,0.0,50,10333,100916,19936,9603,0,0,0,0
Markelo,FWD,Coventry City,Hull City,0,2,196,13,11,0,True,2026-08-29T14:00:00Z,0,1,2,0,0,0,0,0,0,0,0,0,0,0,0,0,0.0,0.0,0.0,0.0,0,0.0,0.0,0.0,0.0,50,-590,1206,0,590,0,0,0,0
Bassette,FWD,Coventry City,Hull City,0,2,197,13,11,0,True,2026-08-29T14:00:00Z,0,1,2,0,0,0,0,0,0,0,0,0,0,0,0,0,0.0,0.0,0.0,0.0,0,0.0,0.0,0.0,0.0,45,-788,3783,0,788,0,0,0,0
Henderson,GK,Crystal Palace,Man City,0,2,198,11,15,1,True,2026-08-28T19:00:00Z,1,4,2,90,0,0,0,4,0,0,0,0,0,4,0,4,30.2,0.0,0.0,3.0,1,0.0,0.0,0.0,2.21,50,-7870,182716,5904,13774,0,11,2,0
Benitez,GK,Crystal Palace,Man City,0,2,199,11,15,0,True,2026-08-28T19:00:00Z,1,4,2,0,0,0,0,0,0,0,0,0,0,0,0,0,0.0,0.0,0.0,0.0,0,0.0,0.0,0.0,0.0,45,-908,11403,468,1376,0,0,0,0
Lacroix,DEF,Chelsea,Brighton,0,2,200,16,5,1,True,2026-08-30T13:00:00Z,4,3,2,90,0,0,0,3,0,0,0,0,0,0,0,-3,13.0,0.1,6.0,1.9,1,0.02,0.0,0.02,1.41,60,18715,946023,63522,44807,1,1,8,9
Muñoz,DEF,Nott'm Forest,Man City,0,2,201,11,15,0,True,2026-08-28T19:00:00Z,1,4,2,0,0,0,0,0,0,0,0,0,0,0,0,0,0.0,0.0,0.0,0.0,0,0.0,0.0,0.0,0.0,55,-109781,815530,15645,125426,0,0,0,0
Richards,DEF,Crystal Palace,Man City,0,2,202,11,15,0,True,2026-08-28T19:00:00Z,1,4,2,90,0,0,0,4,0,0,0,0,0,0,0,-4,15.0,0.1,17.0,3.2,1,0.04,0.0,0.04,2.21,50,-2246,71981,4208,6454,2,2,4,6
Canvot,DEF,Crystal Palace,Man City,0,2,203,11,15,0,True,2026-08-28T19:00:00Z,1,4,2,90,0,0,0,4,0,0,0,0,0,0,0,-1,22.8,0.5,0.0,2.3,1,0.0,0.0,0.0,2.21,50,-3200,29914,821,4021,1,1,6,7
Mitchell,DEF,Crystal Palace,Man City,0,2,204,11,15,0,True,2026-08-28T19:00:00Z,1,4,2,90,0,0,0,4,0,0,0,0,0,0,0,-8,11.6,21.6,7.0,4.0,1,0.11,0.16,0.27,2.21,45,-44374,548942,5965,50339,2,1,3,5
Sosa,DEF,Crystal Palace,Man City,0,2,205,11,15,0,True,2026-08-28T19:00:00Z,1,4,2,0,0,0,0,0,0,0,0,0,0,0,0,0,0.0,0.0,0.0,0.0,0,0.0,0.0,0.0,0.0,45,-226,3040,126,352,0,0,0,0
Chadi Riad,DEF,Crystal Palace,Man City,0,2,206,11,15,0,True,2026-08-28T19:00:00Z,1,4,2,0,0,0,0,0,0,0,0,0,0,0,0,0,0.0,0.0,0.0,0.0,0,0.0,0.0,0.0,0.0,45,-2523,4410,320,2843,0,0,0,0
Mingueza,DEF,Crystal Palace,Man City,0,2,207,11,15,1,True,2026-08-28T19:00:00Z,1,4,2,15,0,0,0,1,0,0,0,0,0,0,0,1,2.2,0.1,0.0,0.2,0,0.0,0.0,0.0,0.2,45,-1081,7384,199,1280,1,0,0,1
Sarr,MID,Crystal Palace,Man City,0,2,208,11,15,0,True,2026-08-28T19:00:00Z,1,4,2,0,0,0,0,0,0,0,0,0,0,0,0,0,0.0,0.0,0.0,0.0,0,0.0,0.0,0.0,0.0,64,-204476,227391,2102,206578,0,0,0,0
Johnson,MID,Everton,Bournemouth,0,2,209,12,3,1,False,2026-08-29T14:00:00Z,1,1,2,28,0,0,0,0,0,0,0,0,0,0,0,1,1.2,0.0,0.0,0.1,0,0.0,0.0,0.0,1.58,60,-1848,15402,732,2580,1,1,0,2
Wharton,MID,Crystal Palace,Man City,0,2,210,11,15,2,True,2026-08-28T19:00:00Z,1,4,2,90,0,0,0,4,0,0,0,0,0,0,0,21,16.2,24.7,0.0,4.1,1,0.0,0.07,0.07,2.21,55,-1090,88998,6710,7800,4,3,0,7
Yeremy,MID,Crystal Palace,Man City,0,2,211,11,15,5,True,2026-08-28T19:00:00Z,1,4,2,67,0,1,0,3,0,0,0,0,0,0,0,27,10.8,34.2,9.0,5.4,1,0.05,0.07,0.12,2.01,55,-2144,18326,314,2458,2,6,2,10
Hughes,MID,Crystal Palace,Man City,0,2,212,11,15,0,True,2026-08-28T19:00:00Z,1,4,2,0,0,0,0,0,0,0,0,0,0,0,0,0,0.0,0.0,0.0,0.0,0,0.0,0.0,0.0,0.0,45,-69998,1064673,20182,90180,0,0,0,0
Lerma,MID,Crystal Palace,Man City,0,2,213,11,15,0,True,2026-08-28T19:00:00Z,1,4,2,0,0,0,0,0,0,0,0,0,0,0,0,0,0.0,0.0,0.0,0.0,0,0.0,0.0,0.0,0.0,50,-1246,10302,204,1450,0,0,0,0
Kamada,MID,Crystal Palace,Man City,0,2,214,11,15,2,True,2026-08-28T19:00:00Z,1,4,2,90,0,0,0,4,0,0,0,0,0,0,0,21,17.6,2.8,7.0,2.7,1,0.05,0.02,0.07,2.21,50,-1150,27191,1944,3094,6,2,1,9
Devenny,MID,Crystal Palace,Man City,0,2,215,11,15,0,True,2026-08-28T19:00:00Z,1,4,2,0,0,0,0,0,0,0,0,0,0,0,0,0,0.0,0.0,0.0,0.0,0,0.0,0.0,0.0,0.0,50,-107,1141,69,176,0,0,0,0
Esse,MID,Crystal Palace,Man City,0,2,216,11,15,0,True,2026-08-28T19:00:00Z,1,4,2,0,0,0,0,0,0,0,0,0,0,0,0,0,0.0,0.0,0.0,0.0,0,0.0,0.0,0.0,0.0,50,-379,3956,211,590,0,0,0,0
M.França,MID,Crystal Palace,Man City,0,2,217,11,15,0,True,2026-08-28T19:00:00Z,1,4,2,0,0,0,0,0,0,0,0,0,0,0,0,0,0.0,0.0,0.0,0.0,0,0.0,0.0,0.0,0.0,50,-697,2546,17,714,0,0,0,0
Doucouré,MID,Crystal Palace,Man City,0,2,218,11,15,0,True,2026-08-28T19:00:00Z,1,4,2,0,0,0,0,0,0,0,0,0,0,0,0,0,0.0,0.0,0.0,0.0,0,0.0,0.0,0.0,0.0,50,-811,6115,248,1059,0,0,0,0
J.Rak-Sakyi,MID,Crystal Palace,Man City,0,2,219,11,15,0,True,2026-08-28T19:00:00Z,1,4,2,0,0,0,0,0,0,0,0,0,0,0,0,0,0.0,0.0,0.0,0.0,0,0.0,0.0,0.0,0.0,50,-51,578,39,90,0,0,0,0
Cardines,DEF,Crystal Palace,Man City,0,2,220,11,15,0,True,2026-08-28T19:00:00Z,1,4,2,0,0,0,0,0,0,0,0,0,0,0,0,0,0.0,0.0,0.0,0.0,0,0.0,0.0,0.0,0.0,45,-65,187,0,65,0,0,0,0
Drakes-Thomas,MID,Crystal Palace,Man City,0,2,221,11,15,0,True,2026-08-28T19:00:00Z,1,4,2,0,0,0,0,0,0,0,0,0,0,0,0,0,0.0,0.0,0.0,0.0,0,0.0,0.0,0.0,0.0,45,-589,8204,399,988,0,0,0,0
Strand Larsen,FWD,Crystal Palace,Man City,0,2,222,11,15,2,True,2026-08-28T19:00:00Z,1,4,2,62,0,0,0,3,0,0,0,0,0,0,0,13,5.2,0.3,4.0,1.0,1,0.05,0.0,0.05,2.01,60,-6261,50504,1510,7771,1,1,2,4
Mateta,FWD,Crystal Palace,Man City,0,2,223,11,15,0,True,2026-08-28T19:00:00Z,1,4,2,0,0,0,0,0,0,0,0,0,0,0,0,0,0.0,0.0,0.0,0.0,0,0.0,0.0,0.0,0.0,65,-48482,510630,23951,72433,0,0,0,0
Nketiah,FWD,Crystal Palace,Man City,0,2,224,11,15,2,True,2026-08-28T19:00:00Z,1,4,2,67,0,0,0,3,0,0,0,0,0,0,0,8,2.6,10.6,8.0,2.1,1,0.36,0.0,0.36,2.01,55,-2517,47953,3263,5780,2,3,1,6
Uche,FWD,Crystal Palace,Man City,0,2,225,11,15,0,True,2026-08-28T19:00:00Z,1,4,2,0,0,0,0,0,0,0,0,0,0,0,0,0,0.0,0.0,0.0,0.0,0,0.0,0.0,0.0,0.0,50,0,0,0,0,0,0,0,0
Pickford,GK,Everton,Bournemouth,0,2,226,12,3,3,False,2026-08-29T14:00:00Z,1,1,2,90,0,0,0,1,0,0,0,0,0,4,0,22,31.6,0.0,0.0,3.2,1,0.0,0.0,0.0,2.16,55,35349,878157,63539,28190,0,11,4,0
Travers,GK,Everton,Bournemouth,0,2,227,12,3,0,False,2026-08-29T14:00:00Z,1,1,2,0,0,0,0,0,0,0,0,0,0,0,0,0,0.0,0.0,0.0,0.0,0,0.0,0.0,0.0,0.0,50,-113,3593,290,403,0,0,0,0
King,GK,Everton,Bournemouth,0,2,228,12,3,0,False,2026-08-29T14:00:00Z,1,1,2,0,0,0,0,0,0,0,0,0,0,0,0,0,0.0,0.0,0.0,0.0,0,0.0,0.0,0.0,0.0,45,-136,4235,243,379,0,0,0,0
Tarkowski,DEF,Everton,Bournemouth,0,2,229,12,3,12,False,2026-08-29T14:00:00Z,1,1,2,90,1,0,0,1,0,0,0,0,0,0,2,27,54.8,11.3,19.0,8.5,1,0.1,0.01,0.11,2.16,60,5670,861719,42736,37066,1,3,9,10
Branthwaite,DEF,Everton,Bournemouth,0,2,230,12,3,4,False,2026-08-29T14:00:00Z,1,1,2,90,0,0,0,1,0,0,0,0,0,0,0,6,22.6,1.5,33.0,5.7,1,0.09,0.01,0.1,2.16,55,10185,183710,19103,8918,1,3,11,12
Keane,DEF,Everton,Bournemouth,0,2,231,12,3,0,False,2026-08-29T14:00:00Z,1,1,2,0,0,0,0,0,0,0,0,0,0,0,0,0,0.0,0.0,0.0,0.0,0,0.0,0.0,0.0,0.0,50,-21625,136213,3260,24885,0,0,0,0
O'Brien,DEF,Everton,Bournemouth,0,2,232,12,3,0,False,2026-08-29T14:00:00Z,1,1,2,0,0,0,0,0,0,0,0,0,0,0,0,0,0.0,0.0,0.0,0.0,0,0.0,0.0,0.0,0.0,50,-6326,42208,1403,7729,0,0,0,0
Mykolenko,DEF,Everton,Bournemouth,0,2,233,12,3,4,False,2026-08-29T14:00:00Z,1,1,2,90,0,0,0,1,0,0,0,0,0,0,0,7,36.8,1.0,0.0,3.8,1,0.0,0.01,0.01,2.16,45,12714,164056,21784,9070,1,7,11,12
Patterson,DEF,Everton,Bournemouth,0,2,234,12,3,0,False,2026-08-29T14:00:00Z,1,1,2,0,0,0,0,0,0,0,0,0,0,0,0,0,0.0,0.0,0.0,0.0,0,0.0,0.0,0.0,0.0,45,-162,3302,207,369,0,0,0,0
Aznou,DEF,Everton,Bournemouth,0,2,235,12,3,0,False,2026-08-29T14:00:00Z,1,1,2,0,0,0,0,0,0,0,0,0,0,0,0,0,0.0,0.0,0.0,0.0,0,0.0,0.0,0.0,0.0,40,-679,18113,1009,1688,0,0,0,0
Dewsbury-Hall,MID,Everton,Bournemouth,0,2,236,12,3,2,False,2026-08-29T14:00:00Z,1,1,2,90,0,0,0,1,0,0,0,0,0,0,0,24,19.4,52.3,9.0,8.1,1,0.06,0.16,0.22,2.16,65,105696,473030,132647,26951,3,7,0,10
Ndiaye,MID,Man City,Bournemouth,0,2,237,12,3,4,False,2026-08-29T14:00:00Z,1,1,2,90,0,0,0,1,0,0,0,0,0,0,0,16,12.6,14.5,10.0,3.7,1,0.02,0.07,0.09,2.16,60,62668,1595715,122688,60020,1,7,5,13
Grealish,MID,Everton,Crystal Palace,0,2,238,11,8,0,False,2026-08-28T19:00:00Z,1,4,2,0,0,0,0,0,0,0,0,0,0,0,0,0,0.0,0.0,0.0,0.0,0,0.0,0.0,0.0,0.0,65,-1201,21085,1202,2403,0,0,0,0
Garner,MID,Everton,Bournemouth,0,2,239,12,3,1,False,2026-08-29T14:00:00Z,1,1,2,61,0,0,0,1,0,0,0,1,0,0,0,9,3.4,1.1,0.0,0.5,1,0.0,0.0,0.0,0.58,60,-116,13621,1533,1649,3,7,0,10
Iroegbunam,MID,Hull City,Bournemouth,0,2,240,12,3,1,False,2026-08-29T14:00:00Z,1,1,2,4,0,0,0,0,0,0,0,0,0,0,0,2,0.0,0.0,0.0,0.0,0,0.0,0.0,0.0,0.0,50,-327,1093,21,348,0,0,0,0
McNeil,MID,Crystal Palace,Man City,0,2,241,11,15,1,True,2026-08-28T19:00:00Z,1,4,2,22,0,0,0,1,0,0,0,0,0,0,0,2,0.4,0.3,0.0,0.1,0,0.0,0.0,0.0,0.2,55,-1356,16698,472,1828,0,1,1,2
George,MID,Everton,Bournemouth,0,2,242,12,3,2,False,2026-08-29T14:00:00Z,1,1,2,61,0,0,0,1,0,0,0,0,0,0,0,12,6.0,12.2,16.0,3.4,1,0.05,0.01,0.06,0.58,55,-209,28043,2273,2482,1,1,0,2
Alcaraz,MID,Everton,Bournemouth,0,2,243,12,3,0,False,2026-08-29T14:00:00Z,1,1,2,4,0,0,0,0,0,0,0,1,0,0,0,-2,0.0,0.5,8.0,0.5,0,0.03,0.02,0.05,0.0,50,-385,9333,753,1138,0,0,0,0
Armstrong,MID,Everton,Bournemouth,0,2,244,12,3,2,False,2026-08-29T14:00:00Z,1,1,2,86,0,0,0,1,0,0,0,0,0,0,0,12,11.2,12.3,0.0,2.4,1,0.0,0.03,0.03,2.16,50,10319,24656,12786,2467,3,3,3,9
Dibling,MID,Everton,Bournemouth,0,2,245,12,3,0,False,2026-08-29T14:00:00Z,1,1,2,0,0,0,0,0,0,0,0,0,0,0,0,0,0.0,0.0,0.0,0.0,0,0.0,0.0,0.0,0.0,55,-550,3529,201,751,0,0,0,0
Röhl,MID,Everton,Bournemouth,0,2,246,12,3,2,False,2026-08-29T14:00:00Z,1,1,2,85,0,0,0,1,0,0,0,0,0,0,0,13,8.4,2.3,0.0,1.1,1,0.0,0.01,0.01,2.16,50,-118,5759,518,636,3,4,2,9
Hackney,MID,Everton,Bournemouth,0,2,247,12,3,1,False,2026-08-29T14:00:00Z,1,1,2,28,0,0,0,0,0,0,0,0,0,0,0,3,7.8,1.4,2.0,1.1,0,0.0,0.01,0.01,1.58,55,-2358,24628,844,3202,0,1,2,3
Beto,FWD,Everton,Bournemouth,0,2,248,12,3,1,False,2026-08-29T14:00:00Z,1,1,2,20,0,0,0,0,0,0,0,0,0,0,0,2,3.0,0.3,3.0,0.6,0,0.04,0.0,0.04,1.58,55,-35102,227543,7709,42811,0,0,1,1
Barry,FWD,Everton,Bournemouth,0,2,249,12,3,2,False,2026-08-29T14:00:00Z,1,1,2,69,0,0,0,1,0,0,0,0,0,0,0,6,10.0,11.7,58.0,8.0,1,1.48,0.0,1.48,0.58,55,127837,352239,150265,22428,0,1,2,3
Leno,GK,Fulham,Sunderland,0,2,250,19,20,3,False,2026-08-30T13:00:00Z,1,0,2,90,0,0,0,1,0,0,0,0,0,3,0,11,19.2,0.0,0.0,1.9,1,0.0,0.0,0.0,2.02,45,645,300981,12174,11529,0,8,2,0
Lecomte,GK,Fulham,Sunderland,0,2,251,19,20,0,False,2026-08-30T13:00:00Z,1,0,2,0,0,0,0,0,0,0,0,0,0,0,0,0,0.0,0.0,0.0,0.0,0,0.0,0.0,0.0,0.0,40,-2636,117798,1492,4128,0,0,0,0
McNally,GK,Fulham,Sunderland,0,2,252,19,20,0,False,2026-08-30T13:00:00Z,1,0,2,0,0,0,0,0,0,0,0,0,0,0,0,0,0.0,0.0,0.0,0.0,0,0.0,0.0,0.0,0.0,40,185,15794,805,620,0,0,0,0
Andersen,DEF,Fulham,Sunderland,0,2,253,19,20,1,False,2026-08-30T13:00:00Z,1,0,2,90,0,0,0,1,0,0,0,1,0,0,0,4,17.8,12.9,2.0,3.3,1,0.0,0.04,0.04,2.02,50,1684,7735,2314,630,0,2,8,8
Robinson,DEF,Fulham,Sunderland,0,2,254,19,20,2,False,2026-08-30T13:00:00Z,1,0,2,90,0,0,0,1,0,0,0,0,0,0,0,10,9.8,4.6,0.0,1.4,1,0.0,0.02,0.02,2.02,45,1752,165662,11181,9429,3,2,0,3
J.Cuenca,DEF,Fulham,Sunderland,0,2,255,19,20,0,False,2026-08-30T13:00:00Z,1,0,2,0,0,0,0,0,0,0,0,0,0,0,0,0,0.0,0.0,0.0,0.0,0,0.0,0.0,0.0,0.0,45,522,3423,781,259,0,0,0,0
Tete,DEF,Fulham,Sunderland,0,2,256,19,20,0,False,2026-08-30T13:00:00Z,1,0,2,0,0,0,0,0,0,0,0,0,0,0,0,0,0.0,0.0,0.0,0.0,0,0.0,0.0,0.0,0.0,45,-1723,25956,338,2061,0,0,0,0
Bassey,DEF,Fulham,Sunderland,0,2,257,19,20,2,False,2026-08-30T13:00:00Z,1,0,2,90,0,0,0,1,0,0,0,0,0,0,0,13,19.4,2.6,0.0,2.2,1,0.0,0.01,0.01,2.02,45,821,75885,6863,6042,1,6,6,7
Castagne,DEF,Fulham,Sunderland,0,2,258,19,20,6,False,2026-08-30T13:00:00Z,1,0,2,67,0,0,1,0,0,0,0,0,0,0,0,18,0.0,0.7,0.0,0.0,1,0.0,0.0,0.0,0.26,45,9481,45933,12096,2615,1,2,1,2
Diop,DEF,Ipswich Town,Man Utd,0,2,259,18,16,2,False,2026-08-30T15:30:00Z,5,2,2,90,0,0,0,5,0,0,0,0,0,0,0,7,40.8,0.3,0.0,4.1,1,0.0,0.0,0.0,4.77,40,-44411,1683238,26513,70924,0,4,12,12
Wilson,MID,Leeds,Brentford,0,2,260,17,4,1,True,2026-08-30T13:00:00Z,1,1,2,45,0,0,0,0,0,0,0,0,0,0,0,7,8.4,12.1,6.0,2.7,0,0.01,0.04,0.05,1.13,65,-42839,557212,14929,57768,1,3,2,6
Iwobi,MID,Fulham,Sunderland,0,2,261,19,20,2,False,2026-08-30T13:00:00Z,1,0,2,90,0,0,0,1,0,0,0,0,0,0,0,20,12.0,35.5,2.0,5.0,1,0.01,0.4,0.41,2.02,55,-3301,95898,6095,9396,1,2,1,4
Smith Rowe,MID,Fulham,Sunderland,0,2,262,19,20,1,False,2026-08-30T13:00:00Z,1,0,2,14,0,0,0,0,0,0,0,0,0,0,0,5,5.2,22.8,7.0,3.5,0,0.06,0.02,0.08,0.41,55,-3334,36765,1414,4748,0,1,0,1
Kevin,MID,Fulham,Sunderland,0,2,263,19,20,1,False,2026-08-30T13:00:00Z,1,0,2,7,0,0,0,0,0,0,0,0,0,0,0,2,0.0,1.5,0.0,0.1,0,0.0,0.04,0.04,0.17,55,-443,5495,419,862,0,0,0,0
Bobb,MID,Fulham,Sunderland,0,2,264,19,20,3,False,2026-08-30T13:00:00Z,1,0,2,67,0,0,1,0,0,0,0,0,0,0,0,8,7.0,12.4,6.0,2.5,1,0.0,0.01,0.01,0.26,55,1523,33606,4520,2997,2,2,1,5
Berge,MID,Fulham,Sunderland,0,2,265,19,20,2,False,2026-08-30T13:00:00Z,1,0,2,82,0,0,0,1,0,0,0,0,0,0,0,14,6.0,27.9,2.0,3.6,1,0.0,0.2,0.2,1.85,50,-1868,38868,1465,3333,0,2,0,2
Cairney,MID,Fulham,Sunderland,0,2,266,19,20,0,False,2026-08-30T13:00:00Z,1,0,2,0,0,0,0,0,0,0,0,0,0,0,0,0,0.0,0.0,0.0,0.0,0,0.0,0.0,0.0,0.0,50,-103,379,12,115,0,0,0,0
Lukić,MID,Ipswich Town,Man Utd,0,2,267,18,16,1,False,2026-08-30T15:30:00Z,5,2,2,72,0,0,0,4,0,0,0,1,0,0,0,11,17.4,11.9,2.0,3.1,1,0.02,0.02,0.04,3.91,50,-167,12592,1178,1345,3,1,7,11
King,MID,Fulham,Sunderland,0,2,268,19,20,2,False,2026-08-30T13:00:00Z,1,0,2,90,0,0,0,1,0,0,0,0,0,0,0,8,10.6,4.5,21.0,3.6,1,0.47,0.03,0.5,2.02,55,30519,59498,34683,4164,2,1,1,4
Sessegnon,DEF,Fulham,Sunderland,0,2,269,19,20,1,False,2026-08-30T13:00:00Z,1,0,2,22,0,0,0,1,0,0,0,0,0,0,0,3,8.6,11.0,8.0,2.8,0,0.02,0.12,0.14,1.77,45,-2055,41879,959,3014,1,1,0,1
Reed,MID,Fulham,Sunderland,0,2,270,19,20,0,False,2026-08-30T13:00:00Z,1,0,2,0,0,0,0,0,0,0,0,0,0,0,0,0,0.0,0.0,0.0,0.0,0,0.0,0.0,0.0,0.0,45,-8921,141446,5582,14503,0,0,0,0
Muniz,FWD,Fulham,Sunderland,0,2,271,19,20,0,False,2026-08-30T13:00:00Z,1,0,2,0,0,0,0,0,0,0,0,0,0,0,0,0,0.0,0.0,0.0,0.0,0,0.0,0.0,0.0,0.0,55,-4078,54718,2812,6890,0,0,0,0
Kusi-Asare,FWD,Fulham,Sunderland,0,2,272,19,20,0,False,2026-08-30T13:00:00Z,1,0,2,0,0,0,0,0,0,0,0,0,0,0,0,0,0.0,0.0,0.0,0.0,0,0.0,0.0,0.0,0.0,45,-20589,685336,23688,44277,0,0,0,0
Phillips,GK,Hull City,Coventry City,0,2,273,13,7,0,False,2026-08-29T14:00:00Z,0,1,2,0,0,0,0,0,0,0,0,0,0,0,0,0,0.0,0.0,0.0,0.0,0,0.0,0.0,0.0,0.0,40,-3979,150763,3115,7094,0,0,0,0
Butland,GK,Hull City,Coventry City,0,2,274,13,7,0,False,2026-08-29T14:00:00Z,0,1,2,0,0,0,0,0,0,0,0,0,0,0,0,0,0.0,0.0,0.0,0.0,0,0.0,0.0,0.0,0.0,45,-1614,9646,124,1738,0,0,0,0
Cartwright,GK,Hull City,Coventry City,0,2,275,13,7,0,False,2026-08-29T14:00:00Z,0,1,2,0,0,0,0,0,0,0,0,0,0,0,0,0,0.0,0.0,0.0,0.0,0,0.0,0.0,0.0,0.0,40,-111,909,0,111,0,0,0,0
Lo-Tutala,GK,Hull City,Coventry City,0,2,276,13,7,0,False,2026-08-29T14:00:00Z,0,1,2,0,0,0,0,0,0,0,0,0,0,0,0,0,0.0,0.0,0.0,0.0,0,0.0,0.0,0.0,0.0,40,-383,3116,0,383,0,0,0,0
Egan,DEF,Hull City,Coventry City,0,2,277,13,7,9,False,2026-08-29T14:00:00Z,0,1,2,90,0,0,1,0,0,0,0,0,0,0,1,25,23.8,0.4,0.0,2.4,1,0.0,0.0,0.0,1.29,40,31730,197783,42937,11207,1,1,12,13
Hughes,DEF,Hull City,Coventry City,0,2,278,13,7,0,False,2026-08-29T14:00:00Z,0,1,2,0,0,0,0,0,0,0,0,0,0,0,0,0,0.0,0.0,0.0,0.0,0,0.0,0.0,0.0,0.0,40,-2221,10606,99,2320,0,0,0,0
Ajayi,DEF,Hull City,Coventry City,0,2,279,13,7,6,False,2026-08-29T14:00:00Z,0,1,2,90,0,0,1,0,0,0,0,0,0,0,0,24,15.6,0.8,0.0,1.6,1,0.0,0.0,0.0,1.29,40,63813,200860,79406,15593,2,5,5,7
Coyle,DEF,Hull City,Coventry City,0,2,280,13,7,0,False,2026-08-29T14:00:00Z,0,1,2,45,0,0,0,0,0,0,0,1,0,0,0,2,4.6,0.3,0.0,0.5,1,0.0,0.0,0.0,1.09,40,-2458,62770,2623,5081,0,1,4,4
Drameh,DEF,Hull City,Coventry City,0,2,281,13,7,1,False,2026-08-29T14:00:00Z,0,1,2,45,0,0,0,0,0,0,0,0,0,0,0,4,4.2,0.4,0.0,0.5,0,0.0,0.0,0.0,0.2,40,695,7175,1108,413,0,2,3,3
Giles,DEF,Hull City,Coventry City,0,2,282,13,7,6,False,2026-08-29T14:00:00Z,0,1,2,90,0,0,1,0,0,0,0,0,0,0,0,21,9.6,15.0,2.0,2.7,1,0.0,0.07,0.07,1.29,40,8701,90479,12892,4191,1,4,1,2
Jacob,DEF,Hull City,Coventry City,0,2,283,13,7,0,False,2026-08-29T14:00:00Z,0,1,2,0,0,0,0,0,0,0,0,0,0,0,0,0,0.0,0.0,0.0,0.0,0,0.0,0.0,0.0,0.0,40,-171,1177,57,228,0,0,0,0
McCarthy,DEF,Hull City,Coventry City,0,2,284,13,7,0,False,2026-08-29T14:00:00Z,0,1,2,0,0,0,0,0,0,0,0,0,0,0,0,0,0.0,0.0,0.0,0.0,0,0.0,0.0,0.0,0.0,40,-284,8232,675,959,0,0,0,0
McNair,DEF,Hull City,Coventry City,0,2,285,13,7,0,False,2026-08-29T14:00:00Z,0,1,2,0,0,0,0,0,0,0,0,0,0,0,0,0,0.0,0.0,0.0,0.0,0,0.0,0.0,0.0,0.0,40,-44,13083,646,690,0,0,0,0
Belloumi,MID,Hull City,Coventry City,0,2,286,13,7,6,False,2026-08-29T14:00:00Z,0,1,2,82,0,1,1,0,0,0,0,0,0,0,0,23,23.2,12.1,11.0,4.6,1,0.12,0.02,0.14,1.11,50,9859,63814,13890,4031,2,5,3,10
Millar,MID,Hull City,Coventry City,0,2,287,13,7,6,False,2026-08-29T14:00:00Z,0,1,2,31,1,0,0,0,0,0,0,0,0,0,0,24,34.0,0.8,13.0,4.8,0,0.58,0.0,0.58,0.2,50,-682,6233,305,987,0,0,1,1
Dowell,MID,Hull City,Coventry City,0,2,288,13,7,0,False,2026-08-29T14:00:00Z,0,1,2,0,0,0,0,0,0,0,0,0,0,0,0,0,0.0,0.0,0.0,0.0,0,0.0,0.0,0.0,0.0,45,-2542,35966,1716,4258,0,0,0,0
Crooks,MID,Hull City,Coventry City,0,2,289,13,7,0,False,2026-08-29T14:00:00Z,0,1,2,0,0,0,0,0,0,0,0,0,0,0,0,0,0.0,0.0,0.0,0.0,0,0.0,0.0,0.0,0.0,45,4451,71261,10141,5690,0,0,0,0
Slater,MID,Hull City,Coventry City,0,2,290,13,7,2,False,2026-08-29T14:00:00Z,0,1,2,90,0,0,1,0,0,0,0,1,0,0,0,6,9.8,2.8,2.0,1.5,1,0.0,0.01,0.01,1.29,45,69997,391444,92371,22374,4,4,2,10
Matazo,MID,Hull City,Coventry City,0,2,291,13,7,0,False,2026-08-29T14:00:00Z,0,1,2,0,0,0,0,0,0,0,0,0,0,0,0,0,0.0,0.0,0.0,0.0,0,0.0,0.0,0.0,0.0,45,-32,625,64,96,0,0,0,0
Ömür,MID,Hull City,Coventry City,0,2,292,13,7,0,False,2026-08-29T14:00:00Z,0,1,2,0,0,0,0,0,0,0,0,0,0,0,0,0,0.0,0.0,0.0,0.0,0,0.0,0.0,0.0,0.0,50,-178,1668,209,387,0,0,0,0
Kamara,MID,Hull City,Coventry City,0,2,293,13,7,0,False,2026-08-29T14:00:00Z,0,1,2,0,0,0,0,0,0,0,0,0,0,0,0,0,0.0,0.0,0.0,0.0,0,0.0,0.0,0.0,0.0,50,-197,353,0,197,0,0,0,0
Zambrano,MID,Hull City,Coventry City,0,2,294,13,7,0,False,2026-08-29T14:00:00Z,0,1,2,0,0,0,0,0,0,0,0,0,0,0,0,0,0.0,0.0,0.0,0.0,0,0.0,0.0,0.0,0.0,45,-1658,10090,491,2149,0,0,0,0
McBurnie,FWD,Hull City,Coventry City,0,2,295,13,7,1,False,2026-08-29T14:00:00Z,0,1,2,90,0,0,1,0,0,0,0,1,0,0,0,7,0.8,13.3,8.0,2.2,1,0.0,0.01,0.01,1.29,55,66700,219548,82641,15941,0,4,0,4
Akintola,MID,Hull City,Coventry City,0,2,296,13,7,0,False,2026-08-29T14:00:00Z,0,1,2,0,0,0,0,0,0,0,0,0,0,0,0,0,0.0,0.0,0.0,0.0,0,0.0,0.0,0.0,0.0,50,-26,4113,914,940,0,0,0,0
Gyabi,MID,Hull City,Coventry City,0,2,297,13,7,0,False,2026-08-29T14:00:00Z,0,1,2,0,0,0,0,0,0,0,0,0,0,0,0,0,0.0,0.0,0.0,0.0,0,0.0,0.0,0.0,0.0,45,-462,2377,64,526,0,0,0,0
Destan,FWD,Hull City,Coventry City,0,2,298,13,7,0,False,2026-08-29T14:00:00Z,0,1,2,0,0,0,0,0,0,0,0,0,0,0,0,0,0.0,0.0,0.0,0.0,0,0.0,0.0,0.0,0.0,45,-8866,31698,0,8866,0,0,0,0
Burstow,FWD,Hull City,Coventry City,0,2,299,13,7,0,False,2026-08-29T14:00:00Z,0,1,2,0,0,0,0,0,0,0,0,0,0,0,0,0,0.0,0.0,0.0,0.0,0,0.0,0.0,0.0,0.0,45,-1210,5122,0,1210,0,0,0,0
Walton,GK,Ipswich Town,Man Utd,0,2,300,18,16,0,False,2026-08-30T15:30:00Z,5,2,2,0,0,0,0,0,0,0,0,0,0,0,0,0,0.0,0.0,0.0,0.0,0,0.0,0.0,0.0,0.0,45,-4363,48759,209,4572,0,0,0,0
Palmer,GK,Ipswich Town,Man Utd,0,2,301,18,16,0,False,2026-08-30T15:30:00Z,5,2,2,0,0,0,0,0,0,0,0,0,0,0,0,0,0.0,0.0,0.0,0.0,0,0.0,0.0,0.0,0.0,40,-9662,442454,7686,17348,0,0,0,0
Button,GK,Ipswich Town,Man Utd,0,2,302,18,16,0,False,2026-08-30T15:30:00Z,5,2,2,0,0,0,0,0,0,0,0,0,0,0,0,0,0.0,0.0,0.0,0.0,0,0.0,0.0,0.0,0.0,40,140,44640,1959,1819,0,0,0,0
Kipré,DEF,Ipswich Town,Man Utd,0,2,303,18,16,0,False,2026-08-30T15:30:00Z,5,2,2,0,0,0,0,0,0,0,0,0,0,0,0,0,0.0,0.0,0.0,0.0,0,0.0,0.0,0.0,0.0,40,-4615,60443,332,4947,0,0,0,0
O'Shea,DEF,Ipswich Town,Man Utd,0,2,304,18,16,0,False,2026-08-30T15:30:00Z,5,2,2,90,0,0,0,5,0,0,0,0,0,0,0,-14,0.0,0.8,9.0,0.9,1,0.07,0.01,0.08,4.77,40,1655,338381,15639,13984,0,2,1,1
Davis,DEF,Ipswich Town,Man Utd,0,2,305,18,16,6,False,2026-08-30T15:30:00Z,5,2,2,90,1,0,0,5,0,0,0,0,0,0,0,1,47.0,14.7,50.0,11.2,1,0.54,0.12,0.66,4.77,40,-13968,482824,7322,21290,0,1,4,4
Greaves,DEF,Ipswich Town,Man Utd,0,2,306,18,16,-1,False,2026-08-30T15:30:00Z,5,2,2,90,0,0,0,5,1,0,0,1,0,0,0,-13,18.4,1.3,0.0,2.0,1,0.0,0.01,0.01,4.77,40,-4475,141835,1636,6111,1,4,9,10
Johnson,DEF,Ipswich Town,Man Utd,0,2,307,18,16,0,False,2026-08-30T15:30:00Z,5,2,2,0,0,0,0,0,0,0,0,0,0,0,0,0,0.0,0.0,0.0,0.0,0,0.0,0.0,0.0,0.0,40,-595,10501,427,1022,0,0,0,0
Furlong,DEF,Ipswich Town,Man Utd,0,2,308,18,16,1,False,2026-08-30T15:30:00Z,5,2,2,17,0,0,0,1,0,0,0,0,0,0,0,-1,5.0,0.5,0.0,0.6,0,0.0,0.0,0.0,0.86,40,-4147,59266,269,4416,1,0,2,3
Núñez,MID,Ipswich Town,Man Utd,0,2,309,18,16,2,False,2026-08-30T15:30:00Z,5,2,2,61,0,0,0,3,0,0,0,0,0,0,0,6,11.6,12.1,2.0,2.6,1,0.0,0.02,0.02,2.85,50,-196,14039,1197,1393,1,4,4,9
Matusiwa,MID,Ipswich Town,Man Utd,0,2,310,18,16,0,False,2026-08-30T15:30:00Z,5,2,2,0,0,0,0,0,0,0,0,0,0,0,0,0,0.0,0.0,0.0,0.0,0,0.0,0.0,0.0,0.0,50,-104,328,8,112,0,0,0,0
Burns,MID,Ipswich Town,Man Utd,0,2,311,18,16,0,False,2026-08-30T15:30:00Z,5,2,2,0,0,0,0,0,0,0,0,0,0,0,0,0,0.0,0.0,0.0,0.0,0,0.0,0.0,0.0,0.0,50,-191,366,0,191,0,0,0,0
Taylor,MID,Ipswich Town,Man Utd,0,2,312,18,16,0,False,2026-08-30T15:30:00Z,5,2,2,0,0,0,0,0,0,0,0,0,0,0,0,0,0.0,0.0,0.0,0.0,0,0.0,0.0,0.0,0.0,45,-772,3887,111,883,0,0,0,0
Clarke,MID,Ipswich Town,Man Utd,0,2,313,18,16,0,False,2026-08-30T15:30:00Z,5,2,2,0,0,0,0,0,0,0,0,0,0,0,0,0,0.0,0.0,0.0,0.0,0,0.0,0.0,0.0,0.0,55,759,29170,3202,2443,0,0,0,0
Ogbene,MID,Ipswich Town,Man Utd,0,2,314,18,16,0,False,2026-08-30T15:30:00Z,5,2,2,0,0,0,0,0,0,0,0,0,0,0,0,0,0.0,0.0,0.0,0.0,0,0.0,0.0,0.0,0.0,50,-206,1468,37,243,0,0,0,0
Fatawu,MID,Ipswich Town,Man Utd,0,2,315,18,16,4,False,2026-08-30T15:30:00Z,5,2,2,82,0,1,0,5,0,0,0,1,0,0,0,25,26.6,42.3,2.0,7.1,1,0.0,0.22,0.22,4.59,55,-2198,21573,570,2768,1,2,1,4
Emersonn,FWD,Ipswich Town,Man Utd,0,2,316,18,16,1,False,2026-08-30T15:30:00Z,5,2,2,45,0,0,0,1,0,0,0,0,0,0,0,7,1.0,11.1,2.0,1.4,1,0.0,0.0,0.0,0.77,55,59997,182058,76807,16810,0,0,1,1
Hirst,FWD,Ipswich Town,Man Utd,0,2,317,18,16,0,False,2026-08-30T15:30:00Z,5,2,2,0,0,0,0,0,0,0,0,0,0,0,0,0,0.0,0.0,0.0,0.0,0,0.0,0.0,0.0,0.0,50,-8695,16241,0,8695,0,0,0,0
Philogene,MID,Ipswich Town,Man Utd,0,2,318,18,16,0,False,2026-08-30T15:30:00Z,5,2,2,0,0,0,0,0,0,0,0,0,0,0,0,0,0.0,0.0,0.0,0.0,0,0.0,0.0,0.0,0.0,55,-3822,12592,106,3928,0,0,0,0
Szmodics,MID,Ipswich Town,Man Utd,0,2,319,18,16,0,False,2026-08-30T15:30:00Z,5,2,2,0,0,0,0,0,0,0,0,0,0,0,0,0,0.0,0.0,0.0,0.0,0,0.0,0.0,0.0,0.0,50,-409,615,0,409,0,0,0,0
Akpom,FWD,Ipswich Town,Man Utd,0,2,320,18,16,5,False,2026-08-30T15:30:00Z,5,2,2,45,1,0,0,4,0,0,0,0,0,0,0,30,33.2,1.7,17.0,5.2,0,0.97,0.0,0.97,4.01,50,-1625,52422,4625,6250,0,0,0,0
Walle Egeli,FWD,Ipswich Town,Man Utd,0,2,321,18,16,0,False,2026-08-30T15:30:00Z,5,2,2,0,0,0,0,0,0,0,0,0,0,0,0,0,0.0,0.0,0.0,0.0,0,0.0,0.0,0.0,0.0,45,17271,247770,40712,23441,0,0,0,0
Al-Hamadi,FWD,Ipswich Town,Man Utd,0,2,322,18,16,0,False,2026-08-30T15:30:00Z,5,2,2,0,0,0,0,0,0,0,0,0,0,0,0,0,0.0,0.0,0.0,0.0,0,0.0,0.0,0.0,0.0,50,-2247,12213,755,3002,0,0,0,0
McAteer,MID,Ipswich Town,Man Utd,0,2,323,18,16,1,False,2026-08-30T15:30:00Z,5,2,2,7,0,0,0,0,0,0,0,0,0,0,0,3,0.2,0.0,0.0,0.0,0,0.0,0.0,0.0,0.18,45,-5950,133761,5615,11565,0,1,0,1
Mehmeti,MID,Ipswich Town,Man Utd,0,2,324,18,16,0,False,2026-08-30T15:30:00Z,5,2,2,0,0,0,0,0,0,0,0,0,0,0,0,0,0.0,0.0,0.0,0.0,0,0.0,0.0,0.0,0.0,50,-639,4692,47,686,0,0,0,0
Darlow,GK,Man Utd,Ipswich Town,0,2,325,18,12,0,True,2026-08-30T15:30:00Z,5,2,2,0,0,0,0,0,0,0,0,0,0,0,0,0,0.0,0.0,0.0,0.0,0,0.0,0.0,0.0,0.0,45,-15,3863,242,257,0,0,0,0
Perri,GK,Leeds,Brentford,0,2,326,17,4,0,True,2026-08-30T13:00:00Z,1,1,2,0,0,0,0,0,0,0,0,0,0,0,0,0,0.0,0.0,0.0,0.0,0,0.0,0.0,0.0,0.0,45,-5031,54468,328,5359,0,0,0,0
Bijol,DEF,Leeds,Brentford,0,2,327,17,4,1,True,2026-08-30T13:00:00Z,1,1,2,45,0,0,0,1,0,0,0,0,0,0,0,0,8.4,0.2,0.0,0.9,1,0.0,0.0,0.0,0.55,50,37035,96315,45219,8184,0,2,5,5
Struijk,DEF,Brighton,Chelsea,0,2,328,16,6,0,False,2026-08-30T13:00:00Z,4,3,2,0,0,0,0,0,0,0,0,0,0,0,0,0,0.0,0.0,0.0,0.0,0,0.0,0.0,0.0,0.0,50,-1138,22519,1416,2554,0,0,0,0
Rodon,DEF,Leeds,Brentford,0,2,329,17,4,1,True,2026-08-30T13:00:00Z,1,1,2,33,0,0,0,0,0,0,0,0,0,0,0,4,8.6,0.3,2.0,1.1,1,0.0,0.0,0.0,0.35,45,9026,358288,21600,12574,0,1,4,4
Bogle,DEF,Leeds,Brentford,0,2,330,17,4,2,True,2026-08-30T13:00:00Z,1,1,2,67,0,0,0,1,0,0,0,0,0,0,0,9,18.6,11.3,4.0,3.4,1,0.0,0.01,0.01,0.74,45,2801,54809,5925,3124,2,5,5,7
Gudmundsson,DEF,Leeds,Brentford,0,2,331,17,4,0,True,2026-08-30T13:00:00Z,1,1,2,0,0,0,0,0,0,0,0,0,0,0,0,0,0.0,0.0,0.0,0.0,0,0.0,0.0,0.0,0.0,45,-926,4329,66,992,0,0,0,0
Justin,DEF,Leeds,Brentford,0,2,332,17,4,2,True,2026-08-30T13:00:00Z,1,1,2,90,0,0,0,1,0,0,0,0,0,0,0,12,24.6,11.8,9.0,4.5,1,0.03,0.01,0.04,1.67,45,34143,121554,43534,9391,2,3,6,8
Bornauw,DEF,Leeds,Brentford,0,2,333,17,4,0,True,2026-08-30T13:00:00Z,1,1,2,0,0,0,0,0,0,0,0,0,0,0,0,0,0.0,0.0,0.0,0.0,0,0.0,0.0,0.0,0.0,45,-170,335,0,170,0,0,0,0
Muharemović,DEF,Leeds,Brentford,0,2,334,17,4,4,True,2026-08-30T13:00:00Z,1,1,2,90,0,0,0,1,0,0,0,0,0,0,0,17,51.6,0.8,2.0,5.4,1,0.0,0.01,0.01,1.67,50,9697,336009,21539,11842,2,3,17,19
Stach,MID,Leeds,Brentford,0,2,335,17,4,4,True,2026-08-30T13:00:00Z,1,1,2,90,0,0,0,1,0,0,0,0,0,0,0,13,24.6,17.0,4.0,4.6,1,0.07,0.01,0.08,1.67,60,67665,255319,81344,13679,4,4,8,16
Okafor,MID,Leeds,Brentford,0,2,336,17,4,2,True,2026-08-30T13:00:00Z,1,1,2,68,0,0,0,1,0,0,0,0,0,0,0,11,6.4,7.5,10.0,2.4,1,0.08,0.01,0.09,0.74,60,-7813,40559,1355,9168,1,0,1,2
Aaronson,MID,Leeds,Brentford,0,2,337,17,4,1,True,2026-08-30T13:00:00Z,1,1,2,45,0,0,0,1,0,0,0,0,0,0,0,6,2.2,0.6,0.0,0.3,1,0.0,0.01,0.01,0.55,55,-5840,85405,2593,8433,1,1,1,3
Ampadu,MID,Leeds,Brentford,0,2,338,17,4,2,True,2026-08-30T13:00:00Z,1,1,2,90,0,0,0,1,0,0,0,0,0,0,0,12,19.6,16.6,1.0,3.7,1,0.01,0.09,0.1,1.67,55,-4850,133624,4591,9441,2,3,5,10
Longstaff,MID,Leeds,Brentford,0,2,339,17,4,0,True,2026-08-30T13:00:00Z,1,1,2,0,0,0,0,0,0,0,0,0,0,0,0,0,0.0,0.0,0.0,0.0,0,0.0,0.0,0.0,0.0,50,-1056,12723,575,1631,0,0,0,0
Gelhardt,MID,Hull City,Coventry City,0,2,340,13,7,0,False,2026-08-29T14:00:00Z,0,1,2,0,0,0,0,0,0,0,0,0,0,0,0,0,0.0,0.0,0.0,0.0,0,0.0,0.0,0.0,0.0,50,-243,1160,45,288,0,0,0,0
Gnonto,MID,Leeds,Brentford,0,2,341,17,4,0,True,2026-08-30T13:00:00Z,1,1,2,0,0,0,0,0,0,0,0,0,0,0,0,0,0.0,0.0,0.0,0.0,0,0.0,0.0,0.0,0.0,50,-678,1522,18,696,0,0,0,0
Harrison,MID,Leeds,Brentford,0,2,342,17,4,0,True,2026-08-30T13:00:00Z,1,1,2,0,0,0,0,0,0,0,0,0,0,0,0,0,0.0,0.0,0.0,0.0,0,0.0,0.0,0.0,0.0,50,-36,98,0,36,0,0,0,0
James,MID,Leeds,Brentford,0,2,343,17,4,1,True,2026-08-30T13:00:00Z,1,1,2,22,0,0,0,0,0,0,0,0,0,0,0,2,0.0,1.1,12.0,1.1,0,0.24,0.01,0.25,0.93,50,-873,11703,863,1736,0,2,0,2
Gruev,MID,Leeds,Brentford,0,2,344,17,4,0,True,2026-08-30T13:00:00Z,1,1,2,0,0,0,0,0,0,0,0,0,0,0,0,0,0.0,0.0,0.0,0.0,0,0.0,0.0,0.0,0.0,50,-120,362,9,129,0,0,0,0
Tanaka,MID,Leeds,Brentford,0,2,345,17,4,1,True,2026-08-30T13:00:00Z,1,1,2,45,0,0,0,0,0,0,0,0,0,0,0,6,20.0,1.8,0.0,2.2,0,0.0,0.01,0.01,1.13,50,-3334,21386,899,4233,3,3,5,11
Calvert-Lewin,FWD,Leeds,Brentford,0,2,346,17,4,8,True,2026-08-30T13:00:00Z,1,1,2,90,1,0,0,1,0,0,0,0,0,0,2,31,38.4,4.0,35.0,7.7,1,0.92,0.02,0.94,1.67,60,-104622,2823193,84314,188936,0,1,3,4
Nmecha,FWD,Leeds,Brentford,0,2,347,17,4,4,True,2026-08-30T13:00:00Z,1,1,2,21,0,1,0,0,0,0,0,0,0,0,0,18,18.2,20.3,6.0,4.5,0,0.1,0.0,0.1,0.93,55,-7627,51231,1917,9544,0,1,0,1
Piroe,FWD,Leeds,Brentford,0,2,348,17,4,0,True,2026-08-30T13:00:00Z,1,1,2,0,0,0,0,0,0,0,0,0,0,0,0,0,0.0,0.0,0.0,0.0,0,0.0,0.0,0.0,0.0,50,-5351,11733,0,5351,0,0,0,0
Mateo Joseph,FWD,Leeds,Brentford,0,2,349,17,4,0,True,2026-08-30T13:00:00Z,1,1,2,0,0,0,0,0,0,0,0,0,0,0,0,0,0.0,0.0,0.0,0.0,0,0.0,0.0,0.0,0.0,45,-726,5489,325,1051,0,0,0,0
A.Becker,GK,Liverpool,Nott'm Forest,0,2,350,14,18,0,True,2026-08-29T11:30:00Z,2,2,2,90,0,0,0,2,0,0,0,1,0,1,0,-5,7.6,0.0,0.0,0.8,1,0.0,0.0,0.0,2.3,55,4084,377543,25307,21223,0,4,2,0
Mamardashvili,GK,Liverpool,Nott'm Forest,0,2,351,14,18,0,True,2026-08-29T11:30:00Z,2,2,2,0,0,0,0,0,0,0,0,0,0,0,0,0,0.0,0.0,0.0,0.0,0,0.0,0.0,0.0,0.0,50,-1380,15032,658,2038,0,0,0,0
Woodman,GK,Liverpool,Nott'm Forest,0,2,352,14,18,0,True,2026-08-29T11:30:00Z,2,2,2,0,0,0,0,0,0,0,0,0,0,0,0,0,0.0,0.0,0.0,0.0,0,0.0,0.0,0.0,0.0,40,-2260,107195,3263,5523,0,0,0,0
Pecsi,GK,Liverpool,Nott'm Forest,0,2,353,14,18,0,True,2026-08-29T11:30:00Z,2,2,2,0,0,0,0,0,0,0,0,0,0,0,0,0,0.0,0.0,0.0,0.0,0,0.0,0.0,0.0,0.0,40,-448,2467,0,448,0,0,0,0
Jaros,GK,Liverpool,Nott'm Forest,0,2,354,14,18,0,True,2026-08-29T11:30:00Z,2,2,2,0,0,0,0,0,0,0,0,0,0,0,0,0,0.0,0.0,0.0,0.0,0,0.0,0.0,0.0,0.0,40,-16,1453,163,179,0,0,0,0
Davies,GK,Liverpool,Nott'm Forest,0,2,355,14,18,0,True,2026-08-29T11:30:00Z,2,2,2,0,0,0,0,0,0,0,0,0,0,0,0,0,0.0,0.0,0.0,0.0,0,0.0,0.0,0.0,0.0,40,-69,13945,644,713,0,0,0,0
Virgil,DEF,Liverpool,Nott'm Forest,0,2,356,14,18,1,True,2026-08-29T11:30:00Z,2,2,2,90,0,0,0,2,0,0,0,0,0,0,0,5,24.6,4.3,2.0,3.1,1,0.0,0.03,0.03,2.3,65,-4506,1939518,74614,79120,0,5,7,7
Frimpong,DEF,Liverpool,Nott'm Forest,0,2,357,14,18,1,True,2026-08-29T11:30:00Z,2,2,2,70,0,0,0,2,0,0,0,0,0,0,0,9,12.8,13.8,4.0,3.1,1,0.0,0.02,0.02,2.23,55,-9049,339802,24520,33569,2,3,4,6
Kerkez,DEF,Liverpool,Nott'm Forest,0,2,358,14,18,1,True,2026-08-29T11:30:00Z,2,2,2,70,0,0,0,2,0,0,0,0,0,0,0,9,24.0,12.8,0.0,3.7,1,0.0,0.01,0.01,2.23,55,-18742,347978,15645,34387,1,4,7,8
Gomez,DEF,Liverpool,Nott'm Forest,0,2,359,14,18,0,True,2026-08-29T11:30:00Z,2,2,2,0,0,0,0,0,0,0,0,0,0,0,0,0,0.0,0.0,0.0,0.0,0,0.0,0.0,0.0,0.0,50,-330,1606,79,409,0,0,0,0
Bradley,DEF,Liverpool,Nott'm Forest,0,2,360,14,18,0,True,2026-08-29T11:30:00Z,2,2,2,0,0,0,0,0,0,0,0,0,0,0,0,0,0.0,0.0,0.0,0.0,0,0.0,0.0,0.0,0.0,50,-140,1023,79,219,0,0,0,0
Lucky,DEF,Liverpool,Nott'm Forest,0,2,361,14,18,0,True,2026-08-29T11:30:00Z,2,2,2,0,0,0,0,0,0,0,0,0,0,0,0,0,0.0,0.0,0.0,0.0,0,0.0,0.0,0.0,0.0,40,-529,11947,608,1137,0,0,0,0
Jacquet,DEF,Liverpool,Nott'm Forest,0,2,362,14,18,3,True,2026-08-29T11:30:00Z,2,2,2,76,0,0,0,2,0,0,0,0,0,0,0,13,30.8,15.1,2.0,4.8,1,0.0,0.05,0.05,2.23,50,4556,235410,22712,18156,3,4,8,11
Leoni,DEF,Liverpool,Nott'm Forest,0,2,363,14,18,0,True,2026-08-29T11:30:00Z,2,2,2,0,0,0,0,0,0,0,0,0,0,0,0,0,0.0,0.0,0.0,0.0,0,0.0,0.0,0.0,0.0,40,-337,4039,182,519,0,0,0,0
Tsimikas,DEF,Liverpool,Nott'm Forest,0,2,364,14,18,1,True,2026-08-29T11:30:00Z,2,2,2,19,0,0,0,0,0,0,0,0,0,0,0,4,3.6,1.3,9.0,1.4,0,0.04,0.01,0.05,0.07,50,-643,7352,339,982,0,0,0,0
Ramsay,DEF,Liverpool,Nott'm Forest,0,2,365,14,18,0,True,2026-08-29T11:30:00Z,2,2,2,0,0,0,0,0,0,0,0,0,0,0,0,0,0.0,0.0,0.0,0.0,0,0.0,0.0,0.0,0.0,40,-3114,18344,638,3752,0,0,0,0
Wirtz,MID,Liverpool,Nott'm Forest,0,2,366,14,18,4,True,2026-08-29T11:30:00Z,2,2,2,90,0,1,0,2,0,0,0,1,0,0,0,23,27.8,24.3,22.0,7.4,1,0.23,0.2,0.43,2.3,75,-98339,1118328,24923,123262,3,7,0,10
Gakpo,MID,Liverpool,Nott'm Forest,0,2,367,14,18,5,True,2026-08-29T11:30:00Z,2,2,2,70,0,1,0,2,0,0,0,0,0,0,0,21,23.2,27.8,6.0,5.7,1,0.0,0.65,0.65,2.23,70,177953,653797,205704,27751,0,2,1,3
Szoboszlai,MID,Liverpool,Nott'm Forest,0,2,368,14,18,4,True,2026-08-29T11:30:00Z,2,2,2,90,0,0,0,2,0,0,0,0,0,0,0,24,21.4,40.7,4.0,6.6,1,0.16,0.17,0.33,2.3,70,177598,4309636,245003,67405,3,7,3,13
Ngumoha,MID,Liverpool,Nott'm Forest,0,2,369,14,18,1,True,2026-08-29T11:30:00Z,2,2,2,19,0,0,0,0,0,0,0,0,0,0,0,5,2.0,1.3,2.0,0.5,0,0.0,0.03,0.03,0.07,60,-9330,106917,5547,14877,0,0,0,0
Chiesa,MID,Liverpool,Nott'm Forest,0,2,370,14,18,0,True,2026-08-29T11:30:00Z,2,2,2,0,0,0,0,0,0,0,0,0,0,0,0,0,0.0,0.0,0.0,0.0,0,0.0,0.0,0.0,0.0,55,-2965,10863,585,3550,0,0,0,0
Gravenberch,MID,Liverpool,Nott'm Forest,0,2,371,14,18,1,True,2026-08-29T11:30:00Z,2,2,2,19,0,0,0,0,0,0,0,0,0,0,0,7,4.4,12.1,0.0,1.7,0,0.0,0.01,0.01,0.07,60,-178,196536,15005,15183,1,0,0,1
Mac Allister,MID,Liverpool,Nott'm Forest,0,2,372,14,18,2,True,2026-08-29T11:30:00Z,2,2,2,76,0,0,0,2,0,0,0,0,0,0,0,10,12.6,7.7,0.0,2.0,1,0.0,0.39,0.39,2.23,55,-14941,156781,6567,21508,3,5,2,10
C.Jones,MID,Liverpool,Nott'm Forest,0,2,373,14,18,0,True,2026-08-29T11:30:00Z,2,2,2,0,0,0,0,0,0,0,0,0,0,0,0,0,0.0,0.0,0.0,0.0,0,0.0,0.0,0.0,0.0,55,-1095,3769,33,1128,0,0,0,0
Endo,MID,Liverpool,Nott'm Forest,0,2,374,14,18,0,True,2026-08-29T11:30:00Z,2,2,2,0,0,0,0,0,0,0,0,0,0,0,0,0,0.0,0.0,0.0,0.0,0,0.0,0.0,0.0,0.0,50,-500,6389,485,985,0,0,0,0
Nyoni,MID,Liverpool,Nott'm Forest,0,2,375,14,18,1,True,2026-08-29T11:30:00Z,2,2,2,13,0,0,0,0,0,0,0,0,0,0,0,3,6.4,2.2,0.0,0.9,0,0.0,0.0,0.0,0.07,50,-534,3607,139,673,2,2,1,5
Bajcetic,MID,Liverpool,Nott'm Forest,0,2,376,14,18,0,True,2026-08-29T11:30:00Z,2,2,2,0,0,0,0,0,0,0,0,0,0,0,0,0,0.0,0.0,0.0,0.0,0,0.0,0.0,0.0,0.0,50,-21,173,8,29,0,0,0,0
Munoz,MID,Liverpool,Nott'm Forest,0,2,377,14,18,6,True,2026-08-29T11:30:00Z,2,2,2,90,1,0,0,2,0,0,0,1,0,0,0,24,42.2,16.8,29.0,8.8,1,0.32,0.19,0.51,2.3,65,573,60184,6486,5913,2,1,4,7
McConnell,MID,Liverpool,Nott'm Forest,0,2,378,14,18,0,True,2026-08-29T11:30:00Z,2,2,2,0,0,0,0,0,0,0,0,0,0,0,0,0,0.0,0.0,0.0,0.0,0,0.0,0.0,0.0,0.0,45,-2017,25168,883,2900,0,0,0,0
Isak,FWD,Liverpool,Nott'm Forest,0,2,379,14,18,8,True,2026-08-29T11:30:00Z,2,2,2,90,1,0,0,2,0,0,0,0,0,0,2,30,34.0,10.3,48.0,9.2,1,0.99,0.0,0.99,2.3,90,-28097,1629014,73036,101133,1,0,0,1
Ekitiké,FWD,Liverpool,Nott'm Forest,0,2,380,14,18,0,True,2026-08-29T11:30:00Z,2,2,2,0,0,0,0,0,0,0,0,0,0,0,0,0,0.0,0.0,0.0,0.0,0,0.0,0.0,0.0,0.0,75,-3098,14299,709,3807,0,0,0,0
Koumas,MID,Liverpool,Nott'm Forest,0,2,381,14,18,0,True,2026-08-29T11:30:00Z,2,2,2,0,0,0,0,0,0,0,0,0,0,0,0,0,0.0,0.0,0.0,0.0,0,0.0,0.0,0.0,0.0,50,-54,2137,156,210,0,0,0,0
Danns,FWD,Liverpool,Nott'm Forest,0,2,382,14,18,0,True,2026-08-29T11:30:00Z,2,2,2,0,0,0,0,0,0,0,0,0,0,0,0,0,0.0,0.0,0.0,0.0,0,0.0,0.0,0.0,0.0,45,-253,3423,309,562,0,0,0,0
Elliott,MID,Liverpool,Nott'm Forest,0,2,383,14,18,0,True,2026-08-29T11:30:00Z,2,2,2,0,0,0,0,0,0,0,0,0,0,0,0,0,0.0,0.0,0.0,0.0,0,0.0,0.0,0.0,0.0,55,-836,7117,380,1216,0,0,0,0
Donnarumma,GK,Man City,Crystal Palace,0,2,384,11,8,0,False,2026-08-28T19:00:00Z,1,4,2,90,0,0,0,1,1,0,0,0,0,1,0,5,6.8,0.0,0.0,0.7,1,0.0,0.0,0.0,0.66,55,-10944,828113,34008,44952,0,8,0,0
Trafford,GK,Leeds,Brentford,0,2,385,17,4,3,True,2026-08-30T13:00:00Z,1,1,2,90,0,0,0,1,0,0,0,0,0,4,0,20,37.6,0.0,0.0,3.8,1,0.0,0.0,0.0,1.67,50,48690,437245,63794,15104,0,11,0,0
Bettinelli,GK,Man City,Crystal Palace,0,2,386,11,8,0,False,2026-08-28T19:00:00Z,1,4,2,0,0,0,0,0,0,0,0,0,0,0,0,0,0.0,0.0,0.0,0.0,0,0.0,0.0,0.0,0.0,45,-101,2853,135,236,0,0,0,0
O'Reilly,DEF,Man City,Crystal Palace,0,2,387,11,8,2,False,2026-08-28T19:00:00Z,1,4,2,88,0,0,0,1,0,0,0,0,0,0,0,11,3.6,7.8,5.0,1.6,1,0.02,0.02,0.04,0.66,65,-38546,2068744,68784,107330,1,2,0,1
Guéhi,DEF,Man City,Crystal Palace,0,2,388,11,8,2,False,2026-08-28T19:00:00Z,1,4,2,90,0,0,0,1,0,0,0,0,0,0,0,12,24.2,15.8,0.0,4.0,1,0.0,0.04,0.04,0.66,60,140987,1952448,182745,41758,0,4,5,5
Matheus N.,DEF,Man City,Crystal Palace,0,2,389,11,8,0,False,2026-08-28T19:00:00Z,1,4,2,0,0,0,0,0,0,0,0,0,0,0,0,0,0.0,0.0,0.0,0.0,0,0.0,0.0,0.0,0.0,60,-14462,142089,3031,17493,0,0,0,0
Rúben,DEF,Man City,Crystal Palace,0,2,390,11,8,2,False,2026-08-28T19:00:00Z,1,4,2,90,0,0,0,1,0,0,0,0,0,0,0,19,27.0,22.3,35.0,8.4,1,0.09,0.57,0.66,0.66,55,-2699,176387,9858,12557,1,6,5,6
Gvardiol,DEF,Man City,Crystal Palace,0,2,391,11,8,5,False,2026-08-28T19:00:00Z,1,4,2,74,0,1,0,1,0,0,0,0,0,0,0,18,27.6,30.8,2.0,6.0,1,0.0,0.04,0.04,0.66,55,193061,1383738,228418,35357,1,0,1,2
Aït-Nouri,DEF,Man City,Crystal Palace,0,2,392,11,8,0,False,2026-08-28T19:00:00Z,1,4,2,0,0,0,0,0,0,0,0,0,0,0,0,0,0.0,0.0,0.0,0.0,0,0.0,0.0,0.0,0.0,55,-14163,77633,2616,16779,0,0,0,0
Khusanov,DEF,Man City,Crystal Palace,0,2,393,11,8,2,False,2026-08-28T19:00:00Z,1,4,2,88,0,0,0,1,0,0,0,0,0,0,0,17,21.0,5.3,4.0,3.0,1,0.0,0.02,0.02,0.66,55,-8451,170855,6086,14537,4,3,3,7
Alleyne,DEF,Man City,Crystal Palace,0,2,394,11,8,0,False,2026-08-28T19:00:00Z,1,4,2,0,0,0,0,0,0,0,0,0,0,0,0,0,0.0,0.0,0.0,0.0,0,0.0,0.0,0.0,0.0,50,-357,720,0,357,0,0,0,0
Lewis,DEF,Man City,Crystal Palace,0,2,395,11,8,0,False,2026-08-28T19:00:00Z,1,4,2,0,0,0,0,0,0,0,0,0,0,0,0,0,0.0,0.0,0.0,0.0,0,0.0,0.0,0.0,0.0,45,1097,25045,3620,2523,0,0,0,0
Vitor Reis,DEF,Man City,Crystal Palace,0,2,396,11,8,1,False,2026-08-28T19:00:00Z,1,4,2,1,0,0,0,0,0,0,0,0,0,0,0,3,1.2,0.9,0.0,0.2,0,0.0,0.0,0.0,0.0,45,-138,2034,102,240,0,0,0,0
Semenyo,MID,Man City,Crystal Palace,0,2,397,11,8,5,False,2026-08-28T19:00:00Z,1,4,2,90,0,1,0,1,0,0,0,0,0,0,0,33,29.2,43.0,40.0,11.2,1,0.06,0.57,0.63,0.66,85,-124110,2377196,49100,173210,1,2,0,3
Foden,MID,Man City,Crystal Palace,0,2,398,11,8,9,False,2026-08-28T19:00:00Z,1,4,2,90,0,2,0,1,0,0,0,0,0,0,1,38,42.8,45.8,17.0,10.6,1,0.87,0.45,1.32,0.66,70,-26374,400716,20147,46521,1,4,2,7
Cherki,MID,Man City,Crystal Palace,0,2,399,11,8,14,False,2026-08-28T19:00:00Z,1,4,2,81,2,0,0,1,0,0,0,1,0,0,3,60,74.8,47.8,49.0,17.2,1,0.35,0.55,0.9,0.66,75,161916,1073154,203318,41402,0,3,0,3
Doku,MID,Man City,Crystal Palace,0,2,400,11,8,0,False,2026-08-28T19:00:00Z,1,4,2,0,0,0,0,0,0,0,0,0,0,0,0,0,0.0,0.0,0.0,0.0,0,0.0,0.0,0.0,0.0,75,-69521,122950,494,70015,0,0,0,0
Marmoush,FWD,Spurs,Newcastle,0,2,401,15,17,2,True,2026-08-29T16:30:00Z,0,2,2,90,0,0,0,2,0,0,0,0,0,0,0,14,9.2,35.1,28.0,7.2,1,0.17,0.07,0.24,0.72,70,20447,131884,39808,19361,1,3,0,4
Rodrigo,MID,Man City,Crystal Palace,0,2,402,11,8,0,False,2026-08-28T19:00:00Z,1,4,2,0,0,0,0,0,0,0,0,0,0,0,0,0,0.0,0.0,0.0,0.0,0,0.0,0.0,0.0,0.0,65,-796,1526,0,796,0,0,0,0
Sávio,MID,Spurs,Newcastle,0,2,403,15,17,0,True,2026-08-29T16:30:00Z,0,2,2,0,0,0,0,0,0,0,0,0,0,0,0,0,0.0,0.0,0.0,0.0,0,0.0,0.0,0.0,0.0,65,48883,92925,55747,6864,0,0,0,0
Reijnders,MID,Man City,Crystal Palace,0,2,404,11,8,0,False,2026-08-28T19:00:00Z,1,4,2,0,0,0,0,0,0,0,0,0,0,0,0,0,0.0,0.0,0.0,0.0,0,0.0,0.0,0.0,0.0,60,-5624,5966,0,5624,0,0,0,0
N.Gonzalez,MID,Newcastle,Spurs,0,2,405,15,19,2,False,2026-08-29T16:30:00Z,0,2,2,70,0,0,1,0,0,0,0,1,0,0,0,9,7.2,29.5,0.0,3.7,1,0.0,0.2,0.2,0.74,55,645,15669,2387,1742,0,2,2,4
Kovačić,MID,Man City,Crystal Palace,0,2,406,11,8,1,False,2026-08-28T19:00:00Z,1,4,2,15,0,0,0,0,0,0,0,0,0,0,0,9,2.0,3.1,0.0,0.5,0,0.0,0.01,0.01,0.0,55,-460,8589,829,1289,0,0,0,0
Echeverri,MID,Man City,Crystal Palace,0,2,407,11,8,0,False,2026-08-28T19:00:00Z,1,4,2,0,0,0,0,0,0,0,0,0,0,0,0,0,0.0,0.0,0.0,0.0,0,0.0,0.0,0.0,0.0,50,-204,1653,93,297,0,0,0,0
Phillips,MID,Man City,Crystal Palace,0,2,408,11,8,0,False,2026-08-28T19:00:00Z,1,4,2,0,0,0,0,0,0,0,0,0,0,0,0,0,0.0,0.0,0.0,0.0,0,0.0,0.0,0.0,0.0,50,-305,762,0,305,0,0,0,0
Mukasa,MID,Man City,Crystal Palace,0,2,409,11,8,0,False,2026-08-28T19:00:00Z,1,4,2,0,0,0,0,0,0,0,0,0,0,0,0,0,0.0,0.0,0.0,0.0,0,0.0,0.0,0.0,0.0,45,-1559,17482,927,2486,0,0,0,0
Monga,MID,Man City,Crystal Palace,0,2,410,11,8,0,False,2026-08-28T19:00:00Z,1,4,2,0,0,0,0,0,0,0,0,0,0,0,0,0,0.0,0.0,0.0,0.0,0,0.0,0.0,0.0,0.0,50,-207,1523,76,283,0,0,0,0
Haaland,FWD,Man City,Crystal Palace,0,2,411,11,8,13,False,2026-08-28T19:00:00Z,1,4,2,90,2,0,0,1,0,0,0,0,0,0,3,60,69.0,0.1,51.0,12.0,1,0.66,0.0,0.66,0.66,155,-34247,6731685,69605,103852,0,2,3,5
Lammens,GK,Man Utd,Ipswich Town,0,2,412,18,12,2,True,2026-08-30T15:30:00Z,5,2,2,90,0,0,0,2,0,0,0,0,0,3,0,11,27.0,0.0,0.0,2.7,1,0.0,0.0,0.0,2.06,50,-53896,1543070,34714,88610,0,6,1,0
Bayindir,GK,Man Utd,Ipswich Town,0,2,413,18,12,0,True,2026-08-30T15:30:00Z,5,2,2,0,0,0,0,0,0,0,0,0,0,0,0,0,0.0,0.0,0.0,0.0,0,0.0,0.0,0.0,0.0,45,-588,1739,0,588,0,0,0,0
Heaton,GK,Man Utd,Ipswich Town,0,2,414,18,12,0,True,2026-08-30T15:30:00Z,5,2,2,0,0,0,0,0,0,0,0,0,0,0,0,0,0.0,0.0,0.0,0.0,0,0.0,0.0,0.0,0.0,40,-790,8703,215,1005,0,0,0,0
Dorgu,MID,Man Utd,Ipswich Town,0,2,415,18,12,1,True,2026-08-30T15:30:00Z,5,2,2,10,0,0,0,1,0,0,0,0,0,0,0,4,7.0,11.7,39.0,5.8,0,0.18,0.01,0.19,1.0,60,-23853,107542,4808,28661,1,0,1,2
De Ligt,DEF,Man Utd,Ipswich Town,0,2,416,18,12,0,True,2026-08-30T15:30:00Z,5,2,2,0,0,0,0,0,0,0,0,0,0,0,0,0,0.0,0.0,0.0,0.0,0,0.0,0.0,0.0,0.0,50,-381,2498,117,498,0,0,0,0
Dalot,DEF,Man Utd,Ipswich Town,0,2,417,18,12,2,True,2026-08-30T15:30:00Z,5,2,2,73,0,0,0,1,0,0,0,0,0,0,0,12,16.4,42.2,33.0,9.2,1,0.15,0.12,0.27,1.06,50,-25442,242125,8190,33632,0,1,4,4
Maguire,DEF,Man Utd,Ipswich Town,0,2,418,18,12,4,True,2026-08-30T15:30:00Z,5,2,2,90,0,1,0,2,0,0,0,0,0,0,0,13,7.2,1.5,6.0,1.5,1,0.03,0.01,0.04,2.06,50,-53358,1686850,52953,106311,1,4,4,5
Martinez,DEF,Man Utd,Ipswich Town,0,2,419,18,12,1,True,2026-08-30T15:30:00Z,5,2,2,90,0,0,0,2,0,0,0,0,0,0,0,2,4.8,1.8,3.0,1.0,1,0.03,0.06,0.09,2.06,50,-12800,127444,6775,19575,0,6,0,0
Yoro,DEF,Man Utd,Ipswich Town,0,2,420,18,12,1,True,2026-08-30T15:30:00Z,5,2,2,16,0,0,0,1,0,0,0,0,0,0,0,-2,1.8,1.8,0.0,0.4,0,0.0,0.01,0.01,1.0,50,-9208,62806,1536,10744,0,1,2,2
Heaven,DEF,Man Utd,Ipswich Town,0,2,421,18,12,0,True,2026-08-30T15:30:00Z,5,2,2,0,0,0,0,0,0,0,0,0,0,0,0,0,0.0,0.0,0.0,0.0,0,0.0,0.0,0.0,0.0,45,-1103,40184,3088,4191,0,0,0,0
Mazraoui,DEF,Man Utd,Ipswich Town,0,2,422,18,12,1,True,2026-08-30T15:30:00Z,5,2,2,17,0,0,0,1,0,0,0,0,0,0,0,-1,1.4,1.3,0.0,0.3,0,0.0,0.0,0.0,1.0,45,-238,70057,5854,6092,0,0,0,0
Shaw,DEF,Man Utd,Ipswich Town,0,2,423,18,12,2,True,2026-08-30T15:30:00Z,5,2,2,72,0,0,0,1,0,0,0,0,0,0,0,12,18.4,1.6,4.0,2.4,1,0.0,0.02,0.02,1.06,45,-74162,1935721,42927,117089,4,2,4,8
Amass,DEF,Man Utd,Ipswich Town,0,2,424,18,12,0,True,2026-08-30T15:30:00Z,5,2,2,0,0,0,0,0,0,0,0,0,0,0,0,0,0.0,0.0,0.0,0.0,0,0.0,0.0,0.0,0.0,40,-1093,19337,888,1981,0,0,0,0
Fredricson,DEF,Man Utd,Ipswich Town,0,2,425,18,12,0,True,2026-08-30T15:30:00Z,5,2,2,0,0,0,0,0,0,0,0,0,0,0,0,0,0.0,0.0,0.0,0.0,0,0.0,0.0,0.0,0.0,40,-680,1885,0,680,0,0,0,0
B.Fernandes,MID,Man Utd,Ipswich Town,0,2,426,18,12,23,True,2026-08-30T15:30:00Z,5,2,2,90,3,1,0,2,0,0,0,0,0,0,3,87,132.4,62.5,66.0,26.1,1,2.02,0.48,2.5,2.06,120,-180062,4770471,48518,228580,2,5,1,8
Mbeumo,MID,Man Utd,Ipswich Town,0,2,427,18,12,11,True,2026-08-30T15:30:00Z,5,2,2,90,1,1,0,2,0,0,0,1,0,0,2,37,45.6,43.3,35.0,12.4,1,1.76,0.21,1.97,2.06,80,-137963,3537164,82225,220188,3,2,0,5
Cunha,MID,Man Utd,Ipswich Town,0,2,428,18,12,9,True,2026-08-30T15:30:00Z,5,2,2,79,0,2,0,1,0,0,0,0,0,0,1,31,20.0,27.6,28.0,7.6,1,0.11,0.15,0.26,1.06,80,-66103,924196,26854,92957,0,2,0,2
Rashford,MID,Man Utd,Ipswich Town,0,2,429,18,12,2,True,2026-08-30T15:30:00Z,5,2,2,79,0,0,0,1,0,0,0,0,0,0,0,17,16.0,34.3,58.0,10.8,1,0.26,0.05,0.31,1.06,70,-7014,165554,15064,22078,3,3,0,6
Mount,MID,Man Utd,Ipswich Town,0,2,430,18,12,0,True,2026-08-30T15:30:00Z,5,2,2,0,0,0,0,0,0,0,0,0,0,0,0,0,0.0,0.0,0.0,0.0,0,0.0,0.0,0.0,0.0,55,-660,2752,35,695,0,0,0,0
Amad,MID,Man Utd,Ipswich Town,0,2,431,18,12,0,True,2026-08-30T15:30:00Z,5,2,2,0,0,0,0,0,0,0,0,0,0,0,0,0,0.0,0.0,0.0,0.0,0,0.0,0.0,0.0,0.0,59,-57883,91945,1576,59459,0,0,0,0
Mainoo,MID,Man Utd,Ipswich Town,0,2,432,18,12,4,True,2026-08-30T15:30:00Z,5,2,2,79,0,0,0,1,0,0,0,0,0,0,0,25,15.2,7.2,9.0,3.1,1,0.14,0.27,0.41,1.06,55,-10233,93316,3460,13693,3,10,2,15
Ugarte,MID,Man Utd,Ipswich Town,0,2,433,18,12,0,True,2026-08-30T15:30:00Z,5,2,2,0,0,0,0,0,0,0,0,0,0,0,0,0,0.0,0.0,0.0,0.0,0,0.0,0.0,0.0,0.0,50,-64,348,24,88,0,0,0,0
J.Fletcher,MID,Man Utd,Ipswich Town,0,2,434,18,12,0,True,2026-08-30T15:30:00Z,5,2,2,0,0,0,0,0,0,0,0,0,0,0,0,0,0.0,0.0,0.0,0.0,0,0.0,0.0,0.0,0.0,50,-128,1094,41,169,0,0,0,0
Lacey,MID,Man Utd,Ipswich Town,0,2,435,18,12,0,True,2026-08-30T15:30:00Z,5,2,2,0,0,0,0,0,0,0,0,0,0,0,0,0,0.0,0.0,0.0,0.0,0,0.0,0.0,0.0,0.0,50,-263,4851,327,590,0,0,0,0
Collyer,MID,Man Utd,Ipswich Town,0,2,436,18,12,0,True,2026-08-30T15:30:00Z,5,2,2,0,0,0,0,0,0,0,0,0,0,0,0,0,0.0,0.0,0.0,0.0,0,0.0,0.0,0.0,0.0,50,-174,1667,60,234,0,0,0,0
Bendito Mantato,MID,Man Utd,Ipswich Town,0,2,437,18,12,0,True,2026-08-30T15:30:00Z,5,2,2,0,0,0,0,0,0,0,0,0,0,0,0,0,0.0,0.0,0.0,0.0,0,0.0,0.0,0.0,0.0,45,-1410,17670,961,2371,0,0,0,0
Fletcher,MID,Man Utd,Ipswich Town,0,2,438,18,12,0,True,2026-08-30T15:30:00Z,5,2,2,0,0,0,0,0,0,0,0,0,0,0,0,0,0.0,0.0,0.0,0.0,0,0.0,0.0,0.0,0.0,45,-2656,32667,1328,3984,0,0,0,0
Šeško,FWD,Man Utd,Ipswich Town,0,2,439,18,12,1,True,2026-08-30T15:30:00Z,5,2,2,10,0,0,0,1,0,0,0,0,0,0,0,5,2.2,10.5,2.0,1.5,0,0.0,0.01,0.01,1.0,70,15428,181866,30554,15126,0,3,0,3
Zirkzee,FWD,Man Utd,Ipswich Town,0,2,440,18,12,0,True,2026-08-30T15:30:00Z,5,2,2,0,0,0,0,0,0,0,0,0,0,0,0,0,0.0,0.0,0.0,0.0,0,0.0,0.0,0.0,0.0,55,-11086,51589,2045,13131,0,0,0,0
Obi,FWD,Man Utd,Ipswich Town,0,2,441,18,12,0,True,2026-08-30T15:30:00Z,5,2,2,0,0,0,0,0,0,0,0,0,0,0,0,0,0.0,0.0,0.0,0.0,0,0.0,0.0,0.0,0.0,45,-5253,109991,6316,11569,0,0,0,0
Pope,GK,Newcastle,Spurs,0,2,442,15,19,0,False,2026-08-29T16:30:00Z,0,2,2,0,0,0,0,0,0,0,0,0,0,0,0,0,0.0,0.0,0.0,0.0,0,0.0,0.0,0.0,0.0,50,-9598,124934,2706,12304,0,0,0,0
Gillespie,GK,Newcastle,Spurs,0,2,443,15,19,0,False,2026-08-29T16:30:00Z,0,2,2,0,0,0,0,0,0,0,0,0,0,0,0,0,0.0,0.0,0.0,0.0,0,0.0,0.0,0.0,0.0,45,-69,3435,162,231,0,0,0,0
Jaouen,GK,Newcastle,Spurs,0,2,444,15,19,0,False,2026-08-29T16:30:00Z,0,2,2,0,0,0,0,0,0,0,0,0,0,0,0,0,0.0,0.0,0.0,0.0,0,0.0,0.0,0.0,0.0,45,-224,2775,124,348,0,0,0,0
Thiaw,DEF,Newcastle,Spurs,0,2,445,15,19,6,False,2026-08-29T16:30:00Z,0,2,2,90,0,0,1,0,0,0,0,0,0,0,0,25,6.8,1.5,0.0,0.8,1,0.0,0.02,0.02,1.12,50,8900,175248,19798,10898,0,1,3,3
Schär,DEF,Newcastle,Spurs,0,2,446,15,19,0,False,2026-08-29T16:30:00Z,0,2,2,0,0,0,0,0,0,0,0,0,0,0,0,0,0.0,0.0,0.0,0.0,0,0.0,0.0,0.0,0.0,50,10,26250,1895,1885,0,0,0,0
Botman,DEF,Newcastle,Spurs,0,2,447,15,19,5,False,2026-08-29T16:30:00Z,0,2,2,90,0,0,1,0,0,0,0,1,0,0,0,22,11.2,1.8,2.0,1.5,1,0.01,0.0,0.01,1.12,50,5603,52947,8885,3282,1,4,4,5
Burn,DEF,Newcastle,Spurs,0,2,448,15,19,0,False,2026-08-29T16:30:00Z,0,2,2,0,0,0,0,0,0,0,0,0,0,0,0,0,0.0,0.0,0.0,0.0,0,0.0,0.0,0.0,0.0,50,-69064,159459,6247,75311,0,0,0,0
Hall,DEF,Newcastle,Spurs,0,2,449,15,19,11,False,2026-08-29T16:30:00Z,0,2,2,90,0,0,1,0,0,0,0,0,0,0,3,52,39.0,27.3,4.0,7.0,1,0.03,0.31,0.34,1.12,50,33265,411061,52701,19436,2,6,11,13
Livramento,DEF,Newcastle,Spurs,0,2,450,15,19,0,False,2026-08-29T16:30:00Z,0,2,2,0,0,0,0,0,0,0,0,0,0,0,0,0,0.0,0.0,0.0,0.0,0,0.0,0.0,0.0,0.0,50,-1137,3475,91,1228,0,0,0,0
A.Murphy,DEF,Newcastle,Spurs,0,2,451,15,19,0,False,2026-08-29T16:30:00Z,0,2,2,0,0,0,0,0,0,0,0,0,0,0,0,0,0.0,0.0,0.0,0.0,0,0.0,0.0,0.0,0.0,40,-3276,9468,0,3276,0,0,0,0
Bruno G.,MID,Arsenal,Aston Villa,0,2,452,20,2,1,False,2026-08-31T19:00:00Z,0,1,2,19,0,0,0,0,0,0,0,0,0,0,0,4,1.4,0.8,2.0,0.4,0,0.0,0.01,0.01,0.0,69,-125705,265263,850,126555,0,3,0,3
Barnes,MID,Newcastle,Spurs,0,2,453,15,19,3,False,2026-08-29T16:30:00Z,0,2,2,90,0,0,1,0,0,0,0,0,0,0,0,9,7.2,22.1,7.0,3.6,1,0.04,0.01,0.05,1.12,60,4665,113402,14995,10330,2,0,2,4
Elanga,MID,Newcastle,Spurs,0,2,454,15,19,8,False,2026-08-29T16:30:00Z,0,2,2,81,1,0,1,0,0,0,0,0,0,0,0,32,36.8,15.3,29.0,8.1,1,0.2,0.1,0.3,0.74,60,83568,215548,95441,11873,2,1,0,3
Tonali,MID,Spurs,Newcastle,0,2,455,15,17,2,True,2026-08-29T16:30:00Z,0,2,2,74,0,0,0,2,0,0,0,0,0,0,0,16,5.0,26.3,4.0,3.5,1,0.05,0.02,0.07,0.72,55,-38097,369291,14119,52216,0,3,1,4
J.Ramsey,MID,Newcastle,Spurs,0,2,456,15,19,1,False,2026-08-29T16:30:00Z,0,2,2,8,0,0,0,0,0,0,0,0,0,0,0,3,0.2,4.2,0.0,0.4,0,0.0,0.13,0.13,0.38,50,-3238,34073,1442,4680,0,1,0,1
J.Murphy,MID,Newcastle,Spurs,0,2,457,15,19,1,False,2026-08-29T16:30:00Z,0,2,2,8,0,0,0,0,0,0,0,0,0,0,0,3,2.2,3.1,2.0,0.7,0,0.0,0.2,0.2,0.38,60,-1965,15641,717,2682,1,2,0,3
Joelinton,MID,Newcastle,Spurs,0,2,458,15,19,0,False,2026-08-29T16:30:00Z,0,2,2,0,0,0,0,0,0,0,0,0,0,0,0,0,0.0,0.0,0.0,0.0,0,0.0,0.0,0.0,0.0,55,-1020,2722,48,1068,0,0,0,0
L.Miley,MID,Newcastle,Spurs,0,2,459,15,19,3,False,2026-08-29T16:30:00Z,0,2,2,90,0,0,1,0,0,0,0,0,0,0,0,16,11.2,14.7,0.0,2.6,1,0.0,0.04,0.04,1.12,55,857,6985,1391,534,0,6,3,9
Willock,MID,Newcastle,Spurs,0,2,460,15,19,3,False,2026-08-29T16:30:00Z,0,2,2,70,0,0,1,0,0,0,0,0,0,0,0,0,0.0,4.3,8.0,0.5,1,0.07,0.02,0.09,0.74,50,6831,24746,8763,1932,0,1,1,2
Touré,MID,Newcastle,Spurs,0,2,461,15,19,1,False,2026-08-29T16:30:00Z,0,2,2,1,0,0,0,0,0,0,0,0,0,0,0,3,0.0,0.0,0.0,0.0,0,0.0,0.0,0.0,0.0,60,-3945,20967,513,4458,0,0,0,0
Steur,MID,Newcastle,Spurs,0,2,462,15,19,1,False,2026-08-29T16:30:00Z,0,2,2,19,0,0,0,0,0,0,0,0,0,0,0,4,5.0,0.0,0.0,0.5,0,0.0,0.0,0.0,0.38,50,-238,10539,762,1000,0,0,3,3
Woltemade,FWD,Newcastle,Spurs,0,2,463,15,19,4,False,2026-08-29T16:30:00Z,0,2,2,19,0,1,0,0,0,0,0,0,0,0,0,18,18.2,10.5,11.0,4.0,0,0.02,0.01,0.03,0.38,60,-23591,150038,7193,30784,0,0,0,0
Wissa,FWD,Newcastle,Spurs,0,2,464,15,19,8,False,2026-08-29T16:30:00Z,0,2,2,81,1,0,1,0,0,0,0,0,0,0,2,37,35.6,10.3,46.0,9.2,1,0.35,0.0,0.35,0.74,60,134869,359321,158957,24088,1,4,1,6
Osula,FWD,Newcastle,Spurs,0,2,465,15,19,0,False,2026-08-29T16:30:00Z,0,2,2,0,0,0,0,0,0,0,0,0,0,0,0,0,0.0,0.0,0.0,0.0,0,0.0,0.0,0.0,0.0,60,-6163,90550,20344,26507,0,0,0,0
Neave,FWD,Newcastle,Spurs,0,2,466,15,19,0,False,2026-08-29T16:30:00Z,0,2,2,0,0,0,0,0,0,0,0,0,0,0,0,0,0.0,0.0,0.0,0.0,0,0.0,0.0,0.0,0.0,45,-1647,75688,6478,8125,0,0,0,0
Sels,GK,Nott'm Forest,Liverpool,0,2,467,14,14,1,False,2026-08-29T11:30:00Z,2,2,2,90,0,0,0,2,0,0,0,0,0,2,0,6,16.6,0.0,0.0,1.7,1,0.0,0.01,0.01,1.75,50,-8396,148147,3350,11746,0,6,3,0
John,GK,Nott'm Forest,Liverpool,0,2,468,14,14,0,False,2026-08-29T11:30:00Z,2,2,2,0,0,0,0,0,0,0,0,0,0,0,0,0,0.0,0.0,0.0,0.0,0,0.0,0.0,0.0,0.0,45,-288,6338,178,466,0,0,0,0
N.Williams,DEF,Nott'm Forest,Liverpool,0,2,469,14,14,6,False,2026-08-29T11:30:00Z,2,2,2,90,0,1,0,2,0,0,0,0,0,0,0,16,34.4,25.3,6.0,6.6,1,0.12,0.15,0.27,1.75,50,-67984,880209,14150,82134,6,1,6,12
Morato,DEF,Nott'm Forest,Liverpool,0,2,470,14,14,0,False,2026-08-29T11:30:00Z,2,2,2,0,0,0,0,0,0,0,0,0,0,0,0,0,0.0,0.0,0.0,0.0,0,0.0,0.0,0.0,0.0,50,-437,4633,230,667,0,0,0,0
Milenković,DEF,Nott'm Forest,Liverpool,0,2,471,14,14,3,False,2026-08-29T11:30:00Z,2,2,2,90,0,0,0,2,0,0,0,0,0,0,0,3,17.0,0.0,0.0,1.7,1,0.0,0.0,0.0,1.75,55,-14450,176049,2591,17041,3,3,10,13
Murillo,DEF,Nott'm Forest,Liverpool,0,2,472,14,14,1,False,2026-08-29T11:30:00Z,2,2,2,90,0,0,0,2,0,0,0,0,0,0,0,2,11.2,0.3,8.0,2.0,1,0.18,0.0,0.18,1.75,55,-3257,162661,8580,11837,0,3,6,6
Aina,DEF,Nott'm Forest,Liverpool,0,2,473,14,14,0,False,2026-08-29T11:30:00Z,2,2,2,85,0,0,0,2,0,0,0,1,0,0,0,2,11.8,15.5,4.0,3.1,1,0.0,0.35,0.35,1.75,45,-5067,345943,17770,22837,2,4,3,5
Jair Cunha,DEF,Nott'm Forest,Liverpool,0,2,474,14,14,1,False,2026-08-29T11:30:00Z,2,2,2,90,0,0,0,2,0,0,0,0,0,0,0,6,14.6,0.4,0.0,1.5,1,0.0,0.0,0.0,1.75,45,-1300,21029,259,1559,2,3,6,8
Savona,DEF,Nott'm Forest,Liverpool,0,2,475,14,14,0,False,2026-08-29T11:30:00Z,2,2,2,0,0,0,0,0,0,0,0,0,0,0,0,0,0.0,0.0,0.0,0.0,0,0.0,0.0,0.0,0.0,45,65,304,113,48,0,0,0,0
O.Richards,DEF,Nott'm Forest,Liverpool,0,2,476,14,14,0,False,2026-08-29T11:30:00Z,2,2,2,0,0,0,0,0,0,0,0,0,0,0,0,0,0.0,0.0,0.0,0.0,0,0.0,0.0,0.0,0.0,40,-1513,23167,495,2008,0,0,0,0
Abbott,DEF,Nott'm Forest,Liverpool,0,2,477,14,14,0,False,2026-08-29T11:30:00Z,2,2,2,0,0,0,0,0,0,0,0,0,0,0,0,0,0.0,0.0,0.0,0.0,0,0.0,0.0,0.0,0.0,40,-1227,24822,996,2223,0,0,0,0
Netz,DEF,Nott'm Forest,Liverpool,0,2,478,14,14,1,False,2026-08-29T11:30:00Z,2,2,2,4,0,0,0,0,0,0,0,0,0,0,0,5,2.0,0.0,0.0,0.2,0,0.0,0.0,0.0,0.0,45,-176,3516,112,288,1,0,0,1
Bindon,DEF,Nott'm Forest,Liverpool,0,2,479,14,14,0,False,2026-08-29T11:30:00Z,2,2,2,0,0,0,0,0,0,0,0,0,0,0,0,0,0.0,0.0,0.0,0.0,0,0.0,0.0,0.0,0.0,40,-1052,18138,365,1417,0,0,0,0
Gibbs-White,MID,Nott'm Forest,Liverpool,0,2,480,14,14,13,False,2026-08-29T11:30:00Z,2,2,2,90,1,1,0,2,0,0,0,0,0,0,3,36,56.4,12.5,17.0,8.6,1,0.79,0.04,0.83,1.75,80,-274313,815842,8780,283093,2,2,1,5
Anderson,MID,Man City,Crystal Palace,0,2,481,11,8,3,False,2026-08-28T19:00:00Z,1,4,2,81,0,0,0,1,0,0,0,1,0,0,0,25,25.0,20.2,13.0,5.8,1,0.07,0.22,0.29,0.66,64,-143069,597491,10236,153305,5,5,4,14
Hudson-Odoi,MID,Nott'm Forest,Liverpool,0,2,482,14,14,1,False,2026-08-29T11:30:00Z,2,2,2,1,0,0,0,0,0,0,0,0,0,0,0,2,0.0,0.3,0.0,0.0,0,0.0,0.0,0.0,0.0,60,-4758,21667,726,5484,0,0,0,0
Ndoye,MID,Nott'm Forest,Liverpool,0,2,483,14,14,9,False,2026-08-29T11:30:00Z,2,2,2,65,1,0,0,1,0,0,0,0,0,0,2,30,35.8,23.0,36.0,9.5,1,0.35,0.63,0.98,1.42,55,-3771,39501,1491,5262,0,8,1,9
Hutchinson,MID,Nott'm Forest,Liverpool,0,2,484,14,14,0,False,2026-08-29T11:30:00Z,2,2,2,0,0,0,0,0,0,0,0,0,0,0,0,0,0.0,0.0,0.0,0.0,0,0.0,0.0,0.0,0.0,55,-2032,15837,214,2246,0,0,0,0
Bakwa,MID,Nott'm Forest,Liverpool,0,2,485,14,14,0,False,2026-08-29T11:30:00Z,2,2,2,0,0,0,0,0,0,0,0,0,0,0,0,0,0.0,0.0,0.0,0.0,0,0.0,0.0,0.0,0.0,55,-298,1297,107,405,0,0,0,0
McAtee,MID,Nott'm Forest,Liverpool,0,2,486,14,14,2,False,2026-08-29T11:30:00Z,2,2,2,90,0,0,0,2,0,0,0,0,0,0,0,16,8.2,18.5,0.0,2.7,1,0.0,0.16,0.16,1.75,55,199,5218,674,475,1,5,2,8
Dominguez,MID,Nott'm Forest,Liverpool,0,2,487,14,14,1,False,2026-08-29T11:30:00Z,2,2,2,1,0,0,0,0,0,0,0,0,0,0,0,3,0.2,0.0,0.0,0.0,0,0.0,0.0,0.0,0.0,50,-848,7613,214,1062,0,0,0,0
I.Sangaré,MID,Nott'm Forest,Liverpool,0,2,488,14,14,0,False,2026-08-29T11:30:00Z,2,2,2,0,0,0,0,0,0,0,0,0,0,0,0,0,0.0,0.0,0.0,0.0,0,0.0,0.0,0.0,0.0,50,-15127,88298,2850,17977,0,0,0,0
Yates,MID,Nott'm Forest,Liverpool,0,2,489,14,14,0,False,2026-08-29T11:30:00Z,2,2,2,0,0,0,0,0,0,0,0,0,0,0,0,0,0.0,0.0,0.0,0.0,0,0.0,0.0,0.0,0.0,45,-35340,142945,1743,37083,0,0,0,0
Wood,FWD,Nott'm Forest,Liverpool,0,2,490,14,14,0,False,2026-08-29T11:30:00Z,2,2,2,0,0,0,0,0,0,0,0,0,0,0,0,0,0.0,0.0,0.0,0.0,0,0.0,0.0,0.0,0.0,60,-24782,152998,4569,29351,0,0,0,0
Igor Jesus,FWD,Nott'm Forest,Liverpool,0,2,491,14,14,1,False,2026-08-29T11:30:00Z,2,2,2,90,0,0,0,2,0,0,0,1,0,0,0,4,8.6,13.3,38.0,6.0,1,0.74,0.04,0.78,1.75,60,-48313,361702,10237,58550,1,1,3,5
Awoniyi,FWD,Coventry City,Hull City,0,2,492,13,11,2,True,2026-08-29T14:00:00Z,0,1,2,90,0,0,0,1,0,0,0,0,0,0,0,6,10.0,23.6,65.0,9.9,1,0.93,0.03,0.96,0.72,55,-639,83094,8654,9293,0,2,1,3
Kalimuendo,FWD,Nott'm Forest,Liverpool,0,2,493,14,14,0,False,2026-08-29T11:30:00Z,2,2,2,0,0,0,0,0,0,0,0,0,0,0,0,0,0.0,0.0,0.0,0.0,0,0.0,0.0,0.0,0.0,55,-418,5177,339,757,0,0,0,0
Vicario,GK,Spurs,Newcastle,0,2,494,15,17,0,True,2026-08-29T16:30:00Z,0,2,2,0,0,0,0,0,0,0,0,0,0,0,0,0,0.0,0.0,0.0,0.0,0,0.0,0.0,0.0,0.0,45,-11437,23872,0,11437,0,0,0,0
Austin,GK,Spurs,Newcastle,0,2,495,15,17,0,True,2026-08-29T16:30:00Z,0,2,2,0,0,0,0,0,0,0,0,0,0,0,0,0,0.0,0.0,0.0,0.0,0,0.0,0.0,0.0,0.0,40,-490,88358,3212,3702,0,0,0,0
Kinsky,GK,Spurs,Newcastle,0,2,496,15,17,1,True,2026-08-29T16:30:00Z,0,2,2,90,0,0,0,2,0,0,0,0,0,0,0,4,3.8,0.0,0.0,0.4,1,0.0,0.0,0.0,0.72,45,-41526,2247365,40625,82151,0,6,0,0
Dubravka,GK,Spurs,Newcastle,0,2,497,15,17,0,True,2026-08-29T16:30:00Z,0,2,2,0,0,0,0,0,0,0,0,0,0,0,0,0,0.0,0.0,0.0,0.0,0,0.0,0.0,0.0,0.0,40,-28731,1835588,35086,63817,0,0,0,0
Senesi,DEF,Spurs,Newcastle,0,2,498,15,17,0,True,2026-08-29T16:30:00Z,0,2,2,0,0,0,0,0,0,0,0,0,0,0,0,0,0.0,0.0,0.0,0.0,0,0.0,0.0,0.0,0.0,60,-48293,746751,15942,64235,0,0,0,0
Pedro Porro,DEF,Spurs,Newcastle,0,2,499,15,17,1,True,2026-08-29T16:30:00Z,0,2,2,90,0,0,0,2,0,0,0,0,0,0,0,1,9.4,7.9,21.0,3.8,1,0.33,0.1,0.43,0.72,55,-296944,1331308,20574,317518,1,2,3,4
Romero,DEF,Spurs,Newcastle,0,2,500,15,17,0,True,2026-08-29T16:30:00Z,0,2,2,0,0,0,0,0,0,0,0,0,0,0,0,0,0.0,0.0,0.0,0.0,0,0.0,0.0,0.0,0.0,50,-10779,14805,0,10779,0,0,0,0
Danso,DEF,Sunderland,Newcastle,0,2,501,15,17,0,True,2026-08-29T16:30:00Z,0,2,2,0,0,0,0,0,0,0,0,0,0,0,0,0,0.0,0.0,0.0,0.0,0,0.0,0.0,0.0,0.0,50,-1412,17484,1020,2432,0,0,0,0
Robertson,DEF,Spurs,Newcastle,0,2,502,15,17,2,True,2026-08-29T16:30:00Z,0,2,2,67,0,0,0,1,0,0,0,0,0,0,0,7,11.2,16.8,25.0,5.3,1,0.06,0.02,0.08,0.48,45,-1127,379457,22171,23298,1,1,2,3
Van de Ven,DEF,Spurs,Newcastle,0,2,503,15,17,0,True,2026-08-29T16:30:00Z,0,2,2,90,0,0,0,2,0,0,0,1,0,0,0,5,15.2,2.1,0.0,1.7,1,0.0,0.02,0.02,0.72,50,-116329,422798,8374,124703,1,4,7,8
Vuskovic,DEF,Brighton,Chelsea,0,2,504,16,6,0,False,2026-08-30T13:00:00Z,4,3,2,90,0,0,0,4,0,0,0,0,0,0,0,-2,22.8,8.3,5.0,3.6,1,0.03,0.02,0.05,2.93,50,8839,250629,21186,12347,1,3,7,8
Spence,DEF,Spurs,Newcastle,0,2,505,15,17,0,True,2026-08-29T16:30:00Z,0,2,2,0,0,0,0,0,0,0,0,0,0,0,0,0,0.0,0.0,0.0,0.0,0,0.0,0.0,0.0,0.0,45,-45782,46576,0,45782,0,0,0,0
Udogie,DEF,Spurs,Newcastle,0,2,506,15,17,1,True,2026-08-29T16:30:00Z,0,2,2,22,0,0,0,1,0,0,0,0,0,0,0,2,5.2,11.5,2.0,1.9,0,0.0,0.19,0.19,0.24,45,-3007,47523,1685,4692,1,1,0,1
Phillips,DEF,Spurs,Newcastle,0,2,507,15,17,0,True,2026-08-29T16:30:00Z,0,2,2,0,0,0,0,0,0,0,0,0,0,0,0,0,0.0,0.0,0.0,0.0,0,0.0,0.0,0.0,0.0,45,-658,1903,0,658,0,0,0,0
Davies,DEF,Spurs,Newcastle,0,2,508,15,17,0,True,2026-08-29T16:30:00Z,0,2,2,0,0,0,0,0,0,0,0,0,0,0,0,0,0.0,0.0,0.0,0.0,0,0.0,0.0,0.0,0.0,40,-6106,102932,2877,8983,0,0,0,0
Byfield,DEF,Spurs,Newcastle,0,2,509,15,17,0,True,2026-08-29T16:30:00Z,0,2,2,0,0,0,0,0,0,0,0,0,0,0,0,0,0.0,0.0,0.0,0.0,0,0.0,0.0,0.0,0.0,40,-239,5341,319,558,0,0,0,0
Rowswell,DEF,Spurs,Newcastle,0,2,510,15,17,0,True,2026-08-29T16:30:00Z,0,2,2,0,0,0,0,0,0,0,0,0,0,0,0,0,0.0,0.0,0.0,0.0,0,0.0,0.0,0.0,0.0,40,-360,7895,335,695,0,0,0,0
Souza,DEF,Spurs,Newcastle,0,2,511,15,17,0,True,2026-08-29T16:30:00Z,0,2,2,0,0,0,0,0,0,0,0,0,0,0,0,0,0.0,0.0,0.0,0.0,0,0.0,0.0,0.0,0.0,40,-1501,29162,1193,2694,0,0,0,0
Kudus,MID,Spurs,Newcastle,0,2,512,15,17,1,True,2026-08-29T16:30:00Z,0,2,2,22,0,0,0,1,0,0,0,0,0,0,0,4,1.2,3.3,11.0,1.6,0,0.04,0.01,0.05,0.24,65,-2137,6789,269,2406,0,2,0,2
Xavi,MID,Spurs,Newcastle,0,2,513,15,17,0,True,2026-08-29T16:30:00Z,0,2,2,0,0,0,0,0,0,0,0,0,0,0,0,0,0.0,0.0,0.0,0.0,0,0.0,0.0,0.0,0.0,60,-279,1453,77,356,0,0,0,0
Tel,MID,Spurs,Newcastle,0,2,514,15,17,2,True,2026-08-29T16:30:00Z,0,2,2,67,0,0,0,1,0,0,0,0,0,0,0,10,3.8,3.3,34.0,4.1,1,0.14,0.03,0.17,0.48,60,-6287,48495,4174,10461,1,2,0,3
Maddison,MID,Spurs,Newcastle,0,2,515,15,17,0,True,2026-08-29T16:30:00Z,0,2,2,0,0,0,0,0,0,0,0,0,0,0,0,0,0.0,0.0,0.0,0.0,0,0.0,0.0,0.0,0.0,65,-34300,96409,2686,36986,0,0,0,0
Bentancur,MID,Spurs,Newcastle,0,2,516,15,17,2,True,2026-08-29T16:30:00Z,0,2,2,90,0,0,0,2,0,0,0,0,0,0,0,17,15.4,7.1,0.0,2.3,1,0.0,0.02,0.02,0.72,55,-1429,18887,602,2031,2,6,3,11
Odobert,MID,Spurs,Newcastle,0,2,517,15,17,0,True,2026-08-29T16:30:00Z,0,2,2,0,0,0,0,0,0,0,0,0,0,0,0,0,0.0,0.0,0.0,0.0,0,0.0,0.0,0.0,0.0,55,-3,121,16,19,0,0,0,0
P.M.Sarr,MID,Spurs,Newcastle,0,2,518,15,17,0,True,2026-08-29T16:30:00Z,0,2,2,0,0,0,0,0,0,0,0,0,0,0,0,0,0.0,0.0,0.0,0.0,0,0.0,0.0,0.0,0.0,49,-10351,15118,113,10464,0,0,0,0
Gallagher,MID,Spurs,Newcastle,0,2,519,15,17,0,True,2026-08-29T16:30:00Z,0,2,2,0,0,0,0,0,0,0,0,0,0,0,0,0,0.0,0.0,0.0,0.0,0,0.0,0.0,0.0,0.0,55,-3439,27438,1208,4647,0,0,0,0
Bergvall,MID,Spurs,Newcastle,0,2,520,15,17,0,True,2026-08-29T16:30:00Z,0,2,2,0,0,0,0,0,0,0,0,0,0,0,0,0,0.0,0.0,0.0,0.0,0,0.0,0.0,0.0,0.0,55,-1564,20234,635,2199,0,0,0,0
Kulusevski,MID,Spurs,Newcastle,0,2,521,15,17,0,True,2026-08-29T16:30:00Z,0,2,2,0,0,0,0,0,0,0,0,0,0,0,0,0,0.0,0.0,0.0,0.0,0,0.0,0.0,0.0,0.0,65,-166,939,75,241,0,0,0,0
Gray,MID,Spurs,Newcastle,0,2,522,15,17,2,True,2026-08-29T16:30:00Z,0,2,2,67,0,0,0,1,0,0,0,0,0,0,0,9,1.8,1.5,0.0,0.3,1,0.0,0.0,0.0,0.48,50,-833,22329,1711,2544,0,3,3,6
Moore,MID,Spurs,Newcastle,0,2,523,15,17,1,True,2026-08-29T16:30:00Z,0,2,2,22,0,0,0,1,0,0,0,0,0,0,0,1,0.0,0.4,1.0,0.0,0,0.02,0.0,0.02,0.24,50,-107,19021,2419,2526,0,1,0,1
Olusesi,MID,Spurs,Newcastle,0,2,524,15,17,0,True,2026-08-29T16:30:00Z,0,2,2,0,0,0,0,0,0,0,0,0,0,0,0,0,0.0,0.0,0.0,0.0,0,0.0,0.0,0.0,0.0,45,-7298,79923,2014,9312,0,0,0,0
Fernandes,MID,Spurs,Newcastle,0,2,525,15,17,2,True,2026-08-29T16:30:00Z,0,2,2,90,0,0,0,2,0,0,0,0,0,0,0,18,14.0,46.3,1.0,6.1,1,0.01,0.17,0.18,0.72,60,-26800,160253,4529,31329,3,5,0,8
Solanke,FWD,Spurs,Newcastle,0,2,526,15,17,1,True,2026-08-29T16:30:00Z,0,2,2,15,0,0,0,0,0,0,0,0,0,0,0,6,3.2,0.3,6.0,1.0,0,0.2,0.0,0.2,0.0,60,-12606,131276,8212,20818,0,0,0,0
Richarlison,FWD,Spurs,Newcastle,0,2,527,15,17,0,True,2026-08-29T16:30:00Z,0,2,2,0,0,0,0,0,0,0,0,0,0,0,0,0,0.0,0.0,0.0,0.0,0,0.0,0.0,0.0,0.0,60,-31748,275481,14723,46471,0,0,0,0
Scarlett,FWD,Spurs,Newcastle,0,2,528,15,17,0,True,2026-08-29T16:30:00Z,0,2,2,0,0,0,0,0,0,0,0,0,0,0,0,0,0.0,0.0,0.0,0.0,0,0.0,0.0,0.0,0.0,45,-3996,172295,13184,17180,0,0,0,0
Roefs,GK,Sunderland,Fulham,0,2,529,19,10,6,True,2026-08-30T13:00:00Z,1,0,2,90,0,0,1,0,0,0,0,0,0,0,0,22,4.0,0.0,0.0,0.4,1,0.0,0.0,0.0,0.95,50,-25568,389022,4766,30334,0,7,2,0
Patterson,GK,Sunderland,Fulham,0,2,530,19,10,0,True,2026-08-30T13:00:00Z,1,0,2,0,0,0,0,0,0,0,0,0,0,0,0,0,0.0,0.0,0.0,0.0,0,0.0,0.0,0.0,0.0,40,-2307,16075,0,2307,0,0,0,0
Ellborg,GK,Sunderland,Fulham,0,2,531,19,10,0,True,2026-08-30T13:00:00Z,1,0,2,0,0,0,0,0,0,0,0,0,0,0,0,0,0.0,0.0,0.0,0.0,0,0.0,0.0,0.0,0.0,45,-645,8877,209,854,0,0,0,0
Ballard,DEF,Sunderland,Fulham,0,2,532,19,10,8,True,2026-08-30T13:00:00Z,1,0,2,90,0,0,1,0,0,0,0,0,0,0,0,27,23.6,1.2,7.0,3.2,1,0.03,0.0,0.03,0.95,50,-36906,495946,12798,49704,1,1,9,10
Mukiele,DEF,Sunderland,Fulham,0,2,533,19,10,9,True,2026-08-30T13:00:00Z,1,0,2,90,0,0,1,0,0,0,0,0,0,0,1,28,42.6,8.0,2.0,5.3,1,0.0,0.01,0.01,0.95,55,-32999,244003,5588,38587,2,4,17,19
Hume,DEF,Sunderland,Fulham,0,2,534,19,10,6,True,2026-08-30T13:00:00Z,1,0,2,90,0,0,1,0,0,0,0,0,0,0,0,24,18.6,19.1,2.0,4.0,1,0.0,0.01,0.01,0.95,45,-23752,631620,13619,37371,4,4,2,6
Alderete,DEF,Sunderland,Fulham,0,2,535,19,10,0,True,2026-08-30T13:00:00Z,1,0,2,0,0,0,0,0,0,0,0,0,0,0,0,0,0.0,0.0,0.0,0.0,0,0.0,0.0,0.0,0.0,50,-2667,43620,2597,5264,0,0,0,0
Reinildo,DEF,Sunderland,Fulham,0,2,536,19,10,6,True,2026-08-30T13:00:00Z,1,0,2,90,0,0,1,0,0,0,0,0,0,0,0,26,16.4,6.0,2.0,2.4,1,0.0,0.01,0.01,0.95,45,-2603,44204,975,3578,1,3,6,7
Seelt,DEF,Sunderland,Fulham,0,2,537,19,10,0,True,2026-08-30T13:00:00Z,1,0,2,0,0,0,0,0,0,0,0,0,0,0,0,0,0.0,0.0,0.0,0.0,0,0.0,0.0,0.0,0.0,45,-69,1055,58,127,0,0,0,0
Hjelde,DEF,Sunderland,Fulham,0,2,538,19,10,0,True,2026-08-30T13:00:00Z,1,0,2,0,0,0,0,0,0,0,0,0,0,0,0,0,0.0,0.0,0.0,0.0,0,0.0,0.0,0.0,0.0,40,-990,5174,0,990,0,0,0,0
O'Nien,DEF,Sunderland,Fulham,0,2,539,19,10,0,True,2026-08-30T13:00:00Z,1,0,2,0,0,0,0,0,0,0,0,0,0,0,0,0,0.0,0.0,0.0,0.0,0,0.0,0.0,0.0,0.0,40,-12937,338160,4602,17539,0,0,0,0
Masuaku,DEF,Sunderland,Fulham,0,2,540,19,10,0,True,2026-08-30T13:00:00Z,1,0,2,0,0,0,0,0,0,0,0,0,0,0,0,0,0.0,0.0,0.0,0.0,0,0.0,0.0,0.0,0.0,40,-4868,20421,0,4868,0,0,0,0
Meunier,DEF,Sunderland,Fulham,0,2,541,19,10,6,True,2026-08-30T13:00:00Z,1,0,2,90,0,0,1,0,0,0,0,0,0,0,0,27,22.6,20.0,9.0,5.2,1,0.02,0.05,0.07,0.95,45,-708,29834,1010,1718,0,5,8,8
E.Le Fée,MID,Sunderland,Fulham,0,2,542,19,10,3,True,2026-08-30T13:00:00Z,1,0,2,89,0,0,1,0,0,0,0,0,0,0,0,13,3.4,21.2,30.0,5.5,1,0.37,0.17,0.54,0.86,60,-103724,853085,11386,115110,1,4,1,6
Diarra,MID,Sunderland,Fulham,0,2,543,19,10,4,True,2026-08-30T13:00:00Z,1,0,2,18,0,1,0,0,0,0,0,0,0,0,0,15,15.2,10.3,0.0,2.6,0,0.0,0.16,0.16,0.02,55,-842,6801,335,1177,0,0,0,0
Xhaka,MID,Sunderland,Fulham,0,2,544,19,10,6,True,2026-08-30T13:00:00Z,1,0,2,90,0,0,1,0,0,0,0,0,0,0,3,29,20.4,57.9,0.0,7.8,1,0.0,0.36,0.36,0.95,55,24566,464299,42781,18215,0,6,1,7
Sadiki,MID,Sunderland,Fulham,0,2,545,19,10,3,True,2026-08-30T13:00:00Z,1,0,2,90,0,0,1,0,0,0,0,0,0,0,0,21,18.4,7.8,6.0,3.2,1,0.02,0.02,0.04,0.95,50,-2332,32341,1165,3497,3,2,6,11
Adingra,MID,Sunderland,Fulham,0,2,546,19,10,0,True,2026-08-30T13:00:00Z,1,0,2,0,0,0,0,0,0,0,0,0,0,0,0,0,0.0,0.0,0.0,0.0,0,0.0,0.0,0.0,0.0,50,-3506,6042,53,3559,0,0,0,0
Mundle,MID,Sunderland,Fulham,0,2,547,19,10,1,True,2026-08-30T13:00:00Z,1,0,2,1,0,0,0,0,0,0,0,0,0,0,0,2,8.0,0.1,17.0,2.5,0,0.17,0.0,0.17,0.09,50,-110,822,40,150,0,0,1,1
Rigg,MID,Sunderland,Fulham,0,2,548,19,10,1,True,2026-08-30T13:00:00Z,1,0,2,7,0,0,0,0,0,0,0,0,0,0,0,3,0.0,0.0,0.0,0.0,0,0.0,0.0,0.0,0.34,50,-521,6409,99,620,0,0,0,0
Talbi,MID,Sunderland,Fulham,0,2,549,19,10,0,True,2026-08-30T13:00:00Z,1,0,2,0,0,0,0,0,0,0,0,0,0,0,0,0,0.0,0.0,0.0,0.0,0,0.0,0.0,0.0,0.0,55,-2560,20684,284,2844,0,0,0,0
Jocelin.T,MID,Sunderland,Fulham,0,2,550,19,10,0,True,2026-08-30T13:00:00Z,1,0,2,0,0,0,0,0,0,0,0,0,0,0,0,0,0.0,0.0,0.0,0.0,0,0.0,0.0,0.0,0.0,50,-50,569,51,101,0,0,0,0
N.Angulo,MID,Sunderland,Fulham,0,2,551,19,10,3,True,2026-08-30T13:00:00Z,1,0,2,64,0,0,1,0,0,0,0,0,0,0,0,13,7.2,16.7,0.0,2.4,1,0.0,0.04,0.04,0.58,50,3964,13112,5343,1379,1,4,0,5
Brobbey,FWD,Sunderland,Fulham,0,2,552,19,10,2,True,2026-08-30T13:00:00Z,1,0,2,63,0,0,1,0,0,0,0,0,0,0,0,5,0.0,2.8,6.0,0.7,1,0.03,0.0,0.03,0.58,60,-81358,1261093,38269,119627,0,3,1,4
Isidor,FWD,Sunderland,Fulham,0,2,553,19,10,8,True,2026-08-30T13:00:00Z,1,0,2,26,1,0,0,0,0,0,0,0,0,0,3,29,29.2,0.1,25.0,5.4,0,1.39,0.0,1.39,0.37,55,-10451,85703,2470,12921,0,0,0,0
Van Oevelen,GK,Ipswich Town,Man Utd,0,2,554,18,16,0,False,2026-08-30T15:30:00Z,5,2,2,0,0,0,0,0,0,0,0,0,0,0,0,0,0.0,0.0,0.0,0.0,0,0.0,0.0,0.0,0.0,45,-583,3085,54,637,0,0,0,0
Matthews,GK,Crystal Palace,Man City,0,2,555,11,15,0,True,2026-08-28T19:00:00Z,1,4,2,0,0,0,0,0,0,0,0,0,0,0,0,0,0.0,0.0,0.0,0.0,0,0.0,0.0,0.0,0.0,40,-290,183203,5945,6235,0,0,0,0
Targett,DEF,Hull City,Coventry City,0,2,556,13,7,0,False,2026-08-29T14:00:00Z,0,1,2,0,0,0,0,0,0,0,0,0,0,0,0,0,0.0,0.0,0.0,0.0,0,0.0,0.0,0.0,0.0,40,-10048,224749,5393,15441,0,0,0,0
Tzolis,MID,Arsenal,Aston Villa,0,2,557,20,2,0,False,2026-08-31T19:00:00Z,0,1,2,45,0,0,0,0,0,0,0,1,0,0,0,1,0.0,11.8,4.0,1.6,1,0.0,0.01,0.01,0.1,65,180987,2597617,236687,55700,0,2,1,3
Schlager,MID,Nott'm Forest,Liverpool,0,2,558,14,14,4,False,2026-08-29T11:30:00Z,2,2,2,90,0,0,0,2,0,0,0,0,0,0,0,15,21.2,0.7,7.0,2.9,1,0.05,0.0,0.05,1.75,50,-986,9781,158,1144,5,7,3,15
Bamba,MID,Newcastle,Spurs,0,2,559,15,19,0,False,2026-08-29T16:30:00Z,0,2,2,0,0,0,0,0,0,0,0,0,0,0,0,0,0.0,0.0,0.0,0.0,0,0.0,0.0,0.0,0.0,50,-977,13188,690,1667,0,0,0,0
Penders,GK,Chelsea,Brighton,0,2,560,16,5,0,True,2026-08-30T13:00:00Z,4,3,2,0,0,0,0,0,0,0,0,0,0,0,0,0,0.0,0.0,0.0,0.0,0,0.0,0.0,0.0,0.0,45,-370,7073,395,765,0,0,0,0
Anselmino,DEF,Chelsea,Brighton,0,2,561,16,5,0,True,2026-08-30T13:00:00Z,4,3,2,0,0,0,0,0,0,0,0,0,0,0,0,0,0.0,0.0,0.0,0.0,0,0.0,0.0,0.0,0.0,45,-324,1737,122,446,0,0,0,0
Maeda,MID,Ipswich Town,Man Utd,0,2,562,18,16,2,False,2026-08-30T15:30:00Z,5,2,2,72,0,0,0,4,0,0,0,0,0,0,0,10,8.0,1.4,19.0,2.8,1,0.06,0.01,0.07,3.91,55,-3302,37115,740,4042,1,1,3,5
Morita,MID,Hull City,Coventry City,0,2,563,13,7,1,False,2026-08-29T14:00:00Z,0,1,2,45,0,0,0,0,0,0,0,0,0,0,0,6,11.0,13.4,0.0,2.4,1,0.0,0.0,0.0,1.09,50,-210,2129,118,328,0,1,2,3
Scherpen,GK,Ipswich Town,Man Utd,0,2,564,18,16,2,False,2026-08-30T15:30:00Z,5,2,2,90,0,0,0,5,0,0,0,0,0,6,0,9,46.4,0.0,0.0,4.6,1,0.0,0.01,0.01,4.77,45,-2247,62701,1329,3576,0,13,4,0
M.Sangaré,MID,Brentford,Leeds,0,2,565,17,13,4,False,2026-08-30T13:00:00Z,1,1,2,90,0,0,0,1,0,0,0,0,0,0,0,16,24.4,25.3,11.0,6.1,1,0.21,0.03,0.24,1.46,56,420422,902725,443762,23340,4,5,5,14
Silva,DEF,Bournemouth,Everton,0,2,566,12,9,4,True,2026-08-29T14:00:00Z,1,1,2,90,0,0,0,1,0,0,0,0,0,0,0,11,18.6,1.8,13.0,3.3,1,0.25,0.03,0.28,1.84,50,5175,36812,7365,2190,2,4,8,10
Horníček,GK,Newcastle,Spurs,0,2,567,15,19,7,False,2026-08-29T16:30:00Z,0,2,2,90,0,0,1,0,0,0,0,0,0,4,0,32,34.6,0.0,0.0,3.5,1,0.0,0.0,0.0,1.12,50,1279,70807,5537,4258,0,4,2,0
Barco,MID,Chelsea,Brighton,0,2,568,16,5,1,True,2026-08-30T13:00:00Z,4,3,2,8,0,0,0,1,0,0,0,0,0,0,0,1,0.0,0.0,4.0,0.2,0,0.04,0.0,0.04,0.07,55,-1133,13561,528,1661,0,0,1,1
Gonzalo,FWD,Fulham,Sunderland,0,2,569,19,20,2,False,2026-08-30T13:00:00Z,1,0,2,90,0,0,0,1,0,0,0,0,0,0,0,2,5.6,2.8,24.0,3.2,1,0.27,0.01,0.28,2.02,60,135011,399587,152218,17207,0,2,2,4
Palacios,MID,Fulham,Sunderland,0,2,570,19,20,1,False,2026-08-30T13:00:00Z,1,0,2,75,0,0,0,1,0,0,0,1,0,0,0,6,3.0,1.3,3.0,0.7,1,0.02,0.0,0.02,1.62,55,-874,20418,910,1784,0,6,3,9
Florentino,MID,Ipswich Town,Man Utd,0,2,571,18,16,0,False,2026-08-30T15:30:00Z,5,2,2,0,0,0,0,0,0,0,0,0,0,0,0,0,0.0,0.0,0.0,0.0,0,0.0,0.0,0.0,0.0,50,-1993,11870,214,2207,0,0,0,0
Tzolakis,GK,Hull City,Coventry City,0,2,572,13,7,10,False,2026-08-29T14:00:00Z,0,1,2,90,0,0,1,0,0,0,0,0,0,3,3,32,26.2,0.0,0.0,2.6,1,0.0,0.0,0.0,1.29,45,89555,301344,101970,12415,0,11,0,0
Sanchez,DEF,Bournemouth,Everton,0,2,573,12,9,0,True,2026-08-29T14:00:00Z,1,1,2,0,0,0,0,0,0,0,0,0,0,0,0,0,0.0,0.0,0.0,0.0,0,0.0,0.0,0.0,0.0,45,-1013,21445,452,1465,0,0,0,0
Hjertø-Dahl,MID,Hull City,Coventry City,0,2,574,13,7,0,False,2026-08-29T14:00:00Z,0,1,2,0,0,0,0,0,0,0,0,0,0,0,0,0,0.0,0.0,0.0,0.0,0,0.0,0.0,0.0,0.0,50,-662,7716,307,969,0,0,0,0
Yirenkyi,MID,Coventry City,Hull City,0,2,575,13,11,3,True,2026-08-29T14:00:00Z,0,1,2,70,0,0,1,0,0,0,0,0,0,0,0,17,9.4,16.0,7.0,3.2,1,0.03,0.13,0.16,0.02,50,-1578,23711,997,2575,0,4,3,7
Stroud,MID,Hull City,Coventry City,0,2,576,13,7,0,False,2026-08-29T14:00:00Z,0,1,2,58,0,0,0,0,0,0,0,1,0,0,0,-2,0.0,4.3,7.0,0.9,1,0.01,0.01,0.02,1.09,50,833,9465,1430,597,0,5,2,7
Tomiyasu,DEF,Crystal Palace,Man City,0,2,577,11,15,1,True,2026-08-28T19:00:00Z,1,4,2,73,0,0,0,3,0,0,0,0,0,0,0,-3,12.6,1.3,2.0,1.6,1,0.0,0.0,0.0,2.01,45,-1838,34647,829,2667,1,3,7,8
Mudryk,MID,Spurs,Brighton,0,2,578,16,5,0,True,2026-08-30T13:00:00Z,4,3,2,0,0,0,0,0,0,0,0,0,0,0,0,0,0.0,0.0,0.0,0.0,0,0.0,0.0,0.0,0.0,55,-742,4222,234,976,0,0,0,0
Araujo,DEF,Liverpool,Nott'm Forest,0,2,579,14,18,0,True,2026-08-29T11:30:00Z,2,2,2,13,0,0,0,0,0,0,0,1,0,0,0,-1,5.8,2.3,0.0,0.8,0,0.0,0.01,0.01,0.07,55,-9867,267054,23907,33774,0,2,1,1
Charles,MID,Fulham,Sunderland,0,2,580,19,20,1,False,2026-08-30T13:00:00Z,1,0,2,22,0,0,0,1,0,0,0,0,0,0,0,2,0.6,2.8,6.0,0.9,0,0.09,0.03,0.12,1.77,50,-449,8645,359,808,0,1,1,2
Diomande,DEF,Nott'm Forest,Liverpool,0,2,581,14,14,0,False,2026-08-29T11:30:00Z,2,2,2,0,0,0,0,0,0,0,0,0,0,0,0,0,0.0,0.0,0.0,0.0,0,0.0,0.0,0.0,0.0,55,-8617,71062,3484,12101,0,0,0,0
Madjo,FWD,Aston Villa,Arsenal,0,2,582,20,1,0,True,2026-08-31T19:00:00Z,0,1,2,0,0,0,0,0,0,0,0,0,0,0,0,0,0.0,0.0,0.0,0.0,0,0.0,0.0,0.0,0.0,55,-7757,40291,1166,8923,0,0,0,0
Chavarria,DEF,Chelsea,Brighton,0,2,583,16,5,1,True,2026-08-30T13:00:00Z,4,3,2,18,0,0,0,1,0,0,0,0,0,0,0,1,6.4,0.3,0.0,0.7,0,0.0,0.02,0.02,0.09,50,-1477,19574,1081,2558,1,1,2,3
Hamer,MID,Coventry City,Hull City,0,2,584,13,11,1,True,2026-08-29T14:00:00Z,0,1,2,19,0,0,0,1,0,0,0,0,0,0,0,2,0.2,1.5,0.0,0.2,0,0.0,0.02,0.02,0.69,55,-1042,13996,386,1428,0,0,0,0
Herrington,DEF,Hull City,Coventry City,0,2,585,13,7,1,False,2026-08-29T14:00:00Z,0,1,2,31,0,0,0,0,0,0,0,0,0,0,0,3,3.0,0.2,0.0,0.3,0,0.0,0.0,0.0,0.2,40,-831,63919,2771,3602,0,0,1,1
Mendy,DEF,Hull City,Coventry City,0,2,586,13,7,1,False,2026-08-29T14:00:00Z,0,1,2,58,0,0,0,0,0,0,0,0,0,0,0,9,27.6,0.0,7.0,3.5,1,0.01,0.0,0.01,1.09,40,160120,418634,179580,19460,2,2,7,9
Rulli,GK,Man City,Crystal Palace,0,2,587,11,8,0,False,2026-08-28T19:00:00Z,1,4,2,0,0,0,0,0,0,0,0,0,0,0,0,0,0.0,0.0,0.0,0.0,0,0.0,0.0,0.0,0.0,50,-130,2020,94,224,0,0,0,0
Khalaili,DEF,Crystal Palace,Man City,0,2,588,11,15,2,True,2026-08-28T19:00:00Z,1,4,2,74,0,0,0,3,0,0,0,1,0,0,0,9,26.4,1.5,3.0,3.1,1,0.02,0.0,0.02,2.01,50,-365,10199,462,827,10,5,4,14
Gourna-Douath,MID,Hull City,Coventry City,0,2,589,13,7,1,False,2026-08-29T14:00:00Z,0,1,2,45,0,0,0,0,0,0,0,0,0,0,0,6,12.8,0.9,0.0,1.4,0,0.0,0.01,0.01,0.2,50,-178,2781,135,313,3,2,1,6
Benda,GK,Nott'm Forest,Liverpool,0,2,590,14,14,0,False,2026-08-29T11:30:00Z,2,2,2,0,0,0,0,0,0,0,0,0,0,0,0,0,0.0,0.0,0.0,0.0,0,0.0,0.0,0.0,0.0,45,81,6630,625,544,0,0,0,0
Enciso,MID,Ipswich Town,Man Utd,0,2,591,18,16,5,False,2026-08-30T15:30:00Z,5,2,2,90,0,1,0,5,0,0,0,0,0,0,0,25,21.8,12.4,21.0,5.5,1,0.4,0.31,0.71,4.77,55,13215,48266,17669,4454,1,7,0,8
Ouattara,DEF,Ipswich Town,Man Utd,0,2,592,18,16,1,False,2026-08-30T15:30:00Z,5,2,2,17,0,0,0,1,0,0,0,0,0,0,0,-1,0.6,0.6,0.0,0.1,0,0.0,0.0,0.0,0.86,40,-3097,99458,2769,5866,0,1,0,0
Dedić,DEF,Newcastle,Spurs,0,2,593,15,19,11,False,2026-08-29T16:30:00Z,0,2,2,90,0,1,1,0,0,0,0,0,0,0,2,37,42.6,30.4,0.0,7.3,1,0.0,0.06,0.06,1.12,45,8203,36928,10359,2156,3,5,5,8
David,FWD,Brighton,Chelsea,0,2,594,16,6,1,False,2026-08-30T13:00:00Z,4,3,2,10,0,0,0,0,0,0,0,0,0,0,0,3,0.0,3.7,0.0,0.4,0,0.0,0.0,0.0,0.04,60,-1622,25435,2519,4141,0,0,0,0
Gozo,MID,Crystal Palace,Man City,0,2,595,11,15,1,True,2026-08-28T19:00:00Z,1,4,2,22,0,0,0,1,0,0,0,0,0,0,0,3,1.4,1.3,0.0,0.3,0,0.0,0.0,0.0,0.2,50,-72,1414,101,173,1,0,0,1
Ruggeri,DEF,Aston Villa,Arsenal,0,2,596,20,1,0,True,2026-08-31T19:00:00Z,0,1,2,0,0,0,0,0,0,0,0,0,0,0,0,0,0.0,0.0,0.0,0.0,0,0.0,0.0,0.0,0.0,45,-243,10673,856,1099,0,0,0,0
Suzuki,GK,Aston Villa,Arsenal,0,2,597,20,1,2,True,2026-08-31T19:00:00Z,0,1,2,90,0,0,0,1,0,0,0,0,0,1,0,8,13.6,0.0,0.0,1.4,1,0.0,0.0,0.0,1.04,50,-2542,82325,4229,6771,0,9,2,0
Elvedi,DEF,Leeds,Brentford,0,2,598,17,4,1,True,2026-08-30T13:00:00Z,1,1,2,56,0,0,0,1,0,0,0,0,0,0,0,9,16.0,1.1,6.0,2.3,0,0.0,0.0,0.0,1.32,45,75,2511,354,279,1,4,5,6
Cherif,FWD,Coventry City,Hull City,0,2,599,13,11,0,True,2026-08-29T14:00:00Z,0,1,2,0,0,0,0,0,0,0,0,0,0,0,0,0,0.0,0.0,0.0,0.0,0,0.0,0.0,0.0,0.0,50,330,9736,1724,1394,0,0,0,0
Osman,MID,Brighton,Chelsea,0,2,600,16,6,1,False,2026-08-30T13:00:00Z,4,3,2,16,0,0,0,1,0,0,0,0,0,0,0,6,3.0,1.3,2.0,0.6,0,0.0,0.01,0.01,0.1,50,75,1521,218,143,1,0,0,1
Williams-Barnett,MID,Spurs,Newcastle,0,2,601,15,17,0,True,2026-08-29T16:30:00Z,0,2,2,0,0,0,0,0,0,0,0,0,0,0,0,0,0.0,0.0,0.0,0.0,0,0.0,0.0,0.0,0.0,45,2052,7704,2636,584,0,0,0,0
Humphreys,MID,Ipswich Town,Man Utd,0,2,602,18,16,0,False,2026-08-30T15:30:00Z,5,2,2,0,0,0,0,0,0,0,0,0,0,0,0,0,0.0,0.0,0.0,0.0,0,0.0,0.0,0.0,0.0,45,942,3086,1275,333,0,0,0,0
Lienou,DEF,Leeds,Brentford,0,2,603,17,4,0,True,2026-08-30T13:00:00Z,1,1,2,0,0,0,0,0,0,0,0,0,0,0,0,0,0.0,0.0,0.0,0.0,0,0.0,0.0,0.0,0.0,40,1169,7187,1488,319,0,0,0,0
Cresswell,MID,Leeds,Brentford,0,2,604,17,4,0,True,2026-08-30T13:00:00Z,1,1,2,0,0,0,0,0,0,0,0,0,0,0,0,0,0.0,0.0,0.0,0.0,0,0.0,0.0,0.0,0.0,45,2319,7215,3029,710,0,0,0,0
Yalcouyé,MID,Brighton,Chelsea,0,2,605,16,6,8,False,2026-08-30T13:00:00Z,4,3,2,73,1,0,0,3,0,0,0,0,0,0,1,39,50.8,20.1,42.0,11.3,1,0.7,0.16,0.86,2.83,45,3387,9806,4339,952,3,2,2,7
Rowe,DEF,Aston Villa,Arsenal,0,2,606,20,1,0,True,2026-08-31T19:00:00Z,0,1,2,0,0,0,0,0,0,0,0,0,0,0,0,0,0.0,0.0,0.0,0.0,0,0.0,0.0,0.0,0.0,40,1314,5947,1560,246,0,0,0,0
Lynch,MID,Aston Villa,Arsenal,0,2,607,20,1,0,True,2026-08-31T19:00:00Z,0,1,2,0,0,0,0,0,0,0,0,0,0,0,0,0,0.0,0.0,0.0,0.0,0,0.0,0.0,0.0,0.0,45,2771,8874,3603,832,0,0,0,0
Jebbison,FWD,Bournemouth,Everton,0,2,608,12,9,0,True,2026-08-29T14:00:00Z,1,1,2,0,0,0,0,0,0,0,0,0,0,0,0,0,0.0,0.0,0.0,0.0,0,0.0,0.0,0.0,0.0,50,2056,4738,2477,421,0,0,0,0
Shahar,DEF,Newcastle,Spurs,0,2,609,15,19,0,False,2026-08-29T16:30:00Z,0,2,2,0,0,0,0,0,0,0,0,0,0,0,0,0,0.0,0.0,0.0,0.0,0,0.0,0.0,0.0,0.0,40,3348,11777,3993,645,0,0,0,0
De Fougerolles,DEF,Fulham,Sunderland,0,2,610,19,20,0,False,2026-08-30T13:00:00Z,1,0,2,0,0,0,0,0,0,0,0,0,0,0,0,0,0.0,0.0,0.0,0.0,0,0.0,0.0,0.0,0.0,40,2577,7950,3051,474,0,0,0,0
Wan-Bissaka,DEF,Aston Villa,Arsenal,0,2,611,20,1,1,True,2026-08-31T19:00:00Z,0,1,2,12,0,0,0,0,0,0,0,0,0,0,0,4,3.6,0.8,0.0,0.4,0,0.0,0.0,0.0,0.0,45,1383,4588,1549,166,2,0,0,2
Methalie,DEF,Sunderland,Fulham,0,2,612,19,10,0,True,2026-08-30T13:00:00Z,1,0,2,0,0,0,0,0,0,0,0,0,0,0,0,0,0.0,0.0,0.0,0.0,0,0.0,0.0,0.0,0.0,45,68,156,95,27,0,0,0,0
Ahoka,MID,Sunderland,Fulham,0,2,613,19,10,0,True,2026-08-30T13:00:00Z,1,0,2,0,0,0,0,0,0,0,0,0,0,0,0,0,0.0,0.0,0.0,0.0,0,0.0,0.0,0.0,0.0,45,2077,6052,2475,398,0,0,0,0
Hadjam,DEF,Brighton,Chelsea,0,2,614,16,6,0,False,2026-08-30T13:00:00Z,4,3,2,0,0,0,0,0,0,0,0,0,0,0,0,0,0.0,0.0,0.0,0.0,0,0.0,0.0,0.0,0.0,45,952,1839,1006,54,0,0,0,0
Di Gregorio,GK,Bournemouth,Everton,0,2,615,12,9,0,True,2026-08-29T14:00:00Z,1,1,2,0,0,0,0,0,0,0,0,0,0,0,0,0,0.0,0.0,0.0,0.0,0,0.0,0.0,0.0,0.0,45,214,593,241,27,0,0,0,0
Bouaddi,MID,Man City,Crystal Palace,0,2,616,11,8,1,False,2026-08-28T19:00:00Z,1,4,2,8,0,0,0,0,0,0,0,0,0,0,0,3,1.8,4.3,0.0,0.6,0,0.0,0.12,0.12,0.0,55,2706,4327,3055,349,0,0,1,1
Cho,MID,Hull City,Coventry City,0,2,617,13,7,1,False,2026-08-29T14:00:00Z,0,1,2,7,0,0,0,0,0,0,0,0,0,0,0,3,0.4,0.3,0.0,0.1,0,0.0,0.0,0.0,0.18,50,23,49,25,2,0,0,0,0
Goretzka,MID,Aston Villa,Arsenal,0,2,618,20,1,0,True,2026-08-31T19:00:00Z,0,1,2,0,0,0,0,0,0,0,0,0,0,0,0,0,0.0,0.0,0.0,0.0,0,0.0,0.0,0.0,0.0,60,205,386,212,7,0,0,0,0
Palacios,MID,Ipswich Town,Man Utd,0,2,619,18,16,1,False,2026-08-30T15:30:00Z,5,2,2,28,0,0,0,2,0,0,0,0,0,0,0,11,7.2,12.0,2.0,2.1,0,0.0,0.01,0.01,1.92,50,84,127,89,5,1,3,2,6
Diouf,DEF,Brentford,Leeds,0,2,620,17,13,0,False,2026-08-30T13:00:00Z,1,1,2,0,0,0,0,0,0,0,0,0,0,0,0,0,0.0,0.0,0.0,0.0,0,0.0,0.0,0.0,0.0,45,563,817,600,37,0,0,0,0
McAidoo,MID,Man City,Crystal Palace,0,2,621,11,8,1,False,2026-08-28T19:00:00Z,1,4,2,8,0,0,0,0,0,0,0,0,0,0,0,3,0.0,0.5,1.0,0.1,0,0.1,0.0,0.1,0.0,45,0,0,0,0,0,0,0,0
Braithwaite,DEF,Man City,Crystal Palace,0,2,622,11,8,1,False,2026-08-28T19:00:00Z,1,4,2,1,0,0,0,0,0,0,0,0,0,0,0,3,0.6,0.8,0.0,0.1,0,0.0,0.0,0.0,0.0,40,0,0,0,0,0,1,0,0
Bentley,GK,Coventry City,Hull City,0,2,623,13,11,0,True,2026-08-29T14:00:00Z,0,1,2,0,0,0,0,0,0,0,0,0,0,0,0,0,0.0,0.0,0.0,0.0,0,0.0,0.0,0.0,0.0,40,0,0,0,0,0,0,0,0
Cozier-Duberry,MID,Brighton,Chelsea,0,2,624,16,6,0,False,2026-08-30T13:00:00Z,4,3,2,0,0,0,0,0,0,0,0,0,0,0,0,0,0.0,0.0,0.0,0.0,0,0.0,0.0,0.0,0.0,50,0,0,0,0,0,0,0,0
Cairns,GK,Leeds,Brentford,0,2,625,17,4,0,True,2026-08-30T13:00:00Z,1,1,2,0,0,0,0,0,0,0,0,0,0,0,0,0,0.0,0.0,0.0,0.0,0,0.0,0.0,0.0,0.0,40,0,0,0,0,0,0,0,0
Zepa,MID,Fulham,Sunderland,0,2,626,19,20,0,False,2026-08-30T13:00:00Z,1,0,2,0,0,0,0,0,0,0,0,0,0,0,0,0,0.0,0.0,0.0,0.0,0,0.0,0.0,0.0,0.0,45,0,0,0,0,0,0,0,0
Raya,GK,Arsenal,Chelsea,0,3,1,29,6,3,True,2026-09-06T15:30:00Z,2,1,3,90,0,0,0,1,0,0,0,0,0,4,0,15,28.8,0.0,0.0,2.9,1,0.0,0.01,0.01,0.39,60,-23780,3887669,204948,228728,0,11,2,0
Arrizabalaga,GK,Arsenal,Chelsea,0,3,2,29,6,0,True,2026-09-06T15:30:00Z,2,1,3,0,0,0,0,0,0,0,0,0,0,0,0,0,0.0,0.0,0.0,0.0,0,0.0,0.0,0.0,0.0,50,-615,8025,599,1214,0,0,0,0
Meslier,GK,Arsenal,Chelsea,0,3,3,29,6,0,True,2026-09-06T15:30:00Z,2,1,3,0,0,0,0,0,0,0,0,0,0,0,0,0,0.0,0.0,0.0,0.0,0,0.0,0.0,0.0,0.0,50,-287,3143,172,459,0,0,0,0
Gabriel,DEF,Arsenal,Chelsea,0,3,4,29,6,2,True,2026-09-06T15:30:00Z,2,1,3,90,0,0,0,1,0,0,0,0,0,0,0,10,23.6,2.4,76.0,10.2,1,0.31,0.02,0.33,0.39,80,-298759,2590027,46883,345642,0,4,7,7
J.Timber,DEF,Arsenal,Chelsea,0,3,5,29,6,0,True,2026-09-06T15:30:00Z,2,1,3,0,0,0,0,0,0,0,0,0,0,0,0,0,0.0,0.0,0.0,0.0,0,0.0,0.0,0.0,0.0,65,-1892,8594,549,2441,0,0,0,0
Saliba,DEF,Arsenal,Chelsea,0,3,6,29,6,0,True,2026-09-06T15:30:00Z,2,1,3,0,0,0,0,0,0,0,0,0,0,0,0,0,0.0,0.0,0.0,0.0,0,0.0,0.0,0.0,0.0,60,-4380,23846,1102,5482,0,0,0,0
Lewis-Skelly,MID,Arsenal,Chelsea,0,3,7,29,6,2,True,2026-09-06T15:30:00Z,2,1,3,66,0,0,0,1,0,0,0,0,0,0,0,5,0.0,12.7,4.0,1.0,1,0.03,0.1,0.13,0.26,55,-4641,71335,8849,13490,0,2,0,2
Calafiori,DEF,Arsenal,Chelsea,0,3,8,29,6,2,True,2026-09-06T15:30:00Z,2,1,3,66,0,0,0,1,0,0,0,0,0,0,0,0,4.4,3.2,26.0,3.4,1,0.39,0.03,0.42,0.26,57,396923,4639050,515479,118556,1,1,0,1
Hincapie,DEF,Arsenal,Chelsea,0,3,9,29,6,1,True,2026-09-06T15:30:00Z,2,1,3,23,0,0,0,0,0,0,0,0,0,0,0,3,6.0,0.5,2.0,0.9,0,0.0,0.0,0.0,0.13,54,-31216,119369,4425,35641,1,0,2,3
White,DEF,Arsenal,Chelsea,0,3,10,29,6,2,True,2026-09-06T15:30:00Z,2,1,3,90,0,0,0,1,0,0,0,0,0,0,0,11,15.8,5.1,10.0,3.1,1,0.0,0.03,0.03,0.39,55,45919,745511,163295,117376,2,4,4,6
Mosquera,DEF,Arsenal,Chelsea,0,3,11,29,6,0,True,2026-09-06T15:30:00Z,2,1,3,0,0,0,0,0,0,0,0,0,0,0,0,0,0.0,0.0,0.0,0.0,0,0.0,0.0,0.0,0.0,55,-114822,438589,13546,128368,0,0,0,0
Saka,MID,Arsenal,Chelsea,0,3,12,29,6,2,True,2026-09-06T15:30:00Z,2,1,3,89,0,0,0,1,0,0,0,0,0,0,0,13,10.6,27.8,70.0,10.8,1,0.23,0.23,0.46,0.39,95,55091,1160318,156377,101286,1,2,1,4
Rice,MID,Arsenal,Chelsea,0,3,13,29,6,5,True,2026-09-06T15:30:00Z,2,1,3,90,0,1,0,1,0,0,0,0,0,0,0,22,33.8,19.9,2.0,5.6,1,0.03,0.08,0.11,0.39,75,-227106,1465517,21785,248891,0,1,5,6
Eze,MID,Arsenal,Chelsea,0,3,14,29,6,0,True,2026-09-06T15:30:00Z,2,1,3,0,0,0,0,0,0,0,0,0,0,0,0,0,0.0,0.0,0.0,0.0,0,0.0,0.0,0.0,0.0,64,-32301,146059,8271,40572,0,0,0,0
Ødegaard,MID,Arsenal,Chelsea,0,3,15,29,6,10,True,2026-09-06T15:30:00Z,2,1,3,76,1,0,0,1,0,0,0,0,0,0,3,47,45.0,54.2,30.0,12.9,1,0.72,0.88,1.6,0.27,66,-52949,1130521,119653,172602,0,3,0,3
Madueke,MID,Arsenal,Chelsea,0,3,16,29,6,1,True,2026-09-06T15:30:00Z,2,1,3,1,0,0,0,0,0,0,0,0,0,0,0,3,2.2,0.8,0.0,0.3,0,0.0,0.01,0.01,0.0,63,-6797,24885,1276,8073,1,0,0,1
Merino,MID,Arsenal,Chelsea,0,3,17,29,6,0,True,2026-09-06T15:30:00Z,2,1,3,13,0,0,0,0,0,0,0,1,0,0,0,0,0.0,1.1,0.0,0.1,0,0.0,0.0,0.0,0.11,59,-10808,51449,3061,13869,0,0,0,0
Martinelli,MID,Arsenal,Chelsea,0,3,18,29,6,0,True,2026-09-06T15:30:00Z,2,1,3,0,0,0,0,0,0,0,0,0,0,0,0,0,0.0,0.0,0.0,0.0,0,0.0,0.0,0.0,0.0,63,-5441,15232,1165,6606,0,0,0,0
Zubimendi,MID,Arsenal,Chelsea,0,3,19,29,6,1,True,2026-09-06T15:30:00Z,2,1,3,23,0,0,0,0,0,0,0,0,0,0,0,1,1.4,0.8,11.0,1.3,0,0.08,0.02,0.1,0.13,54,-16532,80922,3485,20017,0,0,4,4
Dowman,MID,Arsenal,Chelsea,0,3,20,29,6,0,True,2026-09-06T15:30:00Z,2,1,3,0,0,0,0,0,0,0,0,0,0,0,0,0,0.0,0.0,0.0,0.0,0,0.0,0.0,0.0,0.0,54,-1389,7381,608,1997,0,0,0,0
Nørgaard,MID,Everton,Man Utd,0,3,21,30,16,0,True,2026-09-06T13:00:00Z,2,2,3,0,0,0,0,0,0,0,0,0,0,0,0,0,0.0,0.0,0.0,0.0,0,0.0,0.0,0.0,0.0,49,-1962,6444,209,2171,0,0,0,0
Nwaneri,MID,Arsenal,Chelsea,0,3,22,29,6,0,True,2026-09-06T15:30:00Z,2,1,3,0,0,0,0,0,0,0,0,0,0,0,0,0,0.0,0.0,0.0,0.0,0,0.0,0.0,0.0,0.0,54,-270,1107,157,427,0,0,0,0
Fábio Vieira,MID,Arsenal,Chelsea,0,3,23,29,6,0,True,2026-09-06T15:30:00Z,2,1,3,0,0,0,0,0,0,0,0,0,0,0,0,0,0.0,0.0,0.0,0.0,0,0.0,0.0,0.0,0.0,55,-136,972,175,311,0,0,0,0
Nelson,MID,Arsenal,Chelsea,0,3,24,29,6,0,True,2026-09-06T15:30:00Z,2,1,3,0,0,0,0,0,0,0,0,0,0,0,0,0,0.0,0.0,0.0,0.0,0,0.0,0.0,0.0,0.0,55,-299,662,4,303,0,0,0,0
Gyökeres,FWD,Arsenal,Chelsea,0,3,25,29,6,1,True,2026-09-06T15:30:00Z,2,1,3,12,0,0,0,0,0,0,0,0,0,0,0,2,0.0,0.1,0.0,0.0,0,0.0,0.0,0.0,0.11,73,-192830,466852,8161,200991,0,1,0,1
Havertz,FWD,Arsenal,Chelsea,0,3,26,29,6,8,True,2026-09-06T15:30:00Z,2,1,3,77,1,0,0,1,0,0,0,0,0,0,2,38,43.0,37.0,57.0,13.7,1,0.27,0.27,0.54,0.27,75,-68870,686572,72519,141389,0,0,1,1
G.Jesus,FWD,Arsenal,Chelsea,0,3,27,29,6,0,True,2026-09-06T15:30:00Z,2,1,3,0,0,0,0,0,0,0,0,0,0,0,0,0,0.0,0.0,0.0,0.0,0,0.0,0.0,0.0,0.0,59,-8859,26101,2250,11109,0,0,0,0
Martinez,GK,Chelsea,Arsenal,0,3,28,29,1,3,False,2026-09-06T15:30:00Z,2,1,3,90,0,0,0,2,0,0,0,0,0,8,0,26,63.2,0.0,0.0,6.3,1,0.0,0.0,0.0,2.05,50,13115,459337,68378,55263,0,8,0,0
M.Bizot,GK,Aston Villa,Hull City,0,3,29,25,11,0,False,2026-09-05T16:30:00Z,0,0,3,0,0,0,0,0,0,0,0,0,0,0,0,0,0.0,0.0,0.0,0.0,0,0.0,0.0,0.0,0.0,45,-69,14920,2306,2375,0,0,0,0
Digne,DEF,Aston Villa,Hull City,0,3,30,25,11,0,False,2026-09-05T16:30:00Z,0,0,3,0,0,0,0,0,0,0,0,0,0,0,0,0,0.0,0.0,0.0,0.0,0,0.0,0.0,0.0,0.0,45,-2071,6725,0,2071,0,0,0,0
Konsa,DEF,Arsenal,Chelsea,0,3,31,29,6,4,True,2026-09-06T15:30:00Z,2,1,3,90,0,0,0,1,0,0,0,0,0,0,0,15,19.4,1.4,4.0,2.5,1,0.0,0.01,0.01,0.39,44,71726,1139279,270872,199146,3,5,7,10
Cash,DEF,Aston Villa,Hull City,0,3,32,25,11,6,False,2026-09-05T16:30:00Z,0,0,3,84,0,0,1,0,0,0,0,0,0,0,0,23,6.4,16.3,6.0,2.9,1,0.0,0.03,0.03,0.22,45,-35679,731987,41628,77307,0,1,1,1
Mings,DEF,Aston Villa,Hull City,0,3,33,25,11,6,False,2026-09-05T16:30:00Z,0,0,3,90,0,0,1,0,0,0,0,0,0,0,0,28,14.8,4.4,13.0,3.2,1,0.11,0.02,0.13,0.57,45,-2214,38099,2622,4836,1,2,4,5
Pau,DEF,Aston Villa,Hull City,0,3,34,25,11,0,False,2026-09-05T16:30:00Z,0,0,3,0,0,0,0,0,0,0,0,0,0,0,0,0,0.0,0.0,0.0,0.0,0,0.0,0.0,0.0,0.0,45,919,46943,5255,4336,0,0,0,0
Bogarde,MID,Aston Villa,Hull City,0,3,35,25,11,0,False,2026-09-05T16:30:00Z,0,0,3,0,0,0,0,0,0,0,0,0,0,0,0,0,0.0,0.0,0.0,0.0,0,0.0,0.0,0.0,0.0,50,-311,7284,945,1256,0,0,0,0
Maatsen,DEF,Aston Villa,Hull City,0,3,36,25,11,7,False,2026-09-05T16:30:00Z,0,0,3,74,0,0,1,0,0,0,0,0,0,0,1,29,10.6,19.8,4.0,3.4,1,0.0,0.42,0.42,0.22,45,2667,83194,11292,8625,1,0,2,3
Lindelöf,DEF,Aston Villa,Hull City,0,3,37,25,11,6,False,2026-09-05T16:30:00Z,0,0,3,90,0,0,1,0,0,0,0,0,0,0,0,28,22.4,24.9,2.0,4.9,1,0.0,0.08,0.08,0.57,45,216,29725,3211,2995,0,3,4,4
A.García,DEF,Aston Villa,Hull City,0,3,38,25,11,0,False,2026-09-05T16:30:00Z,0,0,3,0,0,0,0,0,0,0,0,0,0,0,0,0,0.0,0.0,0.0,0.0,0,0.0,0.0,0.0,0.0,40,-506,187661,16171,16677,0,0,0,0
Nedeljkovic,DEF,Aston Villa,Hull City,0,3,39,25,11,0,False,2026-09-05T16:30:00Z,0,0,3,0,0,0,0,0,0,0,0,0,0,0,0,0,0.0,0.0,0.0,0.0,0,0.0,0.0,0.0,0.0,40,-3988,17687,0,3988,0,0,0,0
Rogers,MID,Chelsea,Arsenal,0,3,40,29,1,6,False,2026-09-06T15:30:00Z,2,1,3,86,1,0,0,2,0,0,0,1,0,0,0,22,30.2,13.6,16.0,6.0,1,0.08,0.03,0.11,2.05,75,-110434,2472597,211550,321984,0,5,0,5
Buendía,MID,Aston Villa,Hull City,0,3,41,25,11,3,False,2026-09-05T16:30:00Z,0,0,3,74,0,0,1,0,0,0,0,0,0,0,0,2,0.0,10.8,7.0,1.4,1,0.61,0.05,0.66,0.22,60,-3519,128636,20598,24117,0,2,0,2
Guessand,MID,Crystal Palace,Fulham,0,3,42,24,10,0,False,2026-09-05T14:00:00Z,2,3,3,0,0,0,0,0,0,0,0,0,0,0,0,0,0.0,0.0,0.0,0.0,0,0.0,0.0,0.0,0.0,55,-422,4367,556,978,0,0,0,0
Tielemans,MID,Man Utd,Everton,0,3,43,30,9,2,False,2026-09-06T13:00:00Z,2,2,3,90,0,0,0,2,0,0,0,0,0,0,0,17,18.6,18.9,9.0,4.7,1,0.05,0.06,0.11,1.01,59,-38742,201931,12766,51508,0,5,2,7
Bailey,MID,Aston Villa,Hull City,0,3,44,25,11,0,False,2026-09-05T16:30:00Z,0,0,3,0,0,0,0,0,0,0,0,0,0,0,0,0,0.0,0.0,0.0,0.0,0,0.0,0.0,0.0,0.0,54,-2630,12237,1094,3724,0,0,0,0
McGinn,MID,Aston Villa,Hull City,0,3,45,25,11,3,False,2026-09-05T16:30:00Z,0,0,3,90,0,0,1,0,0,0,0,0,0,0,0,6,1.4,5.6,4.0,1.1,1,0.68,0.03,0.71,0.57,54,-27591,252885,16891,44482,2,2,1,5
Barkley,MID,Aston Villa,Hull City,0,3,46,25,11,3,False,2026-09-05T16:30:00Z,0,0,3,90,0,0,1,0,0,0,0,0,0,0,0,15,13.6,34.1,15.0,6.3,1,0.22,0.09,0.31,0.57,50,1735,27497,5744,4009,0,4,2,6
Kamara,MID,Aston Villa,Hull City,0,3,47,25,11,3,False,2026-09-05T16:30:00Z,0,0,3,90,0,0,1,0,0,0,0,0,0,0,0,20,13.6,26.2,0.0,4.0,1,0.0,0.07,0.07,0.57,50,-720,35132,5061,5781,1,6,3,10
Onana,MID,Aston Villa,Hull City,0,3,48,25,11,0,False,2026-09-05T16:30:00Z,0,0,3,0,0,0,0,0,0,0,0,0,0,0,0,0,0.0,0.0,0.0,0.0,0,0.0,0.0,0.0,0.0,50,-430,1852,140,570,0,0,0,0
Iling Jr,MID,Aston Villa,Hull City,0,3,49,25,11,0,False,2026-09-05T16:30:00Z,0,0,3,0,0,0,0,0,0,0,0,0,0,0,0,0,0.0,0.0,0.0,0.0,0,0.0,0.0,0.0,0.0,50,-63,211,0,63,0,0,0,0
Burrowes,MID,Aston Villa,Hull City,0,3,50,25,11,0,False,2026-09-05T16:30:00Z,0,0,3,0,0,0,0,0,0,0,0,0,0,0,0,0,0.0,0.0,0.0,0.0,0,0.0,0.0,0.0,0.0,45,-408,72806,8705,9113,0,0,0,0
George Hemmings,MID,Aston Villa,Hull City,0,3,51,25,11,3,False,2026-09-05T16:30:00Z,0,0,3,74,0,0,1,0,0,0,0,0,0,0,0,12,10.8,13.5,21.0,4.5,1,0.07,0.14,0.21,0.22,45,21970,110782,36405,14435,1,4,2,7
Alysson,MID,Aston Villa,Hull City,0,3,52,25,11,1,False,2026-09-05T16:30:00Z,0,0,3,15,0,0,0,0,0,0,0,0,0,0,0,3,0.2,1.8,0.0,0.2,0,0.0,0.0,0.0,0.35,50,-102,4733,827,929,0,1,0,1
Manzambi,MID,Aston Villa,Hull City,0,3,53,25,11,0,False,2026-09-05T16:30:00Z,0,0,3,0,0,0,0,0,0,0,0,0,0,0,0,0,0.0,0.0,0.0,0.0,0,0.0,0.0,0.0,0.0,59,-4708,14230,341,5049,0,0,0,0
Gomes,MID,Aston Villa,Hull City,0,3,54,25,11,0,False,2026-09-05T16:30:00Z,0,0,3,0,0,0,0,0,0,0,0,0,0,0,0,0,0.0,0.0,0.0,0.0,0,0.0,0.0,0.0,0.0,55,-1095,4112,90,1185,0,0,0,0
Watkins,FWD,Aston Villa,Hull City,0,3,55,25,11,0,False,2026-09-05T16:30:00Z,0,0,3,0,0,0,0,0,0,0,0,0,0,0,0,0,0.0,0.0,0.0,0.0,0,0.0,0.0,0.0,0.0,78,-305129,433685,4250,309379,0,0,0,0
Abraham,FWD,Aston Villa,Hull City,0,3,56,25,11,1,False,2026-09-05T16:30:00Z,0,0,3,5,0,0,0,0,0,0,0,0,0,0,0,3,2.0,1.0,0.0,0.3,0,0.0,0.0,0.0,0.35,55,2174,14917,4925,2751,1,0,0,1
Petrović,GK,Bournemouth,Newcastle,0,3,57,27,17,1,False,2026-09-05T11:30:00Z,2,2,3,90,0,0,0,2,0,0,0,0,0,0,0,0,3.4,0.0,0.0,0.3,1,0.0,0.0,0.0,0.71,45,11030,349425,45982,34952,0,8,1,0
Forster,GK,Bournemouth,Newcastle,0,3,58,27,17,0,False,2026-09-05T11:30:00Z,2,2,3,0,0,0,0,0,0,0,0,0,0,0,0,0,0.0,0.0,0.0,0.0,0,0.0,0.0,0.0,0.0,40,17023,371559,38348,21325,0,0,0,0
Dennis,GK,Bournemouth,Newcastle,0,3,59,27,17,0,False,2026-09-05T11:30:00Z,2,2,3,0,0,0,0,0,0,0,0,0,0,0,0,0,0.0,0.0,0.0,0.0,0,0.0,0.0,0.0,0.0,40,-2784,15695,0,2784,0,0,0,0
Hill,DEF,Bournemouth,Newcastle,0,3,60,27,17,1,False,2026-09-05T11:30:00Z,2,2,3,90,0,0,0,2,0,0,0,0,0,0,0,4,16.8,31.5,2.0,5.0,1,0.0,0.02,0.02,0.71,55,-4574,87381,7094,11668,0,1,6,6
Truffert,DEF,Bournemouth,Newcastle,0,3,61,27,17,0,False,2026-09-05T11:30:00Z,2,2,3,90,0,0,0,2,0,0,0,1,0,0,0,-3,10.2,15.7,2.0,2.8,1,0.01,0.06,0.07,0.71,55,-30205,387734,11879,42084,3,5,3,6
Diakité,DEF,Bournemouth,Newcastle,0,3,62,27,17,0,False,2026-09-05T11:30:00Z,2,2,3,0,0,0,0,0,0,0,0,0,0,0,0,0,0.0,0.0,0.0,0.0,0,0.0,0.0,0.0,0.0,50,-2153,18773,1710,3863,0,0,0,0
Milosavljević,DEF,Bournemouth,Newcastle,0,3,63,27,17,0,False,2026-09-05T11:30:00Z,2,2,3,0,0,0,0,0,0,0,0,0,0,0,0,0,0.0,0.0,0.0,0.0,0,0.0,0.0,0.0,0.0,50,-154,919,88,242,0,0,0,0
Smith,DEF,Bournemouth,Newcastle,0,3,64,27,17,0,False,2026-09-05T11:30:00Z,2,2,3,90,0,0,0,2,0,0,0,1,0,0,0,3,9.6,25.3,4.0,3.9,1,0.01,0.04,0.05,0.71,45,-461,13869,1630,2091,1,6,3,4
J.Araujo,DEF,Bournemouth,Newcastle,0,3,65,27,17,0,False,2026-09-05T11:30:00Z,2,2,3,0,0,0,0,0,0,0,0,0,0,0,0,0,0.0,0.0,0.0,0.0,0,0.0,0.0,0.0,0.0,45,-270,1391,96,366,0,0,0,0
Soler,DEF,Bournemouth,Newcastle,0,3,66,27,17,0,False,2026-09-05T11:30:00Z,2,2,3,0,0,0,0,0,0,0,0,0,0,0,0,0,0.0,0.0,0.0,0.0,0,0.0,0.0,0.0,0.0,40,3691,30657,6046,2355,0,0,0,0
Rayan,MID,Bournemouth,Newcastle,0,3,67,27,17,2,False,2026-09-05T11:30:00Z,2,2,3,88,0,0,0,2,0,0,0,0,0,0,0,8,1.6,0.9,10.0,1.3,1,0.04,0.01,0.05,0.66,65,-48316,230133,11708,60024,1,0,1,2
Tavernier,MID,Bournemouth,Newcastle,0,3,68,27,17,10,False,2026-09-05T11:30:00Z,2,2,3,88,1,0,0,2,0,0,0,0,0,0,3,43,46.6,13.2,77.0,13.7,1,1.01,0.05,1.06,0.66,60,-21585,230783,28263,49848,1,8,0,9
Scott,MID,Bournemouth,Newcastle,0,3,69,27,17,10,False,2026-09-05T11:30:00Z,2,2,3,90,0,2,0,2,0,0,0,0,0,0,2,37,13.4,22.9,12.0,4.8,1,0.07,0.02,0.09,0.71,60,39114,210299,56885,17771,0,6,5,11
Kluivert,MID,Bournemouth,Newcastle,0,3,70,27,17,1,False,2026-09-05T11:30:00Z,2,2,3,75,0,0,0,1,0,0,0,1,0,0,0,6,0.0,2.0,3.0,0.2,1,0.06,0.01,0.07,0.48,60,-12692,113173,10830,23522,1,3,0,4
Cook,MID,Bournemouth,Newcastle,0,3,71,27,17,1,False,2026-09-05T11:30:00Z,2,2,3,14,0,0,0,1,0,0,0,0,0,0,0,2,0.0,0.3,0.0,0.0,0,0.0,0.0,0.0,0.23,50,2757,23118,6600,3843,0,0,1,1
Gannon-Doak,MID,Bournemouth,Newcastle,0,3,72,27,17,1,False,2026-09-05T11:30:00Z,2,2,3,1,0,0,0,0,0,0,0,0,0,0,0,3,2.0,0.5,5.0,0.8,0,0.02,0.0,0.02,0.05,50,-1165,7170,384,1549,1,1,0,2
Adams,MID,Bournemouth,Newcastle,0,3,73,27,17,4,False,2026-09-05T11:30:00Z,2,2,3,75,0,0,0,1,0,0,0,0,0,0,0,15,12.2,11.5,0.0,2.4,1,0.0,0.01,0.01,0.48,50,897,26019,5588,4691,3,8,1,12
Brooks,MID,Bournemouth,Newcastle,0,3,74,27,17,1,False,2026-09-05T11:30:00Z,2,2,3,14,0,0,0,1,0,0,0,0,0,0,0,2,0.0,0.0,0.0,0.0,0,0.0,0.0,0.0,0.23,50,292,5938,1296,1004,0,0,0,0
Christie,MID,Bournemouth,Newcastle,0,3,75,27,17,1,False,2026-09-05T11:30:00Z,2,2,3,1,0,0,0,0,0,0,0,0,0,0,0,3,0.0,0.0,0.0,0.0,0,0.0,0.0,0.0,0.0,50,522,2833,1038,516,0,0,0,0
Tóth.A,MID,Bournemouth,Newcastle,0,3,76,27,17,0,False,2026-09-05T11:30:00Z,2,2,3,0,0,0,0,0,0,0,0,0,0,0,0,0,0.0,0.0,0.0,0.0,0,0.0,0.0,0.0,0.0,50,-108,1563,123,231,0,0,0,0
Adli,MID,Bournemouth,Newcastle,0,3,77,27,17,0,False,2026-09-05T11:30:00Z,2,2,3,0,0,0,0,0,0,0,0,0,0,0,0,0,0.0,0.0,0.0,0.0,0,0.0,0.0,0.0,0.0,49,-491,1803,136,627,0,0,0,0
Kroupi.Jr,MID,Bournemouth,Newcastle,0,3,78,27,17,0,False,2026-09-05T11:30:00Z,2,2,3,0,0,0,0,0,0,0,0,0,0,0,0,0,0.0,0.0,0.0,0.0,0,0.0,0.0,0.0,0.0,74,-7714,23655,246,7960,0,0,0,0
Evanilson,FWD,Bournemouth,Newcastle,0,3,79,27,17,2,False,2026-09-05T11:30:00Z,2,2,3,90,0,0,0,2,0,0,0,0,0,0,0,4,3.2,5.1,21.0,2.9,1,0.13,0.01,0.14,0.71,60,26119,336364,69571,43452,0,3,4,7
Enes Ünal,FWD,Bournemouth,Newcastle,0,3,80,27,17,0,False,2026-09-05T11:30:00Z,2,2,3,0,0,0,0,0,0,0,0,0,0,0,0,0,0.0,0.0,0.0,0.0,0,0.0,0.0,0.0,0.0,55,-522,1977,0,522,0,0,0,0
Rodríguez,FWD,Bournemouth,Newcastle,0,3,81,27,17,0,False,2026-09-05T11:30:00Z,2,2,3,0,0,0,0,0,0,0,0,0,0,0,0,0,0.0,0.0,0.0,0.0,0,0.0,0.0,0.0,0.0,60,-398,12281,1521,1919,0,0,0,0
Kelleher,GK,Brentford,Sunderland,0,3,82,22,20,2,True,2026-09-05T14:00:00Z,1,1,3,90,0,0,0,1,0,0,0,0,0,2,0,10,16.8,0.0,0.0,1.7,1,0.0,0.0,0.0,1.71,50,54758,832099,113703,58945,0,6,2,0
Valdimarsson,GK,Brentford,Sunderland,0,3,83,22,20,0,True,2026-09-05T14:00:00Z,1,1,3,0,0,0,0,0,0,0,0,0,0,0,0,0,0.0,0.0,0.0,0.0,0,0.0,0.0,0.0,0.0,45,-432,11246,975,1407,0,0,0,0
Collins,DEF,Brentford,Sunderland,0,3,84,22,20,1,True,2026-09-05T14:00:00Z,1,1,3,16,0,0,0,0,0,0,0,0,0,0,0,4,1.0,0.0,0.0,0.1,1,0.0,0.0,0.0,0.1,55,11591,271484,32175,20584,0,0,1,1
Van den Berg,DEF,Brentford,Sunderland,0,3,85,22,20,0,True,2026-09-05T14:00:00Z,1,1,3,0,0,0,0,0,0,0,0,0,0,0,0,0,0.0,0.0,0.0,0.0,0,0.0,0.0,0.0,0.0,49,-2342,8510,121,2463,0,0,0,0
Lewis-Potter,MID,Brentford,Sunderland,0,3,86,22,20,2,True,2026-09-05T14:00:00Z,1,1,3,90,0,0,0,1,0,0,0,0,0,0,0,4,8.2,45.1,22.0,7.5,1,0.24,0.4,0.64,1.71,55,74882,235201,101209,26327,1,1,4,6
Ajer,DEF,Brentford,Sunderland,0,3,87,22,20,2,True,2026-09-05T14:00:00Z,1,1,3,90,0,0,0,1,0,0,0,0,0,0,0,8,11.8,0.3,0.0,1.2,1,0.0,0.0,0.0,1.71,45,112523,610187,174453,61930,0,2,5,5
Kayode,DEF,Brentford,Sunderland,0,3,88,22,20,1,True,2026-09-05T14:00:00Z,1,1,3,45,0,0,0,0,0,0,0,0,0,0,0,2,7.6,0.3,2.0,1.0,1,0.03,0.0,0.03,0.35,46,121903,1044649,201513,79610,0,2,5,5
Henry,DEF,Brentford,Sunderland,0,3,89,22,20,0,True,2026-09-05T14:00:00Z,1,1,3,0,0,0,0,0,0,0,0,0,0,0,0,0,0.0,0.0,0.0,0.0,0,0.0,0.0,0.0,0.0,45,-1641,22909,561,2202,0,0,0,0
Hickey,DEF,Brentford,Sunderland,0,3,90,22,20,1,True,2026-09-05T14:00:00Z,1,1,3,45,0,0,0,1,0,0,0,0,0,0,0,0,7.6,1.0,0.0,0.9,0,0.0,0.0,0.0,1.36,45,-239,7835,653,892,1,2,4,5
Pinnock,DEF,Coventry City,Man City,0,3,91,26,15,3,False,2026-09-05T14:00:00Z,1,0,3,90,0,0,0,1,0,0,0,1,0,0,0,3,18.2,0.0,6.0,2.4,1,0.11,0.0,0.11,2.12,45,-811,7182,505,1316,1,2,12,13
Ji-soo,DEF,Brentford,Sunderland,0,3,92,22,20,0,True,2026-09-05T14:00:00Z,1,1,3,0,0,0,0,0,0,0,0,0,0,0,0,0,0.0,0.0,0.0,0.0,0,0.0,0.0,0.0,0.0,45,-133,1937,151,284,0,0,0,0
Schuster,DEF,Brentford,Sunderland,0,3,93,22,20,4,True,2026-09-05T14:00:00Z,1,1,3,73,0,0,0,1,0,0,0,0,0,0,0,11,17.2,0.2,4.0,2.1,0,0.1,0.01,0.11,1.61,45,-1306,15267,166,1472,0,0,10,10
Schade,MID,Brentford,Sunderland,0,3,94,22,20,2,True,2026-09-05T14:00:00Z,1,1,3,90,0,0,0,1,0,0,0,0,0,0,0,11,4.0,13.3,8.0,2.5,1,0.0,0.17,0.17,1.71,60,92782,492340,140288,47506,0,5,0,5
O.Dango,MID,Brentford,Sunderland,0,3,95,22,20,1,True,2026-09-05T14:00:00Z,1,1,3,45,0,0,0,0,0,0,0,0,0,0,0,6,6.8,11.3,0.0,1.8,1,0.0,0.01,0.01,0.35,65,-24974,85265,4607,29581,1,7,3,11
Damsgaard,MID,Brentford,Sunderland,0,3,96,22,20,8,True,2026-09-05T14:00:00Z,1,1,3,85,0,1,0,1,0,0,0,0,0,0,3,30,10.0,28.5,6.0,4.5,1,0.0,0.21,0.21,1.63,55,-3734,49863,3933,7667,0,3,1,4
Jensen,MID,Brentford,Sunderland,0,3,97,22,20,0,True,2026-09-05T14:00:00Z,1,1,3,0,0,0,0,0,0,0,0,0,0,0,0,0,0.0,0.0,0.0,0.0,0,0.0,0.0,0.0,0.0,55,-6340,16413,569,6909,0,0,0,0
Janelt,MID,Brentford,Sunderland,0,3,98,22,20,11,True,2026-09-05T14:00:00Z,1,1,3,90,1,0,0,1,0,0,0,1,0,0,3,30,48.0,3.1,17.0,6.8,1,0.11,0.01,0.12,1.71,50,16015,69448,29605,13590,4,5,3,12
Milambo,MID,Brentford,Sunderland,0,3,99,22,20,0,True,2026-09-05T14:00:00Z,1,1,3,0,0,0,0,0,0,0,0,0,0,0,0,0,0.0,0.0,0.0,0.0,0,0.0,0.0,0.0,0.0,50,-8,190,34,42,0,0,0,0
Carvalho,MID,Brentford,Sunderland,0,3,100,22,20,0,True,2026-09-05T14:00:00Z,1,1,3,0,0,0,0,0,0,0,0,0,0,0,0,0,0.0,0.0,0.0,0.0,0,0.0,0.0,0.0,0.0,50,185,2107,543,358,0,0,0,0
Henderson,MID,Chelsea,Arsenal,0,3,101,29,1,0,False,2026-09-06T15:30:00Z,2,1,3,0,0,0,0,0,0,0,0,0,0,0,0,0,0.0,0.0,0.0,0.0,0,0.0,0.0,0.0,0.0,50,-557,3322,209,766,0,0,0,0
Yarmoliuk,MID,Brentford,Sunderland,0,3,102,22,20,0,True,2026-09-05T14:00:00Z,1,1,3,45,0,0,0,1,0,0,0,1,0,0,0,1,2.4,3.4,2.0,0.8,0,0.03,0.02,0.05,1.36,49,-18230,93335,1076,19306,1,3,1,5
Dasilva,MID,Brentford,Sunderland,0,3,103,22,20,0,True,2026-09-05T14:00:00Z,1,1,3,0,0,0,0,0,0,0,0,0,0,0,0,0,0.0,0.0,0.0,0.0,0,0.0,0.0,0.0,0.0,50,-369,2280,180,549,0,0,0,0
Onyeka,MID,Coventry City,Man City,0,3,104,26,15,2,False,2026-09-05T14:00:00Z,1,0,3,62,0,0,0,1,0,0,0,0,0,0,0,5,0.4,0.4,0.0,0.1,1,0.0,0.0,0.0,1.17,50,-3826,12452,379,4205,1,2,0,3
Anthony,MID,Brentford,Sunderland,0,3,105,22,20,1,True,2026-09-05T14:00:00Z,1,1,3,45,0,0,0,1,0,0,0,0,0,0,0,3,0.0,2.2,3.0,0.4,0,0.05,0.01,0.06,1.36,60,-1707,16152,1644,3351,0,4,0,4
Thiago,FWD,Brentford,Sunderland,0,3,106,22,20,2,True,2026-09-05T14:00:00Z,1,1,3,90,0,0,0,1,0,0,0,0,0,0,0,9,16.0,1.4,43.0,6.0,1,0.5,0.01,0.51,1.71,80,-240730,1462107,72058,312788,1,2,3,6
Furo,FWD,Brentford,Sunderland,0,3,107,22,20,0,True,2026-09-05T14:00:00Z,1,1,3,0,0,0,0,0,0,0,0,0,0,0,0,0,0.0,0.0,0.0,0.0,0,0.0,0.0,0.0,0.0,45,13495,116698,27280,13785,0,0,0,0
Wilson,FWD,Brentford,Sunderland,0,3,108,22,20,1,True,2026-09-05T14:00:00Z,1,1,3,4,0,0,0,0,0,0,0,0,0,0,0,2,1.0,0.0,0.0,0.1,0,0.0,0.0,0.0,0.08,55,-1724,38790,5560,7284,0,0,1,1
Verbruggen,GK,Brighton,Leeds,0,3,109,23,13,3,True,2026-09-05T14:00:00Z,1,1,3,90,0,0,0,1,0,0,0,0,0,3,0,17,29.2,3.0,0.0,3.2,1,0.0,0.2,0.2,2.49,45,114050,2293721,270948,156898,0,5,0,0
Rushworth,GK,Coventry City,Man City,0,3,110,26,15,2,False,2026-09-05T14:00:00Z,1,0,3,90,0,0,0,1,0,0,0,0,0,2,0,13,18.8,0.0,0.0,1.9,1,0.0,0.0,0.0,2.12,45,-16015,95482,2938,18953,0,9,1,0
Steele,GK,Brighton,Leeds,0,3,111,23,13,0,True,2026-09-05T14:00:00Z,1,1,3,0,0,0,0,0,0,0,0,0,0,0,0,0,0.0,0.0,0.0,0.0,0,0.0,0.0,0.0,0.0,40,27834,459848,62093,34259,0,0,0,0
Van Hecke,DEF,Spurs,Nott'm Forest,0,3,112,28,18,8,False,2026-09-05T14:00:00Z,0,0,3,90,0,0,1,0,0,0,0,0,0,0,2,29,16.6,12.8,11.0,4.0,1,0.09,0.01,0.1,0.92,49,-198387,733037,21192,219579,1,4,3,4
F.Kadıoğlu,DEF,Brighton,Leeds,0,3,113,23,13,2,True,2026-09-05T14:00:00Z,1,1,3,77,0,0,0,1,0,0,0,0,0,0,0,8,12.6,12.5,19.0,4.4,1,0.06,0.01,0.07,2.4,44,-19909,203285,12724,32633,1,2,4,5
Boscagli,DEF,Brighton,Leeds,0,3,114,23,13,2,True,2026-09-05T14:00:00Z,1,1,3,90,0,0,0,1,0,0,0,0,0,0,0,17,20.6,62.3,0.0,8.3,1,0.0,0.33,0.33,2.49,45,2298,31479,6293,3995,0,4,4,4
De Cuyper,DEF,Brighton,Leeds,0,3,115,23,13,4,True,2026-09-05T14:00:00Z,1,1,3,76,0,1,0,1,0,0,0,1,0,0,0,17,19.6,22.1,2.0,4.4,1,0.0,0.14,0.14,2.4,47,762031,1978466,871841,109810,1,4,1,2
Dunk,DEF,Brighton,Leeds,0,3,116,23,13,5,True,2026-09-05T14:00:00Z,1,1,3,90,0,0,0,1,0,0,0,0,0,0,1,20,30.8,1.9,4.0,3.7,1,0.0,0.01,0.01,2.49,45,6568,133493,20326,13758,0,5,12,12
Coppola,DEF,Brighton,Leeds,0,3,117,23,13,0,True,2026-09-05T14:00:00Z,1,1,3,0,0,0,0,0,0,0,0,0,0,0,0,0,0.0,0.0,0.0,0.0,0,0.0,0.0,0.0,0.0,45,-35,2029,261,296,0,0,0,0
Igor,DEF,Brighton,Leeds,0,3,118,23,13,0,True,2026-09-05T14:00:00Z,1,1,3,0,0,0,0,0,0,0,0,0,0,0,0,0,0.0,0.0,0.0,0.0,0,0.0,0.0,0.0,0.0,45,-1451,7052,444,1895,0,0,0,0
Costinha,DEF,Brighton,Leeds,0,3,119,23,13,1,True,2026-09-05T14:00:00Z,1,1,3,12,0,0,0,0,0,0,0,0,0,0,0,7,5.8,14.5,0.0,2.0,0,0.0,0.16,0.16,0.1,45,-72,3762,400,472,0,0,1,1
Svoboda,DEF,Brighton,Leeds,0,3,120,23,13,0,True,2026-09-05T14:00:00Z,1,1,3,0,0,0,0,0,0,0,0,0,0,0,0,0,0.0,0.0,0.0,0.0,0,0.0,0.0,0.0,0.0,50,-124,5613,863,987,0,0,0,0
Mitoma,MID,Brighton,Leeds,0,3,121,23,13,0,True,2026-09-05T14:00:00Z,1,1,3,0,0,0,0,0,0,0,0,0,0,0,0,0,0.0,0.0,0.0,0.0,0,0.0,0.0,0.0,0.0,60,-821,3542,130,951,0,0,0,0
Minteh,MID,Brighton,Leeds,0,3,122,23,13,0,True,2026-09-05T14:00:00Z,1,1,3,0,0,0,0,0,0,0,0,0,0,0,0,0,0.0,0.0,0.0,0.0,0,0.0,0.0,0.0,0.0,59,-1839,4472,87,1926,0,0,0,0
Hinshelwood,MID,Brighton,Leeds,0,3,123,23,13,0,True,2026-09-05T14:00:00Z,1,1,3,0,0,0,0,0,0,0,0,0,0,0,0,0,0.0,0.0,0.0,0.0,0,0.0,0.0,0.0,0.0,60,-92072,129183,6623,98695,0,0,0,0
Groß,MID,Brighton,Leeds,0,3,124,23,13,1,True,2026-09-05T14:00:00Z,1,1,3,90,0,0,0,1,0,0,0,1,0,0,0,-1,0.0,16.5,19.0,3.2,1,0.79,0.04,0.83,2.49,55,341111,1691790,448315,107204,0,2,2,4
Georginio,FWD,Brighton,Leeds,0,3,125,23,13,0,True,2026-09-05T14:00:00Z,1,1,3,0,0,0,0,0,0,0,0,0,0,0,0,0,0.0,0.0,0.0,0.0,0,0.0,0.0,0.0,0.0,55,-21930,74079,4546,26476,0,0,0,0
O'Riley,MID,Brighton,Leeds,0,3,126,23,13,0,True,2026-09-05T14:00:00Z,1,1,3,0,0,0,0,0,0,0,0,0,0,0,0,0,0.0,0.0,0.0,0.0,0,0.0,0.0,0.0,0.0,55,-909,10276,1040,1949,0,0,0,0
Gomez,MID,Brighton,Leeds,0,3,127,23,13,2,True,2026-09-05T14:00:00Z,1,1,3,90,0,0,0,1,0,0,0,0,0,0,0,13,15.2,26.4,30.0,7.2,1,0.09,0.05,0.14,2.49,50,117389,525464,177501,60112,3,4,2,9
Buonanotte,MID,Brighton,Leeds,0,3,128,23,13,0,True,2026-09-05T14:00:00Z,1,1,3,0,0,0,0,0,0,0,0,0,0,0,0,0,0.0,0.0,0.0,0.0,0,0.0,0.0,0.0,0.0,50,-94,257,0,94,0,0,0,0
Ayari,MID,Brighton,Leeds,0,3,129,23,13,2,True,2026-09-05T14:00:00Z,1,1,3,90,0,0,0,1,0,0,0,0,0,0,0,18,11.4,14.8,18.0,4.4,1,0.17,0.04,0.21,2.49,54,-19892,42114,1443,21335,0,2,1,3
Wieffer,DEF,Brighton,Leeds,0,3,130,23,13,0,True,2026-09-05T14:00:00Z,1,1,3,0,0,0,0,0,0,0,0,0,0,0,0,0,0.0,0.0,0.0,0.0,0,0.0,0.0,0.0,0.0,50,-473,46414,12362,12835,0,0,0,0
Baleba,MID,Man Utd,Everton,0,3,131,30,9,0,False,2026-09-06T13:00:00Z,2,2,3,0,0,0,0,0,0,0,0,0,0,0,0,0,0.0,0.0,0.0,0.0,0,0.0,0.0,0.0,0.0,50,-3278,14956,1696,4974,0,0,0,0
Howell,MID,Brighton,Leeds,0,3,132,23,13,0,True,2026-09-05T14:00:00Z,1,1,3,0,0,0,0,0,0,0,0,0,0,0,0,0,0.0,0.0,0.0,0.0,0,0.0,0.0,0.0,0.0,45,-976,4183,0,976,0,0,0,0
Watson,MID,Brighton,Leeds,0,3,133,23,13,0,True,2026-09-05T14:00:00Z,1,1,3,0,0,0,0,0,0,0,0,0,0,0,0,0,0.0,0.0,0.0,0.0,0,0.0,0.0,0.0,0.0,50,-46,139,0,46,0,0,0,0
Oriola,MID,Brighton,Leeds,0,3,134,23,13,0,True,2026-09-05T14:00:00Z,1,1,3,0,0,0,0,0,0,0,0,0,0,0,0,0,0.0,0.0,0.0,0.0,0,0.0,0.0,0.0,0.0,45,-147,29432,3612,3759,0,0,0,0
Yohanna,MID,Brighton,Leeds,0,3,135,23,13,0,True,2026-09-05T14:00:00Z,1,1,3,0,0,0,0,0,0,0,0,0,0,0,0,0,0.0,0.0,0.0,0.0,0,0.0,0.0,0.0,0.0,50,-1062,6108,517,1579,0,0,0,0
Welbeck,FWD,Chelsea,Arsenal,0,3,136,29,1,1,False,2026-09-06T15:30:00Z,2,1,3,3,0,0,0,0,0,0,0,0,0,0,0,3,0.0,0.3,2.0,0.2,0,0.0,0.0,0.0,0.0,59,-16503,84671,7873,24376,0,0,0,0
Tzimas,FWD,Brighton,Leeds,0,3,137,23,13,0,True,2026-09-05T14:00:00Z,1,1,3,0,0,0,0,0,0,0,0,0,0,0,0,0,0.0,0.0,0.0,0.0,0,0.0,0.0,0.0,0.0,55,-130,754,80,210,0,0,0,0
Kostoulas,FWD,Brighton,Leeds,0,3,138,23,13,2,True,2026-09-05T14:00:00Z,1,1,3,90,0,0,0,1,0,0,0,0,0,0,0,9,9.6,5.3,24.0,3.9,1,0.43,0.02,0.45,2.49,55,23615,52785,29733,6118,1,4,3,8
Ferguson,FWD,Brighton,Leeds,0,3,139,23,13,0,True,2026-09-05T14:00:00Z,1,1,3,0,0,0,0,0,0,0,0,0,0,0,0,0,0.0,0.0,0.0,0.0,0,0.0,0.0,0.0,0.0,50,-173,3252,545,718,0,0,0,0
Sánchez,GK,Chelsea,Arsenal,0,3,140,29,1,0,False,2026-09-06T15:30:00Z,2,1,3,0,0,0,0,0,0,0,0,0,0,0,0,0,0.0,0.0,0.0,0.0,0,0.0,0.0,0.0,0.0,49,-82439,130954,1923,84362,0,0,0,0
Jörgensen,GK,Chelsea,Arsenal,0,3,141,29,1,0,False,2026-09-06T15:30:00Z,2,1,3,0,0,0,0,0,0,0,0,0,0,0,0,0,0.0,0.0,0.0,0.0,0,0.0,0.0,0.0,0.0,50,-270,1022,0,270,0,0,0,0
James,DEF,Chelsea,Arsenal,0,3,142,29,1,1,False,2026-09-06T15:30:00Z,2,1,3,90,0,0,0,2,0,0,0,0,0,0,0,9,12.6,15.0,13.0,4.1,1,0.07,0.05,0.12,2.05,55,-184123,810910,27039,211162,0,6,3,3
Chalobah,DEF,Chelsea,Arsenal,0,3,143,29,1,0,False,2026-09-06T15:30:00Z,2,1,3,0,0,0,0,0,0,0,0,0,0,0,0,0,0.0,0.0,0.0,0.0,0,0.0,0.0,0.0,0.0,55,-3529,9527,0,3529,0,0,0,0
Gusto,DEF,Chelsea,Arsenal,0,3,144,29,1,1,False,2026-09-06T15:30:00Z,2,1,3,30,0,0,0,0,0,0,0,0,0,0,0,4,3.0,3.4,1.0,0.7,0,0.04,0.01,0.05,0.14,50,-11595,116347,9926,21521,2,2,0,2
Fofana,DEF,Chelsea,Arsenal,0,3,145,29,1,3,False,2026-09-06T15:30:00Z,2,1,3,90,0,0,0,2,0,0,0,0,0,0,0,16,39.8,22.8,0.0,6.3,1,0.0,0.04,0.04,2.05,50,1351,7346,2579,1228,3,3,14,17
B.Badiashile,DEF,Chelsea,Arsenal,0,3,146,29,1,0,False,2026-09-06T15:30:00Z,2,1,3,0,0,0,0,0,0,0,0,0,0,0,0,0,0.0,0.0,0.0,0.0,0,0.0,0.0,0.0,0.0,45,-719,1405,0,719,0,0,0,0
Tosin,DEF,Spurs,Nott'm Forest,0,3,147,28,18,0,False,2026-09-05T14:00:00Z,0,0,3,0,0,0,0,0,0,0,0,0,0,0,0,0,0.0,0.0,0.0,0.0,0,0.0,0.0,0.0,0.0,45,-2004,17692,553,2557,0,0,0,0
Hato,DEF,Chelsea,Arsenal,0,3,148,29,1,3,False,2026-09-06T15:30:00Z,2,1,3,59,0,1,0,2,0,0,0,0,0,0,0,5,34.8,11.2,2.0,4.8,1,0.0,0.02,0.02,1.91,45,12089,65104,22516,10427,2,2,4,6
Colwill,DEF,Chelsea,Arsenal,0,3,149,29,1,0,False,2026-09-06T15:30:00Z,2,1,3,0,0,0,0,0,0,0,0,0,0,0,0,0,0.0,0.0,0.0,0.0,0,0.0,0.0,0.0,0.0,50,-25878,124492,7720,33598,0,0,0,0
M.Sarr,DEF,Chelsea,Arsenal,0,3,150,29,1,0,False,2026-09-06T15:30:00Z,2,1,3,0,0,0,0,0,0,0,0,0,0,0,0,0,0.0,0.0,0.0,0.0,0,0.0,0.0,0.0,0.0,45,-3325,4381,24,3349,0,0,0,0
Acheampong,DEF,Chelsea,Arsenal,0,3,151,29,1,1,False,2026-09-06T15:30:00Z,2,1,3,90,0,0,0,2,0,0,0,0,0,0,0,-3,2.2,1.8,4.0,0.8,1,0.0,0.01,0.01,2.05,45,-1989,38207,4792,6781,0,1,1,1
Palestra,DEF,Chelsea,Arsenal,0,3,152,29,1,0,False,2026-09-06T15:30:00Z,2,1,3,0,0,0,0,0,0,0,0,0,0,0,0,0,0.0,0.0,0.0,0.0,0,0.0,0.0,0.0,0.0,54,-79182,121873,821,80003,0,0,0,0
Disasi,DEF,Crystal Palace,Fulham,0,3,153,24,10,3,False,2026-09-05T14:00:00Z,2,3,3,90,0,0,0,2,0,0,0,0,0,0,0,14,31.4,13.3,2.0,4.7,1,0.0,0.04,0.04,3.14,45,503,7480,1511,1008,4,8,9,13
Palmer,MID,Chelsea,Arsenal,0,3,154,29,1,1,False,2026-09-06T15:30:00Z,2,1,3,90,0,0,0,2,0,0,0,1,0,0,0,11,7.0,15.8,32.0,5.5,1,0.11,0.04,0.15,2.05,96,195102,1912956,387902,192800,0,3,0,3
Enzo,MID,Man City,Coventry City,0,3,155,26,7,3,True,2026-09-05T14:00:00Z,1,0,3,75,0,0,1,0,0,0,0,0,0,0,0,17,10.2,18.9,18.0,4.7,1,0.13,0.12,0.25,1.0,69,-101968,341334,30968,132936,1,1,1,3
Neto,MID,Chelsea,Arsenal,0,3,156,29,1,2,False,2026-09-06T15:30:00Z,2,1,3,80,0,0,0,2,0,0,0,0,0,0,0,10,6.2,23.8,14.0,4.4,1,0.03,0.03,0.06,2.05,65,2299,130367,21878,19579,1,4,2,7
Estêvão,MID,Chelsea,Arsenal,0,3,157,29,1,1,False,2026-09-06T15:30:00Z,2,1,3,9,0,0,0,0,0,0,0,0,0,0,0,5,3.2,0.4,17.0,2.1,0,0.04,0.0,0.04,0.0,64,-31266,84845,3486,34752,0,0,0,0
Gittens,MID,Chelsea,Arsenal,0,3,158,29,1,0,False,2026-09-06T15:30:00Z,2,1,3,0,0,0,0,0,0,0,0,0,0,0,0,0,0.0,0.0,0.0,0.0,0,0.0,0.0,0.0,0.0,59,-715,2954,260,975,0,0,0,0
Caicedo,MID,Chelsea,Arsenal,0,3,159,29,1,0,False,2026-09-06T15:30:00Z,2,1,3,0,0,0,0,0,0,0,0,0,0,0,0,0,0.0,0.0,0.0,0.0,0,0.0,0.0,0.0,0.0,54,-88920,192746,3231,92151,0,0,0,0
Garnacho,MID,Aston Villa,Hull City,0,3,160,25,11,1,False,2026-09-05T16:30:00Z,0,0,3,15,0,0,0,0,0,0,0,0,0,0,0,4,1.0,1.6,0.0,0.3,0,0.0,0.0,0.0,0.35,59,-9524,46064,2557,12081,0,0,0,0
Lavia,MID,Chelsea,Arsenal,0,3,161,29,1,1,False,2026-09-06T15:30:00Z,2,1,3,59,0,0,0,2,0,0,0,0,0,0,0,7,5.8,1.5,0.0,0.7,1,0.0,0.01,0.01,1.91,50,9966,20847,13724,3758,1,3,2,6
Andrey Santos,MID,Man Utd,Everton,0,3,162,30,9,1,False,2026-09-06T13:00:00Z,2,2,3,6,0,0,0,1,0,0,0,0,0,0,0,4,7.2,0.6,6.0,1.4,0,0.0,0.01,0.01,0.09,49,-16957,83163,7346,24303,0,0,4,4
D.Essugo,MID,Chelsea,Arsenal,0,3,163,29,1,0,False,2026-09-06T15:30:00Z,2,1,3,0,0,0,0,0,0,0,0,0,0,0,0,0,0.0,0.0,0.0,0.0,0,0.0,0.0,0.0,0.0,45,-3147,16417,1446,4593,0,0,0,0
Quenda,MID,Chelsea,Arsenal,0,3,164,29,1,0,False,2026-09-06T15:30:00Z,2,1,3,0,0,0,0,0,0,0,0,0,0,0,0,0,0.0,0.0,0.0,0.0,0,0.0,0.0,0.0,0.0,54,-904,3704,292,1196,0,0,0,0
João Pedro,FWD,Chelsea,Arsenal,0,3,165,29,1,1,False,2026-09-06T15:30:00Z,2,1,3,90,0,0,0,2,0,0,0,1,0,0,0,8,0.0,28.8,9.0,3.7,1,0.02,0.05,0.07,2.05,77,255757,7177659,446528,190771,0,1,0,1
N.Jackson,FWD,Aston Villa,Hull City,0,3,166,25,11,2,False,2026-09-05T16:30:00Z,0,0,3,84,0,0,1,0,0,0,0,0,0,0,0,10,1.2,17.5,20.0,3.9,1,0.24,0.44,0.68,0.22,65,37834,115958,46877,9043,0,2,0,2
Delap,FWD,Nott'm Forest,Spurs,0,3,167,28,19,2,True,2026-09-05T14:00:00Z,0,0,3,73,0,0,1,0,0,0,0,0,0,0,0,6,2.4,20.8,5.0,2.8,1,0.06,0.06,0.12,0.89,55,24969,83350,36946,11977,0,3,2,5
Marc Guiu,FWD,Chelsea,Arsenal,0,3,168,29,1,0,False,2026-09-06T15:30:00Z,2,1,3,0,0,0,0,0,0,0,0,0,0,0,0,0,0.0,0.0,0.0,0.0,0,0.0,0.0,0.0,0.0,50,-10863,33721,1924,12787,0,0,0,0
Mheuka,FWD,Chelsea,Arsenal,0,3,169,29,1,0,False,2026-09-06T15:30:00Z,2,1,3,0,0,0,0,0,0,0,0,0,0,0,0,0,0.0,0.0,0.0,0.0,0,0.0,0.0,0.0,0.0,45,2681,43546,8439,5758,0,0,0,0
Emegha,FWD,Chelsea,Arsenal,0,3,170,29,1,0,False,2026-09-06T15:30:00Z,2,1,3,0,0,0,0,0,0,0,0,0,0,0,0,0,0.0,0.0,0.0,0.0,0,0.0,0.0,0.0,0.0,50,-539,15735,2709,3248,0,0,0,0
Dovin,GK,Coventry City,Man City,0,3,171,26,15,0,False,2026-09-05T14:00:00Z,1,0,3,0,0,0,0,0,0,0,0,0,0,0,0,0,0.0,0.0,0.0,0.0,0,0.0,0.0,0.0,0.0,40,-12005,141466,6290,18295,0,0,0,0
Wilson,GK,Coventry City,Man City,0,3,172,26,15,0,False,2026-09-05T14:00:00Z,1,0,3,0,0,0,0,0,0,0,0,0,0,0,0,0,0.0,0.0,0.0,0.0,0,0.0,0.0,0.0,0.0,45,-3942,41782,265,4207,0,0,0,0
Thomas,DEF,Coventry City,Man City,0,3,173,26,15,4,False,2026-09-05T14:00:00Z,1,0,3,90,0,0,0,1,0,0,0,0,0,0,0,19,20.6,20.8,24.0,6.5,1,0.22,0.17,0.39,2.12,40,44441,883716,114108,69667,1,3,11,12
Kitching,DEF,Coventry City,Man City,0,3,174,26,15,0,False,2026-09-05T14:00:00Z,1,0,3,0,0,0,0,0,0,0,0,0,0,0,0,0,0.0,0.0,0.0,0.0,0,0.0,0.0,0.0,0.0,40,-9976,53997,461,10437,0,0,0,0
van Ewijk,DEF,Coventry City,Man City,0,3,175,26,15,3,False,2026-09-05T14:00:00Z,1,0,3,90,0,0,0,1,0,0,0,1,0,0,0,5,16.8,5.2,2.0,2.4,1,0.0,0.06,0.06,2.12,40,-80255,1209039,41712,121967,3,4,8,11
Dasilva,DEF,Coventry City,Man City,0,3,176,26,15,2,False,2026-09-05T14:00:00Z,1,0,3,84,0,0,0,1,0,0,0,0,0,0,0,10,21.8,14.9,0.0,3.7,1,0.0,0.08,0.08,2.12,40,-4522,79293,2664,7186,2,3,5,7
Kesler-Hayden,DEF,Coventry City,Man City,0,3,177,26,15,0,False,2026-09-05T14:00:00Z,1,0,3,0,0,0,0,0,0,0,0,0,0,0,0,0,0.0,0.0,0.0,0.0,0,0.0,0.0,0.0,0.0,40,-1131,4676,131,1262,0,0,0,0
Bidwell,DEF,Coventry City,Man City,0,3,178,26,15,0,False,2026-09-05T14:00:00Z,1,0,3,0,0,0,0,0,0,0,0,0,0,0,0,0,0.0,0.0,0.0,0.0,0,0.0,0.0,0.0,0.0,40,-315,8763,663,978,0,0,0,0
Latibeaudiere,DEF,Coventry City,Man City,0,3,179,26,15,0,False,2026-09-05T14:00:00Z,1,0,3,0,0,0,0,0,0,0,0,0,0,0,0,0,0.0,0.0,0.0,0.0,0,0.0,0.0,0.0,0.0,40,-161,4150,319,480,0,0,0,0
Woolfenden,DEF,Coventry City,Man City,0,3,180,26,15,0,False,2026-09-05T14:00:00Z,1,0,3,0,0,0,0,0,0,0,0,0,0,0,0,0,0.0,0.0,0.0,0.0,0,0.0,0.0,0.0,0.0,40,-2522,15091,659,3181,0,0,0,0
Brau,DEF,Coventry City,Man City,0,3,181,26,15,0,False,2026-09-05T14:00:00Z,1,0,3,0,0,0,0,0,0,0,0,0,0,0,0,0,0.0,0.0,0.0,0.0,0,0.0,0.0,0.0,0.0,40,-956,3074,19,975,0,0,0,0
Amenda,DEF,Coventry City,Man City,0,3,182,26,15,2,False,2026-09-05T14:00:00Z,1,0,3,90,0,0,0,1,0,0,0,0,0,0,0,4,4.4,1.3,6.0,1.2,1,0.0,0.34,0.34,2.12,40,-4953,81029,3124,8077,1,6,2,3
Rudoni,MID,Coventry City,Man City,0,3,183,26,15,2,False,2026-09-05T14:00:00Z,1,0,3,62,0,0,0,1,0,0,0,0,0,0,0,9,14.4,28.5,33.0,7.6,1,0.29,0.09,0.38,1.17,50,-1863,12234,706,2569,1,2,2,5
Grimes,MID,Coventry City,Man City,0,3,184,26,15,2,False,2026-09-05T14:00:00Z,1,0,3,90,0,0,0,1,0,0,0,0,0,0,0,8,18.6,2.3,1.0,2.2,1,0.04,0.0,0.04,2.12,50,-3443,16127,481,3924,5,0,3,8
Sakamoto,MID,Coventry City,Man City,0,3,185,26,15,0,False,2026-09-05T14:00:00Z,1,0,3,0,0,0,0,0,0,0,0,0,0,0,0,0,0.0,0.0,0.0,0.0,0,0.0,0.0,0.0,0.0,49,-1339,8559,404,1743,0,0,0,0
Mason-Clark,MID,Coventry City,Man City,0,3,186,26,15,2,False,2026-09-05T14:00:00Z,1,0,3,70,0,0,0,1,0,0,0,0,0,0,0,4,0.0,0.8,2.0,0.1,1,0.0,0.0,0.0,1.17,54,-1860,10318,228,2088,0,3,2,5
Eccles,MID,Coventry City,Man City,0,3,187,26,15,0,False,2026-09-05T14:00:00Z,1,0,3,0,0,0,0,0,0,0,0,0,0,0,0,0,0.0,0.0,0.0,0.0,0,0.0,0.0,0.0,0.0,49,30,1547,434,404,0,0,0,0
Torp,MID,Coventry City,Man City,0,3,188,26,15,0,False,2026-09-05T14:00:00Z,1,0,3,0,0,0,0,0,0,0,0,0,0,0,0,0,0.0,0.0,0.0,0.0,0,0.0,0.0,0.0,0.0,54,-2872,13303,100,2972,0,0,0,0
Shepherd,MID,Coventry City,Man City,0,3,189,26,15,0,False,2026-09-05T14:00:00Z,1,0,3,0,0,0,0,0,0,0,0,0,0,0,0,0,0.0,0.0,0.0,0.0,0,0.0,0.0,0.0,0.0,45,-2042,27151,1697,3739,0,0,0,0
Tchaouna,MID,Coventry City,Man City,0,3,190,26,15,1,False,2026-09-05T14:00:00Z,1,0,3,27,0,0,0,0,0,0,0,0,0,0,0,9,8.2,24.8,21.0,5.4,0,0.1,0.03,0.13,0.95,55,-3624,12425,128,3752,0,1,0,1
Borges Rodrigues,MID,Coventry City,Man City,0,3,191,26,15,0,False,2026-09-05T14:00:00Z,1,0,3,0,0,0,0,0,0,0,0,0,0,0,0,0,0.0,0.0,0.0,0.0,0,0.0,0.0,0.0,0.0,45,-2425,14534,1263,3688,0,0,0,0
Andrews,MID,Coventry City,Man City,0,3,192,26,15,0,False,2026-09-05T14:00:00Z,1,0,3,0,0,0,0,0,0,0,0,0,0,0,0,0,0.0,0.0,0.0,0.0,0,0.0,0.0,0.0,0.0,45,-17623,44026,142,17765,0,0,0,0
Wright,FWD,Coventry City,Man City,0,3,193,26,15,0,False,2026-09-05T14:00:00Z,1,0,3,0,0,0,0,0,0,0,0,0,0,0,0,0,0.0,0.0,0.0,0.0,0,0.0,0.0,0.0,0.0,54,-3102,10607,246,3348,0,0,0,0
Thomas-Asante,FWD,Coventry City,Man City,0,3,194,26,15,1,False,2026-09-05T14:00:00Z,1,0,3,19,0,0,0,0,0,0,0,0,0,0,0,6,2.2,0.3,2.0,0.5,0,0.0,0.0,0.0,0.95,50,-1110,84492,16389,17499,0,2,1,3
Simms,FWD,Coventry City,Man City,0,3,195,26,15,1,False,2026-09-05T14:00:00Z,1,0,3,19,0,0,0,0,0,0,0,0,0,0,0,3,5.0,10.0,35.0,5.0,0,0.3,0.0,0.3,0.95,50,-11944,88094,10057,22001,0,0,0,0
Markelo,FWD,Coventry City,Man City,0,3,196,26,15,0,False,2026-09-05T14:00:00Z,1,0,3,0,0,0,0,0,0,0,0,0,0,0,0,0,0.0,0.0,0.0,0.0,0,0.0,0.0,0.0,0.0,50,-296,929,0,296,0,0,0,0
Bassette,FWD,Coventry City,Man City,0,3,197,26,15,0,False,2026-09-05T14:00:00Z,1,0,3,0,0,0,0,0,0,0,0,0,0,0,0,0,0.0,0.0,0.0,0.0,0,0.0,0.0,0.0,0.0,45,-548,3200,0,548,0,0,0,0
Henderson,GK,Crystal Palace,Fulham,0,3,198,24,10,2,False,2026-09-05T14:00:00Z,2,3,3,90,0,0,0,2,0,0,0,0,0,5,0,19,38.4,0.0,0.0,3.8,1,0.0,0.0,0.0,3.14,50,-3328,188350,15007,18335,0,7,1,0
Benitez,GK,Crystal Palace,Fulham,0,3,199,24,10,0,False,2026-09-05T14:00:00Z,2,3,3,0,0,0,0,0,0,0,0,0,0,0,0,0,0.0,0.0,0.0,0.0,0,0.0,0.0,0.0,0.0,45,-646,11282,648,1294,0,0,0,0
Lacroix,DEF,Chelsea,Arsenal,0,3,200,29,1,2,False,2026-09-06T15:30:00Z,2,1,3,90,0,0,0,2,0,0,0,1,0,0,0,3,26.0,1.3,2.0,2.9,1,0.0,0.01,0.01,2.05,60,-117331,839049,32879,150210,2,2,9,11
Muñoz,DEF,Nott'm Forest,Spurs,0,3,201,28,19,1,True,2026-09-05T14:00:00Z,0,0,3,31,0,0,0,0,0,0,0,0,0,0,0,5,2.4,0.8,4.0,0.7,0,0.03,0.0,0.03,0.26,54,-158458,658550,23260,181718,1,0,0,1
Richards,DEF,Crystal Palace,Fulham,0,3,202,24,10,1,False,2026-09-05T14:00:00Z,2,3,3,90,0,0,0,2,0,0,0,0,0,0,0,8,28.8,0.5,7.0,3.6,1,0.04,0.0,0.04,3.14,50,-5426,68124,5745,11171,1,4,8,9
Canvot,DEF,Crystal Palace,Fulham,0,3,203,24,10,1,False,2026-09-05T14:00:00Z,2,3,3,90,0,0,0,2,0,0,0,0,0,0,0,4,13.0,1.9,0.0,1.5,1,0.0,0.0,0.0,3.14,49,-4057,25628,1708,5765,2,2,7,9
Mitchell,DEF,Crystal Palace,Fulham,0,3,204,24,10,15,False,2026-09-05T14:00:00Z,2,3,3,73,2,0,0,2,0,0,0,0,0,0,2,31,78.0,10.7,47.0,13.6,1,0.66,0.01,0.67,2.57,45,-68532,476563,9051,77583,2,2,4,6
Sosa,DEF,Crystal Palace,Fulham,0,3,205,24,10,0,False,2026-09-05T14:00:00Z,2,3,3,0,0,0,0,0,0,0,0,0,0,0,0,0,0.0,0.0,0.0,0.0,0,0.0,0.0,0.0,0.0,45,-594,2568,110,704,0,0,0,0
Chadi Riad,DEF,Crystal Palace,Fulham,0,3,206,24,10,0,False,2026-09-05T14:00:00Z,2,3,3,0,0,0,0,0,0,0,0,0,0,0,0,0,0.0,0.0,0.0,0.0,0,0.0,0.0,0.0,0.0,44,-1423,3064,193,1616,0,0,0,0
Mingueza,DEF,Crystal Palace,Fulham,0,3,207,24,10,1,False,2026-09-05T14:00:00Z,2,3,3,1,0,0,0,0,0,0,0,0,0,0,0,4,1.0,0.3,0.0,0.1,0,0.0,0.0,0.0,0.13,44,-541,7148,770,1311,1,1,0,1
Sarr,MID,Crystal Palace,Fulham,0,3,208,24,10,0,False,2026-09-05T14:00:00Z,2,3,3,0,0,0,0,0,0,0,0,0,0,0,0,0,0.0,0.0,0.0,0.0,0,0.0,0.0,0.0,0.0,63,-118099,109790,330,118429,0,0,0,0
Johnson,MID,Everton,Man Utd,0,3,209,30,16,1,True,2026-09-06T13:00:00Z,2,2,3,65,0,0,0,1,0,0,0,1,0,0,0,3,6.6,22.9,9.0,3.9,1,0.05,0.04,0.09,0.37,59,-2691,13119,786,3477,1,4,3,8
Wharton,MID,Crystal Palace,Fulham,0,3,210,24,10,2,False,2026-09-05T14:00:00Z,2,3,3,90,0,0,0,2,0,0,0,0,0,0,0,10,14.8,2.8,2.0,2.0,1,0.0,0.01,0.01,3.14,55,-3644,89835,10076,13720,1,0,7,8
Yeremy,MID,Crystal Palace,Fulham,0,3,211,24,10,5,False,2026-09-05T14:00:00Z,2,3,3,88,0,1,0,2,0,0,0,0,0,0,0,25,8.0,42.6,6.0,5.7,1,0.25,0.3,0.55,3.01,55,2869,22762,5451,2582,1,3,1,5
Hughes,MID,Crystal Palace,Fulham,0,3,212,24,10,1,False,2026-09-05T14:00:00Z,2,3,3,16,0,0,0,0,0,0,0,0,0,0,0,3,2.4,0.3,0.0,0.3,0,0.0,0.0,0.0,0.57,45,-96023,969611,37588,133611,0,1,2,3
Lerma,MID,Crystal Palace,Fulham,0,3,213,24,10,0,False,2026-09-05T14:00:00Z,2,3,3,0,0,0,0,0,0,0,0,0,0,0,0,0,0.0,0.0,0.0,0.0,0,0.0,0.0,0.0,0.0,49,-1246,9259,496,1742,0,0,0,0
Kamada,MID,Crystal Palace,Fulham,0,3,214,24,10,5,False,2026-09-05T14:00:00Z,2,3,3,88,0,1,0,2,0,0,0,0,0,0,0,21,19.6,23.2,6.0,4.9,1,0.0,0.01,0.01,3.01,50,-259,28293,4293,4552,0,4,0,4
Devenny,MID,Crystal Palace,Fulham,0,3,215,24,10,0,False,2026-09-05T14:00:00Z,2,3,3,0,0,0,0,0,0,0,0,0,0,0,0,0,0.0,0.0,0.0,0.0,0,0.0,0.0,0.0,0.0,50,-275,914,63,338,0,0,0,0
Esse,MID,Crystal Palace,Fulham,0,3,216,24,10,0,False,2026-09-05T14:00:00Z,2,3,3,0,0,0,0,0,0,0,0,0,0,0,0,0,0.0,0.0,0.0,0.0,0,0.0,0.0,0.0,0.0,50,-965,3105,188,1153,0,0,0,0
M.França,MID,Crystal Palace,Fulham,0,3,217,24,10,0,False,2026-09-05T14:00:00Z,2,3,3,0,0,0,0,0,0,0,0,0,0,0,0,0,0.0,0.0,0.0,0.0,0,0.0,0.0,0.0,0.0,49,-173,2633,933,1106,0,0,0,0
Doucouré,MID,Crystal Palace,Fulham,0,3,218,24,10,0,False,2026-09-05T14:00:00Z,2,3,3,0,0,0,0,0,0,0,0,0,0,0,0,0,0.0,0.0,0.0,0.0,0,0.0,0.0,0.0,0.0,49,-336,6155,984,1320,0,0,0,0
J.Rak-Sakyi,MID,Crystal Palace,Fulham,0,3,219,24,10,0,False,2026-09-05T14:00:00Z,2,3,3,0,0,0,0,0,0,0,0,0,0,0,0,0,0.0,0.0,0.0,0.0,0,0.0,0.0,0.0,0.0,50,-60,553,51,111,0,0,0,0
Cardines,DEF,Crystal Palace,Fulham,0,3,220,24,10,0,False,2026-09-05T14:00:00Z,2,3,3,0,0,0,0,0,0,0,0,0,0,0,0,0,0.0,0.0,0.0,0.0,0,0.0,0.0,0.0,0.0,45,-39,151,0,39,0,0,0,0
Drakes-Thomas,MID,Crystal Palace,Fulham,0,3,221,24,10,0,False,2026-09-05T14:00:00Z,2,3,3,0,0,0,0,0,0,0,0,0,0,0,0,0,0.0,0.0,0.0,0.0,0,0.0,0.0,0.0,0.0,45,-252,8457,939,1191,0,0,0,0
Strand Larsen,FWD,Crystal Palace,Fulham,0,3,222,24,10,1,False,2026-09-05T14:00:00Z,2,3,3,45,0,0,0,0,0,0,0,0,0,0,0,4,2.4,0.8,0.0,0.3,0,0.0,0.0,0.0,1.54,60,-981,51335,7524,8505,0,3,1,4
Mateta,FWD,Crystal Palace,Fulham,0,3,223,24,10,0,False,2026-09-05T14:00:00Z,2,3,3,0,0,0,0,0,0,0,0,0,0,0,0,0,0.0,0.0,0.0,0.0,0,0.0,0.0,0.0,0.0,64,-269301,236661,1227,270528,0,0,0,0
Nketiah,FWD,Crystal Palace,Fulham,0,3,224,24,10,4,False,2026-09-05T14:00:00Z,2,3,3,45,0,1,0,2,0,0,0,0,0,0,0,16,21.2,10.7,19.0,5.1,1,0.14,0.0,0.14,1.6,55,3590,55843,11874,8284,1,1,0,2
Uche,FWD,Crystal Palace,Fulham,0,3,225,24,10,0,False,2026-09-05T14:00:00Z,2,3,3,0,0,0,0,0,0,0,0,0,0,0,0,0,0.0,0.0,0.0,0.0,0,0.0,0.0,0.0,0.0,50,0,0,0,0,0,0,0,0
Pickford,GK,Everton,Man Utd,0,3,226,30,16,1,True,2026-09-06T13:00:00Z,2,2,3,90,0,0,0,2,0,0,0,0,0,1,0,6,9.2,0.0,0.0,0.9,1,0.0,0.0,0.0,0.69,55,-25446,890933,56478,81924,0,12,0,0
Travers,GK,Everton,Man Utd,0,3,227,30,16,0,True,2026-09-06T13:00:00Z,2,2,3,0,0,0,0,0,0,0,0,0,0,0,0,0,0.0,0.0,0.0,0.0,0,0.0,0.0,0.0,0.0,50,-276,3563,282,558,0,0,0,0
King,GK,Everton,Man Utd,0,3,228,30,16,0,True,2026-09-06T13:00:00Z,2,2,3,0,0,0,0,0,0,0,0,0,0,0,0,0,0.0,0.0,0.0,0.0,0,0.0,0.0,0.0,0.0,45,-211,4408,303,514,0,0,0,0
Tarkowski,DEF,Everton,Man Utd,0,3,229,30,16,3,True,2026-09-06T13:00:00Z,2,2,3,90,0,0,0,2,0,0,0,0,0,0,0,11,24.4,1.0,6.0,3.1,1,0.02,0.01,0.03,0.69,60,126081,1115834,211638,85557,3,3,9,12
Branthwaite,DEF,Everton,Man Utd,0,3,230,30,16,3,True,2026-09-06T13:00:00Z,2,2,3,90,0,0,0,2,0,0,0,0,0,0,0,10,41.6,0.6,34.0,7.6,1,0.08,0.0,0.08,0.69,55,-5884,182675,15501,21385,1,4,10,11
Keane,DEF,Everton,Man Utd,0,3,231,30,16,0,True,2026-09-06T13:00:00Z,2,2,3,0,0,0,0,0,0,0,0,0,0,0,0,0,0.0,0.0,0.0,0.0,0,0.0,0.0,0.0,0.0,49,-30710,105416,2294,33004,0,0,0,0
O'Brien,DEF,Everton,Man Utd,0,3,232,30,16,0,True,2026-09-06T13:00:00Z,2,2,3,0,0,0,0,0,0,0,0,0,0,0,0,0,0.0,0.0,0.0,0.0,0,0.0,0.0,0.0,0.0,49,-7511,35192,929,8440,0,0,0,0
Mykolenko,DEF,Everton,Man Utd,0,3,233,30,16,1,True,2026-09-06T13:00:00Z,2,2,3,90,0,0,0,2,0,0,0,0,0,0,0,8,12.8,2.5,0.0,1.5,1,0.0,0.01,0.01,0.69,45,13864,178705,40120,26256,3,4,3,6
Patterson,DEF,Everton,Man Utd,0,3,234,30,16,0,True,2026-09-06T13:00:00Z,2,2,3,0,0,0,0,0,0,0,0,0,0,0,0,0,0.0,0.0,0.0,0.0,0,0.0,0.0,0.0,0.0,45,-715,2692,164,879,0,0,0,0
Aznou,DEF,Everton,Man Utd,0,3,235,30,16,0,True,2026-09-06T13:00:00Z,2,2,3,0,0,0,0,0,0,0,0,0,0,0,0,0,0.0,0.0,0.0,0.0,0,0.0,0.0,0.0,0.0,40,-3462,14764,719,4181,0,0,0,0
Dewsbury-Hall,MID,Everton,Man Utd,0,3,236,30,16,2,True,2026-09-06T13:00:00Z,2,2,3,90,0,0,0,2,0,0,0,0,0,0,0,20,24.0,30.0,33.0,8.7,1,0.27,0.07,0.34,0.69,65,-32072,440536,60861,92933,4,5,2,11
Ndiaye,MID,Man City,Coventry City,0,3,237,26,7,3,True,2026-09-05T14:00:00Z,1,0,3,86,0,0,1,0,0,0,0,0,0,0,0,12,7.0,17.9,10.0,3.5,1,0.02,0.04,0.06,1.35,60,-391471,1152171,81681,473152,2,2,1,5
Grealish,MID,Everton,Man Utd,0,3,238,30,16,1,True,2026-09-06T13:00:00Z,2,2,3,24,0,0,0,1,0,0,0,0,0,0,0,8,6.0,12.3,10.0,2.8,0,0.02,0.13,0.15,0.31,65,3989,28839,9521,5532,1,0,0,1
Garner,MID,Everton,Man Utd,0,3,239,30,16,2,True,2026-09-06T13:00:00Z,2,2,3,76,0,0,0,1,0,0,0,0,0,0,0,19,9.6,31.1,0.0,4.1,1,0.0,0.08,0.08,0.4,60,-336,14095,2988,3324,1,5,2,8
Iroegbunam,MID,Hull City,Aston Villa,0,3,240,25,2,0,True,2026-09-05T16:30:00Z,0,0,3,0,0,0,0,0,0,0,0,0,0,0,0,0,0.0,0.0,0.0,0.0,0,0.0,0.0,0.0,0.0,50,122,1385,309,187,0,0,0,0
McNeil,MID,Crystal Palace,Fulham,0,3,241,24,10,0,False,2026-09-05T14:00:00Z,2,3,3,0,0,0,0,0,0,0,0,0,0,0,0,0,0.0,0.0,0.0,0.0,0,0.0,0.0,0.0,0.0,55,-1942,14863,540,2482,0,0,0,0
George,MID,Everton,Man Utd,0,3,242,30,16,10,True,2026-09-06T13:00:00Z,2,2,3,90,1,0,0,2,0,0,0,0,0,0,3,35,44.2,34.4,25.0,10.4,1,0.04,0.07,0.11,0.69,55,-3040,25310,1760,4800,0,3,1,4
Alcaraz,MID,Everton,Man Utd,0,3,243,30,16,0,True,2026-09-06T13:00:00Z,2,2,3,0,0,0,0,0,0,0,0,0,0,0,0,0,0.0,0.0,0.0,0.0,0,0.0,0.0,0.0,0.0,50,-1124,8638,815,1939,0,0,0,0
Armstrong,MID,Everton,Man Utd,0,3,244,30,16,1,True,2026-09-06T13:00:00Z,2,2,3,90,0,0,0,2,0,0,0,1,0,0,0,5,5.2,6.7,9.0,2.1,1,0.09,0.03,0.12,0.69,50,12190,41659,21368,9178,1,1,3,5
Dibling,MID,Everton,Man Utd,0,3,245,30,16,0,True,2026-09-06T13:00:00Z,2,2,3,0,0,0,0,0,0,0,0,0,0,0,0,0,0.0,0.0,0.0,0.0,0,0.0,0.0,0.0,0.0,54,-512,3219,356,868,0,0,0,0
Röhl,MID,Everton,Man Utd,0,3,246,30,16,1,True,2026-09-06T13:00:00Z,2,2,3,74,0,0,0,1,0,0,0,1,0,0,0,10,4.4,16.8,0.0,2.1,1,0.0,0.13,0.13,0.4,50,-587,5345,580,1167,0,4,2,6
Hackney,MID,Everton,Man Utd,0,3,247,30,16,4,True,2026-09-06T13:00:00Z,2,2,3,15,0,1,0,1,0,0,0,0,0,0,0,14,20.6,25.5,10.0,5.6,0,0.04,0.09,0.13,0.29,55,-3215,21598,499,3714,1,0,0,1
Beto,FWD,Everton,Man Utd,0,3,248,30,16,0,True,2026-09-06T13:00:00Z,2,2,3,0,0,0,0,0,0,0,0,0,0,0,0,0,0.0,0.0,0.0,0.0,0,0.0,0.0,0.0,0.0,54,-73618,153951,8513,82131,0,0,0,0
Barry,FWD,Everton,Man Utd,0,3,249,30,16,2,True,2026-09-06T13:00:00Z,2,2,3,90,0,0,0,2,0,0,0,0,0,0,0,7,0.2,15.0,24.0,3.9,1,0.38,0.02,0.4,0.69,55,104566,501671,195909,91343,0,4,0,4
Leno,GK,Fulham,Crystal Palace,0,3,250,24,8,1,True,2026-09-05T14:00:00Z,2,3,3,90,0,0,0,3,0,0,0,0,0,2,0,8,18.8,0.0,0.0,1.9,1,0.0,0.0,0.0,1.97,45,14483,339301,41560,27077,0,8,0,0
Lecomte,GK,Fulham,Crystal Palace,0,3,251,24,8,0,True,2026-09-05T14:00:00Z,2,3,3,0,0,0,0,0,0,0,0,0,0,0,0,0,0.0,0.0,0.0,0.0,0,0.0,0.0,0.0,0.0,40,1599,123475,9450,7851,0,0,0,0
McNally,GK,Fulham,Crystal Palace,0,3,252,24,8,0,True,2026-09-05T14:00:00Z,2,3,3,0,0,0,0,0,0,0,0,0,0,0,0,0,0.0,0.0,0.0,0.0,0,0.0,0.0,0.0,0.0,40,-805,15288,1784,2589,0,0,0,0
Andersen,DEF,Fulham,Crystal Palace,0,3,253,24,8,1,True,2026-09-05T14:00:00Z,2,3,3,90,0,0,0,3,0,0,0,0,0,0,0,8,24.4,22.9,6.0,5.3,1,0.0,0.06,0.06,1.97,50,3704,15474,5842,2138,2,7,5,7
Robinson,DEF,Fulham,Crystal Palace,0,3,254,24,8,1,True,2026-09-05T14:00:00Z,2,3,3,78,0,0,0,3,0,0,0,0,0,0,0,7,14.6,24.8,9.0,4.8,1,0.08,0.1,0.18,1.97,45,-2176,173615,15006,17182,2,5,3,5
J.Cuenca,DEF,Fulham,Crystal Palace,0,3,255,24,8,0,True,2026-09-05T14:00:00Z,2,3,3,0,0,0,0,0,0,0,0,0,0,0,0,0,0.0,0.0,0.0,0.0,0,0.0,0.0,0.0,0.0,45,-183,3459,506,689,0,0,0,0
Tete,DEF,Fulham,Crystal Palace,0,3,256,24,8,0,True,2026-09-05T14:00:00Z,2,3,3,0,0,0,0,0,0,0,0,0,0,0,0,0,0.0,0.0,0.0,0.0,0,0.0,0.0,0.0,0.0,45,-2586,23617,430,3016,0,0,0,0
Bassey,DEF,Fulham,Crystal Palace,0,3,257,24,8,1,True,2026-09-05T14:00:00Z,2,3,3,90,0,0,0,3,0,0,0,0,0,0,0,2,13.8,6.4,0.0,2.0,1,0.0,0.04,0.04,1.97,45,224,79648,8199,7975,1,2,1,2
Castagne,DEF,Fulham,Crystal Palace,0,3,258,24,8,1,True,2026-09-05T14:00:00Z,2,3,3,90,0,0,0,3,0,0,0,0,0,0,0,-1,20.6,24.1,30.0,7.5,1,0.58,0.19,0.77,1.97,45,33375,105919,44214,10839,2,5,5,7
Diop,DEF,Ipswich Town,Liverpool,0,3,259,21,14,3,True,2026-09-04T19:00:00Z,0,2,3,90,0,0,0,2,0,0,0,0,0,0,0,10,27.2,10.8,0.0,3.8,1,0.0,0.01,0.01,0.69,40,-81636,1603991,43514,125150,2,2,9,11
Wilson,MID,Leeds,Brighton,0,3,260,23,5,0,False,2026-09-05T14:00:00Z,1,1,3,17,0,0,0,0,0,0,0,1,0,0,0,0,1.4,20.3,2.0,2.4,0,0.0,0.0,0.0,1.32,64,-148278,401861,7327,155605,0,1,0,1
Iwobi,MID,Fulham,Crystal Palace,0,3,261,24,8,2,True,2026-09-05T14:00:00Z,2,3,3,82,0,0,0,3,0,0,0,0,0,0,0,15,7.6,23.7,11.0,4.2,1,0.04,0.26,0.3,1.97,55,-9517,88922,7354,16871,1,3,0,4
Smith Rowe,MID,Fulham,Crystal Palace,0,3,262,24,8,1,True,2026-09-05T14:00:00Z,2,3,3,11,0,0,0,0,0,0,0,0,0,0,0,3,0.2,0.5,2.0,0.3,0,0.0,0.0,0.0,0.0,55,-5101,32334,1425,6526,0,0,0,0
Kevin,MID,Fulham,Crystal Palace,0,3,263,24,8,0,True,2026-09-05T14:00:00Z,2,3,3,0,0,0,0,0,0,0,0,0,0,0,0,0,0.0,0.0,0.0,0.0,0,0.0,0.0,0.0,0.0,54,-789,4945,553,1342,0,0,0,0
Bobb,MID,Fulham,Crystal Palace,0,3,264,24,8,2,True,2026-09-05T14:00:00Z,2,3,3,78,0,0,0,3,0,0,0,0,0,0,0,17,11.2,58.8,53.0,12.3,1,0.32,0.65,0.97,1.97,55,-1360,34364,4635,5995,0,4,0,4
Berge,MID,Fulham,Crystal Palace,0,3,265,24,8,1,True,2026-09-05T14:00:00Z,2,3,3,29,0,0,0,1,0,0,0,0,0,0,0,9,3.2,2.9,0.0,0.6,0,0.0,0.1,0.1,0.84,50,-3309,36133,1875,5184,0,2,0,2
Cairney,MID,Fulham,Crystal Palace,0,3,266,24,8,0,True,2026-09-05T14:00:00Z,2,3,3,0,0,0,0,0,0,0,0,0,0,0,0,0,0.0,0.0,0.0,0.0,0,0.0,0.0,0.0,0.0,50,-58,335,24,82,0,0,0,0
Lukić,MID,Ipswich Town,Liverpool,0,3,267,21,14,2,True,2026-09-04T19:00:00Z,0,2,3,90,0,0,0,2,0,0,0,0,0,0,0,13,10.4,14.2,0.0,2.5,1,0.0,0.02,0.02,0.69,50,-997,11933,809,1806,1,2,1,4
King,MID,Fulham,Crystal Palace,0,3,268,24,8,10,True,2026-09-05T14:00:00Z,2,3,3,90,1,0,0,3,0,0,0,0,0,0,3,38,44.6,26.0,34.0,10.5,1,0.31,0.27,0.58,1.97,55,9662,76528,23134,13472,1,5,1,7
Sessegnon,DEF,Fulham,Crystal Palace,0,3,269,24,8,1,True,2026-09-05T14:00:00Z,2,3,3,11,0,0,0,0,0,0,0,0,0,0,0,3,2.0,14.8,4.0,2.1,0,0.08,0.32,0.4,0.0,45,-3956,37980,887,4843,0,1,1,1
Reed,MID,Fulham,Crystal Palace,0,3,270,24,8,0,True,2026-09-05T14:00:00Z,2,3,3,0,0,0,0,0,0,0,0,0,0,0,0,0,0.0,0.0,0.0,0.0,0,0.0,0.0,0.0,0.0,45,-11001,132811,8075,19076,0,0,0,0
Muniz,FWD,Fulham,Crystal Palace,0,3,271,24,8,1,True,2026-09-05T14:00:00Z,2,3,3,7,0,0,0,0,0,0,0,0,0,0,0,5,3.2,10.1,27.0,4.0,0,0.38,0.0,0.38,0.0,55,-6919,49384,4409,11328,0,0,0,0
Kusi-Asare,FWD,Fulham,Crystal Palace,0,3,272,24,8,0,True,2026-09-05T14:00:00Z,2,3,3,0,0,0,0,0,0,0,0,0,0,0,0,0,0.0,0.0,0.0,0.0,0,0.0,0.0,0.0,0.0,45,-11359,689011,60586,71945,0,0,0,0
Phillips,GK,Hull City,Aston Villa,0,3,273,25,2,0,True,2026-09-05T16:30:00Z,0,0,3,0,0,0,0,0,0,0,0,0,0,0,0,0,0.0,0.0,0.0,0.0,0,0.0,0.0,0.0,0.0,40,-1922,154754,9318,11240,0,0,0,0
Butland,GK,Hull City,Aston Villa,0,3,274,25,2,0,True,2026-09-05T16:30:00Z,0,0,3,0,0,0,0,0,0,0,0,0,0,0,0,0,0.0,0.0,0.0,0.0,0,0.0,0.0,0.0,0.0,45,-1301,8463,166,1467,0,0,0,0
Cartwright,GK,Hull City,Aston Villa,0,3,275,25,2,0,True,2026-09-05T16:30:00Z,0,0,3,0,0,0,0,0,0,0,0,0,0,0,0,0,0.0,0.0,0.0,0.0,0,0.0,0.0,0.0,0.0,40,-83,816,0,83,0,0,0,0
Lo-Tutala,GK,Hull City,Aston Villa,0,3,276,25,2,0,True,2026-09-05T16:30:00Z,0,0,3,0,0,0,0,0,0,0,0,0,0,0,0,0,0.0,0.0,0.0,0.0,0,0.0,0.0,0.0,0.0,40,-272,2831,0,272,0,0,0,0
Egan,DEF,Hull City,Aston Villa,0,3,277,25,2,6,True,2026-09-05T16:30:00Z,0,0,3,90,0,0,1,0,0,0,0,0,0,0,0,18,15.4,0.1,0.0,1.6,1,0.0,0.0,0.0,1.93,40,278040,623541,335706,57666,3,1,4,7
Hughes,DEF,Hull City,Aston Villa,0,3,278,25,2,0,True,2026-09-05T16:30:00Z,0,0,3,0,0,0,0,0,0,0,0,0,0,0,0,0,0.0,0.0,0.0,0.0,0,0.0,0.0,0.0,0.0,40,-1682,9038,138,1820,0,0,0,0
Ajayi,DEF,Hull City,Aston Villa,0,3,279,25,2,5,True,2026-09-05T16:30:00Z,0,0,3,90,0,0,1,0,0,0,0,1,0,0,0,17,11.0,0.7,0.0,1.2,1,0.0,0.0,0.0,1.93,41,562671,1055220,631920,69249,1,1,5,6
Coyle,DEF,Hull City,Aston Villa,0,3,280,25,2,6,True,2026-09-05T16:30:00Z,0,0,3,63,0,0,1,0,0,0,0,0,0,0,0,19,1.4,4.6,0.0,0.6,1,0.0,0.01,0.01,1.81,40,-8654,54378,1532,10186,0,0,0,0
Drameh,DEF,Hull City,Aston Villa,0,3,281,25,2,0,True,2026-09-05T16:30:00Z,0,0,3,0,0,0,0,0,0,0,0,0,0,0,0,0,0.0,0.0,0.0,0.0,0,0.0,0.0,0.0,0.0,40,-663,6824,1010,1673,0,0,0,0
Giles,DEF,Hull City,Aston Villa,0,3,282,25,2,8,True,2026-09-05T16:30:00Z,0,0,3,90,0,0,1,0,0,0,0,0,0,0,2,30,14.8,26.4,0.0,4.1,1,0.0,0.04,0.04,1.93,40,18469,123114,26812,8343,1,5,3,4
Jacob,DEF,Hull City,Aston Villa,0,3,283,25,2,0,True,2026-09-05T16:30:00Z,0,0,3,0,0,0,0,0,0,0,0,0,0,0,0,0,0.0,0.0,0.0,0.0,0,0.0,0.0,0.0,0.0,40,-153,1068,57,210,0,0,0,0
McCarthy,DEF,Hull City,Aston Villa,0,3,284,25,2,0,True,2026-09-05T16:30:00Z,0,0,3,0,0,0,0,0,0,0,0,0,0,0,0,0,0.0,0.0,0.0,0.0,0,0.0,0.0,0.0,0.0,40,295,9409,1507,1212,0,0,0,0
McNair,DEF,Hull City,Aston Villa,0,3,285,25,2,0,True,2026-09-05T16:30:00Z,0,0,3,0,0,0,0,0,0,0,0,0,0,0,0,0,0.0,0.0,0.0,0.0,0,0.0,0.0,0.0,0.0,40,-491,13231,1008,1499,0,0,0,0
Belloumi,MID,Hull City,Aston Villa,0,3,286,25,2,5,True,2026-09-05T16:30:00Z,0,0,3,81,0,0,1,0,0,0,0,0,0,0,0,15,22.8,12.4,10.0,4.5,1,0.03,0.01,0.04,1.93,50,16123,88726,26562,10439,3,1,8,12
Millar,MID,Hull City,Aston Villa,0,3,287,25,2,0,True,2026-09-05T16:30:00Z,0,0,3,0,0,0,0,0,0,0,0,0,0,0,0,0,0.0,0.0,0.0,0.0,0,0.0,0.0,0.0,0.0,50,140,6931,2873,2733,0,0,0,0
Dowell,MID,Hull City,Aston Villa,0,3,288,25,2,0,True,2026-09-05T16:30:00Z,0,0,3,0,0,0,0,0,0,0,0,0,0,0,0,0,0.0,0.0,0.0,0.0,0,0.0,0.0,0.0,0.0,45,-165,37923,5767,5932,0,0,0,0
Crooks,MID,Hull City,Aston Villa,0,3,289,25,2,0,True,2026-09-05T16:30:00Z,0,0,3,0,0,0,0,0,0,0,0,0,0,0,0,0,0.0,0.0,0.0,0.0,0,0.0,0.0,0.0,0.0,45,-12365,57596,2885,15250,0,0,0,0
Slater,MID,Hull City,Aston Villa,0,3,290,25,2,3,True,2026-09-05T16:30:00Z,0,0,3,90,0,0,1,0,0,0,0,0,0,0,0,10,10.6,12.3,8.0,3.1,1,0.04,0.01,0.05,1.93,45,91326,523606,157568,66242,1,2,3,6
Matazo,MID,Hull City,Aston Villa,0,3,291,25,2,0,True,2026-09-05T16:30:00Z,0,0,3,0,0,0,0,0,0,0,0,0,0,0,0,0,0.0,0.0,0.0,0.0,0,0.0,0.0,0.0,0.0,45,-33,637,103,136,0,0,0,0
Ömür,MID,Hull City,Aston Villa,0,3,292,25,2,0,True,2026-09-05T16:30:00Z,0,0,3,0,0,0,0,0,0,0,0,0,0,0,0,0,0.0,0.0,0.0,0.0,0,0.0,0.0,0.0,0.0,49,-131,1697,323,454,0,0,0,0
Kamara,MID,Hull City,Aston Villa,0,3,293,25,2,0,True,2026-09-05T16:30:00Z,0,0,3,0,0,0,0,0,0,0,0,0,0,0,0,0,0.0,0.0,0.0,0.0,0,0.0,0.0,0.0,0.0,50,-96,258,0,96,0,0,0,0
Zambrano,MID,Hull City,Aston Villa,0,3,294,25,2,0,True,2026-09-05T16:30:00Z,0,0,3,0,0,0,0,0,0,0,0,0,0,0,0,0,0.0,0.0,0.0,0.0,0,0.0,0.0,0.0,0.0,45,-1263,9216,645,1908,0,0,0,0
McBurnie,FWD,Hull City,Aston Villa,0,3,295,25,2,2,True,2026-09-05T16:30:00Z,0,0,3,90,0,0,1,0,0,0,0,0,0,0,0,2,2.6,11.3,15.0,2.9,1,0.38,0.05,0.43,1.93,55,-9368,211366,40632,50000,2,0,1,3
Akintola,MID,Hull City,Aston Villa,0,3,296,25,2,0,True,2026-09-05T16:30:00Z,0,0,3,0,0,0,0,0,0,0,0,0,0,0,0,0,0.0,0.0,0.0,0.0,0,0.0,0.0,0.0,0.0,50,-67,4439,1268,1335,0,0,0,0
Gyabi,MID,Hull City,Aston Villa,0,3,297,25,2,0,True,2026-09-05T16:30:00Z,0,0,3,0,0,0,0,0,0,0,0,0,0,0,0,0,0.0,0.0,0.0,0.0,0,0.0,0.0,0.0,0.0,45,-302,2158,141,443,0,0,0,0
Destan,FWD,Hull City,Aston Villa,0,3,298,25,2,0,True,2026-09-05T16:30:00Z,0,0,3,0,0,0,0,0,0,0,0,0,0,0,0,0,0.0,0.0,0.0,0.0,0,0.0,0.0,0.0,0.0,45,-5574,26020,0,5574,0,0,0,0
Burstow,FWD,Hull City,Aston Villa,0,3,299,25,2,0,True,2026-09-05T16:30:00Z,0,0,3,0,0,0,0,0,0,0,0,0,0,0,0,0,0.0,0.0,0.0,0.0,0,0.0,0.0,0.0,0.0,45,-778,4321,0,778,0,0,0,0
Walton,GK,Ipswich Town,Liverpool,0,3,300,21,14,0,True,2026-09-04T19:00:00Z,0,2,3,0,0,0,0,0,0,0,0,0,0,0,0,0,0.0,0.0,0.0,0.0,0,0.0,0.0,0.0,0.0,45,-4114,44862,350,4464,0,0,0,0
Palmer,GK,Ipswich Town,Liverpool,0,3,301,21,14,0,True,2026-09-04T19:00:00Z,0,2,3,0,0,0,0,0,0,0,0,0,0,0,0,0,0.0,0.0,0.0,0.0,0,0.0,0.0,0.0,0.0,40,-1187,452044,29680,30867,0,0,0,0
Button,GK,Ipswich Town,Liverpool,0,3,302,21,14,0,True,2026-09-04T19:00:00Z,0,2,3,0,0,0,0,0,0,0,0,0,0,0,0,0,0.0,0.0,0.0,0.0,0,0.0,0.0,0.0,0.0,40,3716,51311,7597,3881,0,0,0,0
Kipré,DEF,Ipswich Town,Liverpool,0,3,303,21,14,0,True,2026-09-04T19:00:00Z,0,2,3,0,0,0,0,0,0,0,0,0,0,0,0,0,0.0,0.0,0.0,0.0,0,0.0,0.0,0.0,0.0,40,-4792,56159,632,5424,0,0,0,0
O'Shea,DEF,Ipswich Town,Liverpool,0,3,304,21,14,3,True,2026-09-04T19:00:00Z,0,2,3,90,0,0,0,2,0,0,0,0,0,0,0,5,23.8,4.4,4.0,3.2,1,0.0,0.01,0.01,0.69,40,-15021,330000,22172,37193,3,3,8,11
Davis,DEF,Ipswich Town,Liverpool,0,3,305,21,14,1,True,2026-09-04T19:00:00Z,0,2,3,90,0,0,0,2,0,0,0,0,0,0,0,4,17.4,21.5,19.0,5.8,1,0.11,0.12,0.23,0.69,40,22917,540194,62873,39956,2,3,4,6
Greaves,DEF,Ipswich Town,Liverpool,0,3,306,21,14,1,True,2026-09-04T19:00:00Z,0,2,3,90,0,0,0,2,0,0,0,0,0,0,0,6,15.0,12.3,4.0,3.1,1,0.0,0.04,0.04,0.69,40,-8595,134162,2678,11273,1,3,6,7
Johnson,DEF,Ipswich Town,Liverpool,0,3,307,21,14,0,True,2026-09-04T19:00:00Z,0,2,3,0,0,0,0,0,0,0,0,0,0,0,0,0,0.0,0.0,0.0,0.0,0,0.0,0.0,0.0,0.0,40,-658,10397,710,1368,0,0,0,0
Furlong,DEF,Ipswich Town,Liverpool,0,3,308,21,14,0,True,2026-09-04T19:00:00Z,0,2,3,0,0,0,0,0,0,0,0,0,0,0,0,0,0.0,0.0,0.0,0.0,0,0.0,0.0,0.0,0.0,40,-3936,55806,612,4548,0,0,0,0
Núñez,MID,Ipswich Town,Liverpool,0,3,309,21,14,0,True,2026-09-04T19:00:00Z,0,2,3,0,0,0,0,0,0,0,0,0,0,0,0,0,0.0,0.0,0.0,0.0,0,0.0,0.0,0.0,0.0,50,-879,13914,1106,1985,0,0,0,0
Matusiwa,MID,Ipswich Town,Liverpool,0,3,310,21,14,0,True,2026-09-04T19:00:00Z,0,2,3,0,0,0,0,0,0,0,0,0,0,0,0,0,0.0,0.0,0.0,0.0,0,0.0,0.0,0.0,0.0,50,-55,278,12,67,0,0,0,0
Burns,MID,Ipswich Town,Liverpool,0,3,311,21,14,0,True,2026-09-04T19:00:00Z,0,2,3,0,0,0,0,0,0,0,0,0,0,0,0,0,0.0,0.0,0.0,0.0,0,0.0,0.0,0.0,0.0,50,-88,278,0,88,0,0,0,0
Taylor,MID,Ipswich Town,Liverpool,0,3,312,21,14,0,True,2026-09-04T19:00:00Z,0,2,3,0,0,0,0,0,0,0,0,0,0,0,0,0,0.0,0.0,0.0,0.0,0,0.0,0.0,0.0,0.0,45,-505,3500,190,695,0,0,0,0
Clarke,MID,Ipswich Town,Liverpool,0,3,313,21,14,1,True,2026-09-04T19:00:00Z,0,2,3,24,0,0,0,0,0,0,0,0,0,0,0,3,3.4,11.7,4.0,1.9,0,0.05,0.02,0.07,0.06,55,-4559,24744,1167,5726,0,1,1,2
Ogbene,MID,Ipswich Town,Liverpool,0,3,314,21,14,0,True,2026-09-04T19:00:00Z,0,2,3,0,0,0,0,0,0,0,0,0,0,0,0,0,0.0,0.0,0.0,0.0,0,0.0,0.0,0.0,0.0,49,-351,1159,67,418,0,0,0,0
Fatawu,MID,Ipswich Town,Liverpool,0,3,315,21,14,2,True,2026-09-04T19:00:00Z,0,2,3,78,0,0,0,2,0,0,0,0,0,0,0,14,10.2,32.9,4.0,4.7,1,0.03,0.15,0.18,0.69,55,-849,21660,2126,2975,2,2,2,6
Emersonn,FWD,Ipswich Town,Liverpool,0,3,316,21,14,2,True,2026-09-04T19:00:00Z,0,2,3,65,0,0,0,2,0,0,0,0,0,0,0,8,3.2,0.0,8.0,1.1,1,0.22,0.0,0.22,0.62,55,-30504,167319,20740,51244,1,1,1,3
Hirst,FWD,Ipswich Town,Liverpool,0,3,317,21,14,0,True,2026-09-04T19:00:00Z,0,2,3,0,0,0,0,0,0,0,0,0,0,0,0,0,0.0,0.0,0.0,0.0,0,0.0,0.0,0.0,0.0,50,-4365,11907,0,4365,0,0,0,0
Philogene,MID,Ipswich Town,Liverpool,0,3,318,21,14,0,True,2026-09-04T19:00:00Z,0,2,3,0,0,0,0,0,0,0,0,0,0,0,0,0,0.0,0.0,0.0,0.0,0,0.0,0.0,0.0,0.0,54,-3409,9209,41,3450,0,0,0,0
Szmodics,MID,Ipswich Town,Liverpool,0,3,319,21,14,0,True,2026-09-04T19:00:00Z,0,2,3,0,0,0,0,0,0,0,0,0,0,0,0,0,0.0,0.0,0.0,0.0,0,0.0,0.0,0.0,0.0,50,-191,427,0,191,0,0,0,0
Akpom,FWD,Ipswich Town,Liverpool,0,3,320,21,14,0,True,2026-09-04T19:00:00Z,0,2,3,0,0,0,0,0,0,0,0,0,0,0,0,0,0.0,0.0,0.0,0.0,0,0.0,0.0,0.0,0.0,50,45434,114005,62654,17220,0,0,0,0
Walle Egeli,FWD,Ipswich Town,Liverpool,0,3,321,21,14,0,True,2026-09-04T19:00:00Z,0,2,3,0,0,0,0,0,0,0,0,0,0,0,0,0,0.0,0.0,0.0,0.0,0,0.0,0.0,0.0,0.0,45,73544,367243,127698,54154,0,0,0,0
Al-Hamadi,FWD,Ipswich Town,Liverpool,0,3,322,21,14,0,True,2026-09-04T19:00:00Z,0,2,3,0,0,0,0,0,0,0,0,0,0,0,0,0,0.0,0.0,0.0,0.0,0,0.0,0.0,0.0,0.0,50,-3877,8170,0,3877,0,0,0,0
McAteer,MID,Ipswich Town,Liverpool,0,3,323,21,14,1,True,2026-09-04T19:00:00Z,0,2,3,11,0,0,0,0,0,0,0,0,0,0,0,5,3.2,0.5,7.0,1.1,0,0.05,0.0,0.05,0.0,45,-4340,133131,11626,15966,0,1,0,1
Mehmeti,MID,Ipswich Town,Liverpool,0,3,324,21,14,0,True,2026-09-04T19:00:00Z,0,2,3,0,0,0,0,0,0,0,0,0,0,0,0,0,0.0,0.0,0.0,0.0,0,0.0,0.0,0.0,0.0,49,-648,4120,109,757,0,0,0,0
Darlow,GK,Man Utd,Everton,0,3,325,30,9,0,False,2026-09-06T13:00:00Z,2,2,3,0,0,0,0,0,0,0,0,0,0,0,0,0,0.0,0.0,0.0,0.0,0,0.0,0.0,0.0,0.0,45,-122,4184,340,462,0,0,0,0
Perri,GK,Leeds,Brighton,0,3,326,23,5,0,False,2026-09-05T14:00:00Z,1,1,3,0,0,0,0,0,0,0,0,0,0,0,0,0,0.0,0.0,0.0,0.0,0,0.0,0.0,0.0,0.0,45,-9253,45033,204,9457,0,0,0,0
Bijol,DEF,Leeds,Brighton,0,3,327,23,5,1,False,2026-09-05T14:00:00Z,1,1,3,29,0,0,0,1,0,0,0,0,0,0,0,1,6.2,0.0,0.0,0.6,0,0.0,0.0,0.0,1.95,50,-2619,95603,14908,17527,2,0,2,4
Struijk,DEF,Brighton,Leeds,0,3,328,23,13,1,True,2026-09-05T14:00:00Z,1,1,3,1,0,0,0,0,0,0,0,0,0,0,0,3,0.2,0.1,0.0,0.0,0,0.0,0.0,0.0,0.0,50,-2128,21218,1548,3676,0,0,0,0
Rodon,DEF,Leeds,Brighton,0,3,329,23,5,0,False,2026-09-05T14:00:00Z,1,1,3,0,0,0,0,0,0,0,0,0,0,0,0,0,0.0,0.0,0.0,0.0,0,0.0,0.0,0.0,0.0,45,-122557,220934,5070,127627,0,0,0,0
Bogle,DEF,Leeds,Brighton,0,3,330,23,5,14,False,2026-09-05T14:00:00Z,1,1,3,60,1,0,1,0,0,0,0,1,0,0,3,30,35.4,1.7,33.0,7.0,1,0.9,0.02,0.92,0.24,45,-432,54984,5089,5521,0,0,2,2
Gudmundsson,DEF,Leeds,Brighton,0,3,331,23,5,2,False,2026-09-05T14:00:00Z,1,1,3,90,0,0,0,1,0,0,0,0,0,0,0,9,12.6,1.2,2.0,1.6,1,0.0,0.0,0.0,2.19,45,253,4932,644,391,3,9,2,5
Justin,DEF,Leeds,Brighton,0,3,332,23,5,4,False,2026-09-05T14:00:00Z,1,1,3,90,0,0,0,1,0,0,0,0,0,0,0,9,16.8,1.5,21.0,3.9,1,0.14,0.0,0.14,2.19,45,14204,150950,35632,21428,3,4,7,10
Bornauw,DEF,Leeds,Brighton,0,3,333,23,5,0,False,2026-09-05T14:00:00Z,1,1,3,0,0,0,0,0,0,0,0,0,0,0,0,0,0.0,0.0,0.0,0.0,0,0.0,0.0,0.0,0.0,45,-63,276,0,63,0,0,0,0
Muharemović,DEF,Leeds,Brighton,0,3,334,23,5,4,False,2026-09-05T14:00:00Z,1,1,3,90,0,0,0,1,0,0,0,0,0,0,0,10,29.2,0.8,2.0,3.2,1,0.0,0.01,0.01,2.19,50,-2089,326555,40504,42593,1,2,12,13
Stach,MID,Leeds,Brighton,0,3,335,23,5,2,False,2026-09-05T14:00:00Z,1,1,3,90,0,0,0,1,0,0,0,0,0,0,0,7,15.4,16.5,19.0,5.1,1,0.32,0.1,0.42,2.19,60,12619,303711,62176,49557,2,2,2,6
Okafor,MID,Leeds,Brighton,0,3,336,23,5,3,False,2026-09-05T14:00:00Z,1,1,3,61,0,0,1,0,0,0,0,0,0,0,0,9,1.4,0.6,2.0,0.4,1,0.0,0.01,0.01,0.24,59,-8372,32691,2519,10891,0,0,0,0
Aaronson,MID,Leeds,Brighton,0,3,337,23,5,1,False,2026-09-05T14:00:00Z,1,1,3,28,0,0,0,1,0,0,0,0,0,0,0,5,0.0,1.0,0.0,0.1,0,0.0,0.0,0.0,1.95,55,-14068,70876,2026,16094,0,0,0,0
Ampadu,MID,Leeds,Brighton,0,3,338,23,5,2,False,2026-09-05T14:00:00Z,1,1,3,90,0,0,0,1,0,0,0,0,0,0,0,13,23.6,1.3,0.0,2.5,1,0.0,0.01,0.01,2.19,55,-15707,117203,3562,19269,4,1,6,11
Longstaff,MID,Leeds,Brighton,0,3,339,23,5,0,False,2026-09-05T14:00:00Z,1,1,3,0,0,0,0,0,0,0,0,0,0,0,0,0,0.0,0.0,0.0,0.0,0,0.0,0.0,0.0,0.0,50,-1965,10952,639,2604,0,0,0,0
Gelhardt,MID,Hull City,Aston Villa,0,3,340,25,2,0,True,2026-09-05T16:30:00Z,0,0,3,0,0,0,0,0,0,0,0,0,0,0,0,0,0.0,0.0,0.0,0.0,0,0.0,0.0,0.0,0.0,50,-124,1068,99,223,0,0,0,0
Gnonto,MID,Leeds,Brighton,0,3,341,23,5,0,False,2026-09-05T14:00:00Z,1,1,3,0,0,0,0,0,0,0,0,0,0,0,0,0,0.0,0.0,0.0,0.0,0,0.0,0.0,0.0,0.0,50,-222,1395,226,448,0,0,0,0
Harrison,MID,Leeds,Brighton,0,3,342,23,5,0,False,2026-09-05T14:00:00Z,1,1,3,0,0,0,0,0,0,0,0,0,0,0,0,0,0.0,0.0,0.0,0.0,0,0.0,0.0,0.0,0.0,50,-17,81,0,17,0,0,0,0
James,MID,Leeds,Brighton,0,3,343,23,5,0,False,2026-09-05T14:00:00Z,1,1,3,0,0,0,0,0,0,0,0,0,0,0,0,0,0.0,0.0,0.0,0.0,0,0.0,0.0,0.0,0.0,50,-692,11657,1599,2291,0,0,0,0
Gruev,MID,Leeds,Brighton,0,3,344,23,5,0,False,2026-09-05T14:00:00Z,1,1,3,0,0,0,0,0,0,0,0,0,0,0,0,0,0.0,0.0,0.0,0.0,0,0.0,0.0,0.0,0.0,50,-38,350,33,71,0,0,0,0
Tanaka,MID,Leeds,Brighton,0,3,345,23,5,5,False,2026-09-05T14:00:00Z,1,1,3,72,0,1,0,1,0,0,0,0,0,0,0,18,20.8,12.2,13.0,4.6,1,0.53,0.01,0.54,0.87,49,-1035,21765,3466,4501,2,3,3,8
Calvert-Lewin,FWD,Leeds,Brighton,0,3,346,23,5,1,False,2026-09-05T14:00:00Z,1,1,3,72,0,0,0,1,0,0,0,1,0,0,0,0,4.4,11.3,21.0,3.7,1,0.56,0.06,0.62,0.87,60,-144642,2612462,198586,343228,0,2,1,3
Nmecha,FWD,Leeds,Brighton,0,3,347,23,5,1,False,2026-09-05T14:00:00Z,1,1,3,17,0,0,0,0,0,0,0,0,0,0,0,2,0.0,1.8,9.0,0.9,0,0.17,0.14,0.31,1.32,55,-3112,50649,5427,8539,0,0,0,0
Piroe,FWD,Leeds,Brighton,0,3,348,23,5,0,False,2026-09-05T14:00:00Z,1,1,3,0,0,0,0,0,0,0,0,0,0,0,0,0,0.0,0.0,0.0,0.0,0,0.0,0.0,0.0,0.0,50,-2945,8831,0,2945,0,0,0,0
Mateo Joseph,FWD,Leeds,Brighton,0,3,349,23,5,0,False,2026-09-05T14:00:00Z,1,1,3,0,0,0,0,0,0,0,0,0,0,0,0,0,0.0,0.0,0.0,0.0,0,0.0,0.0,0.0,0.0,45,-135,5679,947,1082,0,0,0,0
A.Becker,GK,Liverpool,Ipswich Town,0,3,350,21,12,8,False,2026-09-04T19:00:00Z,0,2,3,90,0,0,1,0,0,0,0,0,0,5,1,35,30.4,0.0,0.0,3.0,1,0.0,0.0,0.0,0.75,55,-15469,402518,42521,57990,0,14,2,0
Mamardashvili,GK,Liverpool,Ipswich Town,0,3,351,21,12,0,False,2026-09-04T19:00:00Z,0,2,3,0,0,0,0,0,0,0,0,0,0,0,0,0,0.0,0.0,0.0,0.0,0,0.0,0.0,0.0,0.0,49,-1838,14432,1002,2840,0,0,0,0
Woodman,GK,Liverpool,Ipswich Town,0,3,352,21,12,0,False,2026-09-04T19:00:00Z,0,2,3,0,0,0,0,0,0,0,0,0,0,0,0,0,0.0,0.0,0.0,0.0,0,0.0,0.0,0.0,0.0,40,280,114962,8227,7947,0,0,0,0
Pecsi,GK,Liverpool,Ipswich Town,0,3,353,21,12,0,False,2026-09-04T19:00:00Z,0,2,3,0,0,0,0,0,0,0,0,0,0,0,0,0,0.0,0.0,0.0,0.0,0,0.0,0.0,0.0,0.0,40,-284,2180,0,284,0,0,0,0
Jaros,GK,Liverpool,Ipswich Town,0,3,354,21,12,0,False,2026-09-04T19:00:00Z,0,2,3,0,0,0,0,0,0,0,0,0,0,0,0,0,0.0,0.0,0.0,0.0,0,0.0,0.0,0.0,0.0,40,213,1744,549,336,0,0,0,0
Davies,GK,Liverpool,Ipswich Town,0,3,355,21,12,0,False,2026-09-04T19:00:00Z,0,2,3,0,0,0,0,0,0,0,0,0,0,0,0,0,0.0,0.0,0.0,0.0,0,0.0,0.0,0.0,0.0,40,578,16191,1717,1139,0,0,0,0
Virgil,DEF,Liverpool,Ipswich Town,0,3,356,21,12,6,False,2026-09-04T19:00:00Z,0,2,3,90,0,0,1,0,0,0,0,0,0,0,0,32,23.2,1.8,0.0,2.5,1,0.0,0.02,0.02,0.75,65,-205785,1837428,67650,273435,3,4,4,7
Frimpong,DEF,Liverpool,Ipswich Town,0,3,357,21,12,0,False,2026-09-04T19:00:00Z,0,2,3,0,0,0,0,0,0,0,0,0,0,0,0,0,0.0,0.0,0.0,0.0,0,0.0,0.0,0.0,0.0,55,-45306,309643,25094,70400,0,0,0,0
Kerkez,DEF,Liverpool,Ipswich Town,0,3,358,21,12,5,False,2026-09-04T19:00:00Z,0,2,3,90,0,0,1,0,0,0,0,1,0,0,0,23,13.8,11.3,0.0,2.5,1,0.0,0.03,0.03,0.75,55,-51052,302995,13999,65051,2,1,3,5
Gomez,DEF,Liverpool,Ipswich Town,0,3,359,21,12,0,False,2026-09-04T19:00:00Z,0,2,3,0,0,0,0,0,0,0,0,0,0,0,0,0,0.0,0.0,0.0,0.0,0,0.0,0.0,0.0,0.0,50,-255,1465,70,325,0,0,0,0
Bradley,DEF,Liverpool,Ipswich Town,0,3,360,21,12,0,False,2026-09-04T19:00:00Z,0,2,3,0,0,0,0,0,0,0,0,0,0,0,0,0,0.0,0.0,0.0,0.0,0,0.0,0.0,0.0,0.0,50,-104,1036,114,218,0,0,0,0
Lucky,DEF,Liverpool,Ipswich Town,0,3,361,21,12,0,False,2026-09-04T19:00:00Z,0,2,3,0,0,0,0,0,0,0,0,0,0,0,0,0,0.0,0.0,0.0,0.0,0,0.0,0.0,0.0,0.0,40,-8,13766,1420,1428,0,0,0,0
Jacquet,DEF,Liverpool,Ipswich Town,0,3,362,21,12,5,False,2026-09-04T19:00:00Z,0,2,3,90,0,0,1,0,0,0,0,1,0,0,0,28,22.8,12.5,2.0,3.7,1,0.0,0.03,0.03,0.75,50,16306,277052,56823,40517,3,3,6,9
Leoni,DEF,Liverpool,Ipswich Town,0,3,363,21,12,0,False,2026-09-04T19:00:00Z,0,2,3,0,0,0,0,0,0,0,0,0,0,0,0,0,0.0,0.0,0.0,0.0,0,0.0,0.0,0.0,0.0,40,-285,3887,332,617,0,0,0,0
Tsimikas,DEF,Liverpool,Ipswich Town,0,3,364,21,12,0,False,2026-09-04T19:00:00Z,0,2,3,0,0,0,0,0,0,0,0,0,0,0,0,0,0.0,0.0,0.0,0.0,0,0.0,0.0,0.0,0.0,50,-600,7858,487,1087,0,0,0,0
Ramsay,DEF,Liverpool,Ipswich Town,0,3,365,21,12,0,False,2026-09-04T19:00:00Z,0,2,3,0,0,0,0,0,0,0,0,0,0,0,0,0,0.0,0.0,0.0,0.0,0,0.0,0.0,0.0,0.0,40,-5215,12989,0,5215,0,0,0,0
Wirtz,MID,Liverpool,Ipswich Town,0,3,366,21,12,3,False,2026-09-04T19:00:00Z,0,2,3,90,0,0,1,0,0,0,0,0,0,0,0,14,6.6,34.0,22.0,6.3,1,0.18,0.05,0.23,0.65,75,-121349,1044657,69030,190379,0,4,0,4
Gakpo,MID,Liverpool,Ipswich Town,0,3,367,21,12,11,False,2026-09-04T19:00:00Z,0,2,3,90,0,2,1,0,0,0,0,0,0,0,2,43,49.6,42.7,13.0,10.5,1,0.06,0.4,0.46,0.75,71,103812,933667,234993,131181,3,5,2,10
Szoboszlai,MID,Liverpool,Ipswich Town,0,3,368,21,12,3,False,2026-09-04T19:00:00Z,0,2,3,90,0,0,1,0,0,0,0,0,0,0,0,20,19.4,29.9,21.0,7.0,1,0.16,0.08,0.24,0.75,70,-105407,4313411,281021,386428,0,6,3,9
Ngumoha,MID,Liverpool,Ipswich Town,0,3,369,21,12,0,False,2026-09-04T19:00:00Z,0,2,3,0,0,0,0,0,0,0,0,0,0,0,0,0,0.0,0.0,0.0,0.0,0,0.0,0.0,0.0,0.0,59,-31936,77015,3473,35409,0,0,0,0
Chiesa,MID,Liverpool,Ipswich Town,0,3,370,21,12,0,False,2026-09-04T19:00:00Z,0,2,3,0,0,0,0,0,0,0,0,0,0,0,0,0,0.0,0.0,0.0,0.0,0,0.0,0.0,0.0,0.0,54,-4196,6728,50,4246,0,0,0,0
Gravenberch,MID,Liverpool,Ipswich Town,0,3,371,21,12,1,False,2026-09-04T19:00:00Z,0,2,3,26,0,0,0,0,0,0,0,0,0,0,0,2,2.2,1.7,0.0,0.4,0,0.0,0.0,0.0,0.17,60,-34196,168420,10774,44970,0,1,1,2
Mac Allister,MID,Liverpool,Ipswich Town,0,3,372,21,12,2,False,2026-09-04T19:00:00Z,0,2,3,83,0,0,1,0,0,0,0,1,0,0,0,14,16.6,12.8,18.0,4.7,1,0.08,0.02,0.1,0.6,55,-17436,147584,10622,28058,3,5,3,11
C.Jones,MID,Liverpool,Ipswich Town,0,3,373,21,12,0,False,2026-09-04T19:00:00Z,0,2,3,0,0,0,0,0,0,0,0,0,0,0,0,0,0.0,0.0,0.0,0.0,0,0.0,0.0,0.0,0.0,55,-929,2874,1,930,0,0,0,0
Endo,MID,Liverpool,Ipswich Town,0,3,374,21,12,0,False,2026-09-04T19:00:00Z,0,2,3,0,0,0,0,0,0,0,0,0,0,0,0,0,0.0,0.0,0.0,0.0,0,0.0,0.0,0.0,0.0,50,-648,6810,798,1446,0,0,0,0
Nyoni,MID,Liverpool,Ipswich Town,0,3,375,21,12,1,False,2026-09-04T19:00:00Z,0,2,3,6,0,0,0,0,0,0,0,0,0,0,0,3,0.2,0.1,0.0,0.0,0,0.0,0.0,0.0,0.15,50,-319,3899,503,822,0,0,0,0
Bajcetic,MID,Liverpool,Ipswich Town,0,3,376,21,12,0,False,2026-09-04T19:00:00Z,0,2,3,0,0,0,0,0,0,0,0,0,0,0,0,0,0.0,0.0,0.0,0.0,0,0.0,0.0,0.0,0.0,50,-32,148,11,43,0,0,0,0
Munoz,MID,Liverpool,Ipswich Town,0,3,377,21,12,3,False,2026-09-04T19:00:00Z,0,2,3,63,0,0,1,0,0,0,0,0,0,0,0,9,0.8,4.3,6.0,1.1,1,0.0,0.02,0.02,0.58,65,60010,147326,83211,23201,0,4,0,4
McConnell,MID,Liverpool,Ipswich Town,0,3,378,21,12,0,False,2026-09-04T19:00:00Z,0,2,3,0,0,0,0,0,0,0,0,0,0,0,0,0,0.0,0.0,0.0,0.0,0,0.0,0.0,0.0,0.0,45,-1919,24779,1404,3323,0,0,0,0
Isak,FWD,Liverpool,Ipswich Town,0,3,379,21,12,13,False,2026-09-04T19:00:00Z,0,2,3,63,2,0,1,0,0,0,0,0,0,0,3,61,67.0,6.4,34.0,10.7,1,0.21,0.05,0.26,0.58,90,-25262,1811350,181587,206849,0,2,1,3
Ekitiké,FWD,Liverpool,Ipswich Town,0,3,380,21,12,0,False,2026-09-04T19:00:00Z,0,2,3,0,0,0,0,0,0,0,0,0,0,0,0,0,0.0,0.0,0.0,0.0,0,0.0,0.0,0.0,0.0,75,-2736,12739,696,3432,0,0,0,0
Koumas,MID,Liverpool,Ipswich Town,0,3,381,21,12,1,False,2026-09-04T19:00:00Z,0,2,3,1,0,0,0,0,0,0,0,0,0,0,0,3,0.0,0.0,0.0,0.0,0,0.0,0.0,0.0,0.1,50,-217,2473,161,378,0,0,0,0
Danns,FWD,Liverpool,Ipswich Town,0,3,382,21,12,0,False,2026-09-04T19:00:00Z,0,2,3,0,0,0,0,0,0,0,0,0,0,0,0,0,0.0,0.0,0.0,0.0,0,0.0,0.0,0.0,0.0,45,1969,7591,2915,946,0,0,0,0
Elliott,MID,Liverpool,Ipswich Town,0,3,383,21,12,0,False,2026-09-04T19:00:00Z,0,2,3,0,0,0,0,0,0,0,0,0,0,0,0,0,0.0,0.0,0.0,0.0,0,0.0,0.0,0.0,0.0,54,-1929,5742,527,2456,0,0,0,0
Donnarumma,GK,Man City,Coventry City,0,3,384,26,7,7,True,2026-09-05T14:00:00Z,1,0,3,90,0,0,1,0,0,0,0,0,0,3,0,29,26.8,0.0,0.0,2.7,1,0.0,0.0,0.0,1.37,55,-48925,836587,71140,120065,0,2,1,0
Trafford,GK,Leeds,Brighton,0,3,385,23,5,3,False,2026-09-05T14:00:00Z,1,1,3,90,0,0,0,1,0,0,0,0,0,4,0,18,34.8,0.0,0.0,3.5,1,0.0,0.0,0.0,2.19,50,32677,532682,81497,48820,0,11,2,0
Bettinelli,GK,Man City,Coventry City,0,3,386,26,7,0,True,2026-09-05T14:00:00Z,1,0,3,0,0,0,0,0,0,0,0,0,0,0,0,0,0.0,0.0,0.0,0.0,0,0.0,0.0,0.0,0.0,45,-201,2867,172,373,0,0,0,0
O'Reilly,DEF,Man City,Coventry City,0,3,387,26,7,0,True,2026-09-05T14:00:00Z,1,0,3,0,0,0,0,0,0,0,0,0,0,0,0,0,0.0,0.0,0.0,0.0,0,0.0,0.0,0.0,0.0,65,-193787,1933486,97243,291030,0,0,0,0
Guéhi,DEF,Man City,Coventry City,0,3,388,26,7,8,True,2026-09-05T14:00:00Z,1,0,3,90,0,0,1,0,0,0,0,0,0,0,2,31,28.8,9.6,2.0,4.0,1,0.0,0.02,0.02,1.37,60,-59173,1945720,122887,182060,0,6,9,9
Matheus N.,DEF,Man City,Coventry City,0,3,389,26,7,0,True,2026-09-05T14:00:00Z,1,0,3,0,0,0,0,0,0,0,0,0,0,0,0,0,0.0,0.0,0.0,0.0,0,0.0,0.0,0.0,0.0,59,-37940,103772,479,38419,0,0,0,0
Rúben,DEF,Man City,Coventry City,0,3,390,26,7,6,True,2026-09-05T14:00:00Z,1,0,3,90,0,0,1,0,0,0,0,0,0,0,0,25,20.6,6.6,0.0,2.7,1,0.0,0.03,0.03,1.37,55,-3537,186055,20417,23954,0,0,3,3
Gvardiol,DEF,Man City,Coventry City,0,3,391,26,7,8,True,2026-09-05T14:00:00Z,1,0,3,90,0,0,1,0,0,0,0,0,0,0,2,31,18.8,6.9,7.0,3.3,1,0.01,0.02,0.03,1.37,56,427408,2019409,548352,120944,4,7,4,8
Aït-Nouri,DEF,Man City,Coventry City,0,3,392,26,7,0,True,2026-09-05T14:00:00Z,1,0,3,0,0,0,0,0,0,0,0,0,0,0,0,0,0.0,0.0,0.0,0.0,0,0.0,0.0,0.0,0.0,54,-23051,56252,2020,25071,0,0,0,0
Khusanov,DEF,Man City,Coventry City,0,3,393,26,7,5,True,2026-09-05T14:00:00Z,1,0,3,90,0,0,1,0,0,0,0,1,0,0,0,22,13.6,3.9,0.0,1.8,1,0.0,0.02,0.02,1.37,55,-14491,166742,9792,24283,2,4,4,6
Alleyne,DEF,Man City,Coventry City,0,3,394,26,7,0,True,2026-09-05T14:00:00Z,1,0,3,0,0,0,0,0,0,0,0,0,0,0,0,0,0.0,0.0,0.0,0.0,0,0.0,0.0,0.0,0.0,50,-142,589,0,142,0,0,0,0
Lewis,DEF,Man City,Coventry City,0,3,395,26,7,0,True,2026-09-05T14:00:00Z,1,0,3,0,0,0,0,0,0,0,0,0,0,0,0,0,0.0,0.0,0.0,0.0,0,0.0,0.0,0.0,0.0,45,-3581,23634,2152,5733,0,0,0,0
Vitor Reis,DEF,Man City,Coventry City,0,3,396,26,7,0,True,2026-09-05T14:00:00Z,1,0,3,0,0,0,0,0,0,0,0,0,0,0,0,0,0.0,0.0,0.0,0.0,0,0.0,0.0,0.0,0.0,45,-130,2767,132,262,0,0,0,0
Semenyo,MID,Man City,Coventry City,0,3,397,26,7,6,True,2026-09-05T14:00:00Z,1,0,3,90,0,1,1,0,0,0,0,0,0,0,0,26,22.6,45.9,11.0,8.0,1,0.05,0.34,0.39,1.37,85,-362493,2009104,68628,431121,1,3,0,4
Foden,MID,Man City,Coventry City,0,3,398,26,7,1,True,2026-09-05T14:00:00Z,1,0,3,24,0,0,0,0,0,0,0,0,0,0,0,3,4.4,14.8,7.0,2.6,0,0.62,0.01,0.63,0.5,70,187857,687362,262736,74879,0,1,0,1
Cherki,MID,Man City,Coventry City,0,3,399,26,7,3,True,2026-09-05T14:00:00Z,1,0,3,65,0,0,1,0,0,0,0,0,0,0,0,23,7.4,52.2,24.0,8.4,1,0.21,0.3,0.51,0.86,77,1783948,3431400,1865890,81942,0,3,0,3
Doku,MID,Man City,Coventry City,0,3,400,26,7,0,True,2026-09-05T14:00:00Z,1,0,3,0,0,0,0,0,0,0,0,0,0,0,0,0,0.0,0.0,0.0,0.0,0,0.0,0.0,0.0,0.0,74,-33918,90983,453,34371,0,0,0,0
Marmoush,FWD,Spurs,Nott'm Forest,0,3,401,28,18,2,False,2026-09-05T14:00:00Z,0,0,3,83,0,0,1,0,0,0,0,0,0,0,0,6,0.0,2.4,10.0,1.0,1,0.17,0.01,0.18,0.88,70,64907,232425,100495,35588,0,0,0,0
Rodrigo,MID,Man City,Coventry City,0,3,402,26,7,0,True,2026-09-05T14:00:00Z,1,0,3,0,0,0,0,0,0,0,0,0,0,0,0,0,0.0,0.0,0.0,0.0,0,0.0,0.0,0.0,0.0,65,-269,1283,0,269,0,0,0,0
Sávio,MID,Spurs,Nott'm Forest,0,3,403,28,18,3,False,2026-09-05T14:00:00Z,0,0,3,60,0,0,1,0,0,0,0,0,0,0,0,15,6.2,17.3,15.0,3.9,1,0.02,0.27,0.29,0.49,65,-23670,68277,15136,38806,0,0,0,0
Reijnders,MID,Man City,Coventry City,0,3,404,26,7,0,True,2026-09-05T14:00:00Z,1,0,3,0,0,0,0,0,0,0,0,0,0,0,0,0,0.0,0.0,0.0,0.0,0,0.0,0.0,0.0,0.0,60,-1696,4425,0,1696,0,0,0,0
N.Gonzalez,MID,Newcastle,Bournemouth,0,3,405,27,3,2,True,2026-09-05T11:30:00Z,2,2,3,76,0,0,0,2,0,0,0,0,0,0,0,11,6.2,12.4,2.0,2.1,1,0.0,0.01,0.01,1.33,55,7163,26047,10136,2973,0,6,1,7
Kovačić,MID,Man City,Coventry City,0,3,406,26,7,0,True,2026-09-05T14:00:00Z,1,0,3,0,0,0,0,0,0,0,0,0,0,0,0,0,0.0,0.0,0.0,0.0,0,0.0,0.0,0.0,0.0,55,-1500,8577,647,2147,0,0,0,0
Echeverri,MID,Man City,Coventry City,0,3,407,26,7,0,True,2026-09-05T14:00:00Z,1,0,3,0,0,0,0,0,0,0,0,0,0,0,0,0,0.0,0.0,0.0,0.0,0,0.0,0.0,0.0,0.0,49,-349,1429,157,506,0,0,0,0
Phillips,MID,Man City,Coventry City,0,3,408,26,7,0,True,2026-09-05T14:00:00Z,1,0,3,0,0,0,0,0,0,0,0,0,0,0,0,0,0.0,0.0,0.0,0.0,0,0.0,0.0,0.0,0.0,50,-156,608,0,156,0,0,0,0
Mukasa,MID,Man City,Coventry City,0,3,409,26,7,0,True,2026-09-05T14:00:00Z,1,0,3,0,0,0,0,0,0,0,0,0,0,0,0,0,0.0,0.0,0.0,0.0,0,0.0,0.0,0.0,0.0,45,-3281,14465,694,3975,0,0,0,0
Monga,MID,Man City,Coventry City,0,3,410,26,7,0,True,2026-09-05T14:00:00Z,1,0,3,0,0,0,0,0,0,0,0,0,0,0,0,0,0.0,0.0,0.0,0.0,0,0.0,0.0,0.0,0.0,49,-309,1321,143,452,0,0,0,0
Haaland,FWD,Man City,Coventry City,0,3,411,26,7,9,True,2026-09-05T14:00:00Z,1,0,3,90,1,0,1,0,0,0,0,0,0,0,3,40,48.8,13.6,63.0,12.5,1,1.06,0.48,1.54,1.37,155,360063,7594638,400573,40510,0,2,5,7
Lammens,GK,Man Utd,Everton,0,3,412,30,9,2,False,2026-09-06T13:00:00Z,2,2,3,90,0,0,0,2,0,0,0,0,0,4,0,13,31.8,0.0,0.0,3.2,1,0.0,0.0,0.0,1.01,50,-158382,1379189,32200,190582,0,14,1,0
Bayindir,GK,Man Utd,Everton,0,3,413,30,9,0,False,2026-09-06T13:00:00Z,2,2,3,0,0,0,0,0,0,0,0,0,0,0,0,0,0.0,0.0,0.0,0.0,0,0.0,0.0,0.0,0.0,45,-292,1465,0,292,0,0,0,0
Heaton,GK,Man Utd,Everton,0,3,414,30,9,0,False,2026-09-06T13:00:00Z,2,2,3,0,0,0,0,0,0,0,0,0,0,0,0,0,0.0,0.0,0.0,0.0,0,0.0,0.0,0.0,0.0,40,-342,8868,634,976,0,0,0,0
Dorgu,MID,Man Utd,Everton,0,3,415,30,9,1,False,2026-09-06T13:00:00Z,2,2,3,20,0,0,0,2,0,0,0,0,0,0,0,3,4.2,1.3,2.0,0.8,0,0.0,0.01,0.01,0.36,59,-33546,75573,3139,36685,1,1,1,3
De Ligt,DEF,Man Utd,Everton,0,3,416,30,9,0,False,2026-09-06T13:00:00Z,2,2,3,0,0,0,0,0,0,0,0,0,0,0,0,0,0.0,0.0,0.0,0.0,0,0.0,0.0,0.0,0.0,50,-367,2390,96,463,0,0,0,0
Dalot,DEF,Man Utd,Everton,0,3,417,30,9,1,False,2026-09-06T13:00:00Z,2,2,3,83,0,0,0,1,0,0,0,1,0,0,0,8,4.8,22.7,6.0,3.4,1,0.01,0.01,0.02,0.92,50,-29674,219064,9011,38685,2,3,2,4
Maguire,DEF,Man Utd,Everton,0,3,418,30,9,2,False,2026-09-06T13:00:00Z,2,2,3,90,0,0,0,2,0,0,0,1,0,0,0,1,26.8,1.3,2.0,3.0,1,0.0,0.01,0.01,1.01,50,-240933,1407635,49780,290713,0,2,12,12
Martinez,DEF,Man Utd,Everton,0,3,419,30,9,3,False,2026-09-06T13:00:00Z,2,2,3,90,0,0,0,2,0,0,0,0,0,0,0,7,29.0,0.3,0.0,2.9,1,0.0,0.0,0.0,1.01,50,-9944,128156,8174,18118,0,2,10,10
Yoro,DEF,Man Utd,Everton,0,3,420,30,9,1,False,2026-09-06T13:00:00Z,2,2,3,6,0,0,0,1,0,0,0,0,0,0,0,1,6.0,0.6,2.0,0.9,0,0.0,0.01,0.01,0.09,49,-9461,56599,1735,11196,2,0,1,3
Heaven,DEF,Man Utd,Everton,0,3,421,30,9,0,False,2026-09-06T13:00:00Z,2,2,3,0,0,0,0,0,0,0,0,0,0,0,0,0,0.0,0.0,0.0,0.0,0,0.0,0.0,0.0,0.0,45,-7661,34853,1300,8961,0,0,0,0
Mazraoui,DEF,Man Utd,Everton,0,3,422,30,9,1,False,2026-09-06T13:00:00Z,2,2,3,1,0,0,0,1,0,0,0,0,0,0,0,-1,2.2,0.5,2.0,0.5,0,0.0,0.01,0.01,0.07,45,-9779,64636,3244,13023,1,0,0,1
Shaw,DEF,Man Utd,Everton,0,3,423,30,9,4,False,2026-09-06T13:00:00Z,2,2,3,90,0,1,0,1,0,0,0,1,0,0,0,22,42.4,24.8,3.0,7.0,1,0.02,0.23,0.25,0.94,45,-303431,1575355,30459,333890,1,1,7,8
Amass,DEF,Man Utd,Everton,0,3,424,30,9,0,False,2026-09-06T13:00:00Z,2,2,3,0,0,0,0,0,0,0,0,0,0,0,0,0,0.0,0.0,0.0,0.0,0,0.0,0.0,0.0,0.0,40,-414,21308,1942,2356,0,0,0,0
Fredricson,DEF,Man Utd,Everton,0,3,425,30,9,0,False,2026-09-06T13:00:00Z,2,2,3,0,0,0,0,0,0,0,0,0,0,0,0,0,0.0,0.0,0.0,0.0,0,0.0,0.0,0.0,0.0,40,-329,1561,0,329,0,0,0,0
B.Fernandes,MID,Man Utd,Everton,0,3,426,30,9,2,False,2026-09-06T13:00:00Z,2,2,3,90,0,0,0,2,0,0,0,0,0,0,0,11,3.4,33.6,14.0,5.1,1,0.15,0.06,0.21,1.01,120,36750,5025755,371832,335082,0,2,0,2
Mbeumo,MID,Man Utd,Everton,0,3,427,30,9,8,False,2026-09-06T13:00:00Z,2,2,3,90,1,0,0,2,0,0,0,0,0,0,1,29,39.8,13.7,18.0,7.2,1,0.05,0.03,0.08,1.01,80,-752284,2705759,92628,844912,0,4,4,8
Cunha,MID,Man Utd,Everton,0,3,428,30,9,3,False,2026-09-06T13:00:00Z,2,2,3,69,0,0,1,0,0,0,0,0,0,0,0,10,2.8,6.2,10.0,1.9,1,0.12,0.05,0.17,0.65,80,-134183,802045,23584,157767,2,1,0,3
Rashford,MID,Man Utd,Everton,0,3,429,30,9,3,False,2026-09-06T13:00:00Z,2,2,3,69,0,0,1,0,0,0,0,0,0,0,0,11,3.8,12.5,8.0,2.4,1,0.0,0.06,0.06,0.65,70,-15044,166436,22811,37855,0,4,0,4
Mount,MID,Man Utd,Everton,0,3,430,30,9,0,False,2026-09-06T13:00:00Z,2,2,3,0,0,0,0,0,0,0,0,0,0,0,0,0,0.0,0.0,0.0,0.0,0,0.0,0.0,0.0,0.0,54,-530,2327,60,590,0,0,0,0
Amad,MID,Man Utd,Everton,0,3,431,30,9,0,False,2026-09-06T13:00:00Z,2,2,3,0,0,0,0,0,0,0,0,0,0,0,0,0,0.0,0.0,0.0,0.0,0,0.0,0.0,0.0,0.0,58,-42560,50069,243,42803,0,0,0,0
Mainoo,MID,Man Utd,Everton,0,3,432,30,9,9,False,2026-09-06T13:00:00Z,2,2,3,83,0,1,0,1,0,0,0,0,0,0,2,32,34.2,24.5,0.0,5.9,1,0.0,0.07,0.07,0.92,55,6351,117218,19482,13131,2,10,3,15
Ugarte,MID,Man Utd,Everton,0,3,433,30,9,0,False,2026-09-06T13:00:00Z,2,2,3,0,0,0,0,0,0,0,0,0,0,0,0,0,0.0,0.0,0.0,0.0,0,0.0,0.0,0.0,0.0,50,-37,371,32,69,0,0,0,0
J.Fletcher,MID,Man Utd,Everton,0,3,434,30,9,0,False,2026-09-06T13:00:00Z,2,2,3,0,0,0,0,0,0,0,0,0,0,0,0,0,0.0,0.0,0.0,0.0,0,0.0,0.0,0.0,0.0,50,-102,1121,84,186,0,0,0,0
Lacey,MID,Man Utd,Everton,0,3,435,30,9,0,False,2026-09-06T13:00:00Z,2,2,3,0,0,0,0,0,0,0,0,0,0,0,0,0,0.0,0.0,0.0,0.0,0,0.0,0.0,0.0,0.0,50,-740,5286,298,1038,0,0,0,0
Collyer,MID,Man Utd,Everton,0,3,436,30,9,0,False,2026-09-06T13:00:00Z,2,2,3,0,0,0,0,0,0,0,0,0,0,0,0,0,0.0,0.0,0.0,0.0,0,0.0,0.0,0.0,0.0,50,-291,1461,90,381,0,0,0,0
Bendito Mantato,MID,Man Utd,Everton,0,3,437,30,9,0,False,2026-09-06T13:00:00Z,2,2,3,0,0,0,0,0,0,0,0,0,0,0,0,0,0.0,0.0,0.0,0.0,0,0.0,0.0,0.0,0.0,45,-934,18885,1762,2696,0,0,0,0
Fletcher,MID,Man Utd,Everton,0,3,438,30,9,0,False,2026-09-06T13:00:00Z,2,2,3,0,0,0,0,0,0,0,0,0,0,0,0,0,0.0,0.0,0.0,0.0,0,0.0,0.0,0.0,0.0,45,-2436,32226,1884,4320,0,0,0,0
Šeško,FWD,Man Utd,Everton,0,3,439,30,9,5,False,2026-09-06T13:00:00Z,2,2,3,20,1,0,0,2,0,0,0,0,0,0,0,28,31.2,0.2,21.0,5.2,0,0.29,0.0,0.29,0.36,70,-32919,161952,15581,48500,0,0,0,0
Zirkzee,FWD,Man Utd,Everton,0,3,440,30,9,0,False,2026-09-06T13:00:00Z,2,2,3,0,0,0,0,0,0,0,0,0,0,0,0,0,0.0,0.0,0.0,0.0,0,0.0,0.0,0.0,0.0,54,-7291,47734,5615,12906,0,0,0,0
Obi,FWD,Man Utd,Everton,0,3,441,30,9,0,False,2026-09-06T13:00:00Z,2,2,3,0,0,0,0,0,0,0,0,0,0,0,0,0,0.0,0.0,0.0,0.0,0,0.0,0.0,0.0,0.0,45,3280,125871,19118,15838,0,0,0,0
Pope,GK,Newcastle,Bournemouth,0,3,442,27,3,0,True,2026-09-05T11:30:00Z,2,2,3,0,0,0,0,0,0,0,0,0,0,0,0,0,0.0,0.0,0.0,0.0,0,0.0,0.0,0.0,0.0,50,-14257,115196,4952,19209,0,0,0,0
Gillespie,GK,Newcastle,Bournemouth,0,3,443,27,3,0,True,2026-09-05T11:30:00Z,2,2,3,0,0,0,0,0,0,0,0,0,0,0,0,0,0.0,0.0,0.0,0.0,0,0.0,0.0,0.0,0.0,45,-143,3576,239,382,0,0,0,0
Jaouen,GK,Newcastle,Bournemouth,0,3,444,27,3,0,True,2026-09-05T11:30:00Z,2,2,3,0,0,0,0,0,0,0,0,0,0,0,0,0,0.0,0.0,0.0,0.0,0,0.0,0.0,0.0,0.0,45,-279,2647,182,461,0,0,0,0
Thiaw,DEF,Newcastle,Bournemouth,0,3,445,27,3,-1,True,2026-09-05T11:30:00Z,2,2,3,90,0,0,0,2,1,0,0,0,0,0,0,0,7.6,12.3,2.0,2.2,1,0.0,0.05,0.05,1.37,50,40274,238054,72237,31963,0,3,3,3
Schär,DEF,Newcastle,Bournemouth,0,3,446,27,3,0,True,2026-09-05T11:30:00Z,2,2,3,0,0,0,0,0,0,0,0,0,0,0,0,0,0.0,0.0,0.0,0.0,0,0.0,0.0,0.0,0.0,50,-2838,24845,2055,4893,0,0,0,0
Botman,DEF,Newcastle,Bournemouth,0,3,447,27,3,1,True,2026-09-05T11:30:00Z,2,2,3,90,0,0,0,2,0,0,0,0,0,0,0,3,26.0,0.9,4.0,3.1,1,0.0,0.16,0.16,1.37,50,8611,69972,15452,6841,1,3,8,9
Burn,DEF,Newcastle,Bournemouth,0,3,448,27,3,0,True,2026-09-05T11:30:00Z,2,2,3,0,0,0,0,0,0,0,0,0,0,0,0,0,0.0,0.0,0.0,0.0,0,0.0,0.0,0.0,0.0,49,-46419,114109,549,46968,0,0,0,0
Hall,DEF,Newcastle,Bournemouth,0,3,449,27,3,4,True,2026-09-05T11:30:00Z,2,2,3,89,0,1,0,2,0,0,0,0,0,0,0,20,28.0,13.4,3.0,4.4,1,0.01,0.01,0.02,1.35,51,496570,1101917,576636,80066,1,13,5,6
Livramento,DEF,Newcastle,Bournemouth,0,3,450,27,3,1,True,2026-09-05T11:30:00Z,2,2,3,1,0,0,0,0,0,0,0,0,0,0,0,3,0.2,0.0,0.0,0.0,0,0.0,0.0,0.0,0.02,49,-745,2841,115,860,0,0,0,0
A.Murphy,DEF,Newcastle,Bournemouth,0,3,451,27,3,0,True,2026-09-05T11:30:00Z,2,2,3,0,0,0,0,0,0,0,0,0,0,0,0,0,0.0,0.0,0.0,0.0,0,0.0,0.0,0.0,0.0,40,-1826,7660,0,1826,0,0,0,0
Bruno G.,MID,Arsenal,Chelsea,0,3,452,29,6,0,True,2026-09-06T15:30:00Z,2,1,3,0,0,0,0,0,0,0,0,0,0,0,0,0,0.0,0.0,0.0,0.0,0,0.0,0.0,0.0,0.0,68,-57236,212586,5546,62782,0,0,0,0
Barnes,MID,Newcastle,Bournemouth,0,3,453,27,3,12,True,2026-09-05T11:30:00Z,2,2,3,90,1,1,0,2,0,0,0,0,0,0,2,37,33.0,2.8,23.0,5.9,1,0.11,0.03,0.14,1.37,60,2446,122479,25187,22741,0,4,2,6
Elanga,MID,Newcastle,Bournemouth,0,3,454,27,3,1,True,2026-09-05T11:30:00Z,2,2,3,76,0,0,0,2,0,0,0,1,0,0,0,8,8.4,31.8,4.0,4.4,1,0.0,0.23,0.23,1.33,61,716203,1142637,810672,94469,2,1,1,4
Tonali,MID,Spurs,Nott'm Forest,0,3,455,28,18,5,False,2026-09-05T14:00:00Z,0,0,3,90,0,0,1,0,0,0,0,0,0,0,0,22,22.8,8.0,0.0,3.1,1,0.0,0.01,0.01,0.92,54,-83285,288825,14031,97316,4,4,4,12
J.Ramsey,MID,Newcastle,Bournemouth,0,3,456,27,3,6,True,2026-09-05T11:30:00Z,2,2,3,27,1,0,0,0,0,0,0,0,0,0,0,22,32.4,0.8,17.0,5.0,0,0.11,0.02,0.13,0.04,50,-4753,30127,1799,6552,0,4,0,4
J.Murphy,MID,Newcastle,Bournemouth,0,3,457,27,3,1,True,2026-09-05T11:30:00Z,2,2,3,13,0,0,0,0,0,0,0,0,0,0,0,5,0.2,0.3,0.0,0.1,0,0.0,0.0,0.0,0.04,59,-2357,14114,1115,3472,0,1,0,1
Joelinton,MID,Newcastle,Bournemouth,0,3,458,27,3,0,True,2026-09-05T11:30:00Z,2,2,3,0,0,0,0,0,0,0,0,0,0,0,0,0,0.0,0.0,0.0,0.0,0,0.0,0.0,0.0,0.0,54,-546,2235,86,632,0,0,0,0
L.Miley,MID,Newcastle,Bournemouth,0,3,459,27,3,2,True,2026-09-05T11:30:00Z,2,2,3,62,0,0,0,2,0,0,0,0,0,0,0,11,3.2,1.1,2.0,0.6,1,0.0,0.02,0.02,1.33,55,629,8538,2211,1582,0,3,1,4
Willock,MID,Newcastle,Bournemouth,0,3,460,27,3,2,True,2026-09-05T11:30:00Z,2,2,3,62,0,0,0,2,0,0,0,0,0,0,0,6,6.0,2.2,11.0,1.9,1,0.36,0.01,0.37,1.33,50,14485,45043,22227,7742,1,1,1,3
Touré,MID,Newcastle,Bournemouth,0,3,461,27,3,0,True,2026-09-05T11:30:00Z,2,2,3,0,0,0,0,0,0,0,0,0,0,0,0,0,0.0,0.0,0.0,0.0,0,0.0,0.0,0.0,0.0,59,-5573,15932,657,6230,0,0,0,0
Steur,MID,Newcastle,Bournemouth,0,3,462,27,3,1,True,2026-09-05T11:30:00Z,2,2,3,13,0,0,0,0,0,0,0,0,0,0,0,3,2.0,0.5,0.0,0.3,0,0.0,0.0,0.0,0.04,50,-1763,8925,584,2347,0,1,1,2
Woltemade,FWD,Newcastle,Bournemouth,0,3,463,27,3,0,True,2026-09-05T11:30:00Z,2,2,3,0,0,0,0,0,0,0,0,0,0,0,0,0,0.0,0.0,0.0,0.0,0,0.0,0.0,0.0,0.0,59,-49449,103336,7327,56776,0,0,0,0
Wissa,FWD,Newcastle,Bournemouth,0,3,464,27,3,1,True,2026-09-05T11:30:00Z,2,2,3,90,0,0,0,2,0,0,0,1,0,0,0,7,0.0,7.3,0.0,0.7,1,0.0,0.03,0.03,1.37,61,1029731,1697200,1119139,89408,0,3,0,3
Osula,FWD,Newcastle,Bournemouth,0,3,465,27,3,0,True,2026-09-05T11:30:00Z,2,2,3,0,0,0,0,0,0,0,0,0,0,0,0,0,0.0,0.0,0.0,0.0,0,0.0,0.0,0.0,0.0,59,-37692,51608,557,38249,0,0,0,0
Neave,FWD,Newcastle,Bournemouth,0,3,466,27,3,0,True,2026-09-05T11:30:00Z,2,2,3,0,0,0,0,0,0,0,0,0,0,0,0,0,0.0,0.0,0.0,0.0,0,0.0,0.0,0.0,0.0,45,3928,87795,17327,13399,0,0,0,0
Sels,GK,Nott'm Forest,Spurs,0,3,467,28,19,6,True,2026-09-05T14:00:00Z,0,0,3,90,0,0,1,0,0,0,0,0,0,0,0,21,2.4,0.0,0.0,0.2,1,0.0,0.0,0.0,1.06,50,-9819,143042,8404,18223,0,11,1,0
John,GK,Nott'm Forest,Spurs,0,3,468,28,19,0,True,2026-09-05T14:00:00Z,0,0,3,0,0,0,0,0,0,0,0,0,0,0,0,0,0.0,0.0,0.0,0.0,0,0.0,0.0,0.0,0.0,45,-392,6270,259,651,0,0,0,0
N.Williams,DEF,Nott'm Forest,Spurs,0,3,469,28,19,7,True,2026-09-05T14:00:00Z,0,0,3,90,0,0,1,0,0,0,0,0,0,0,1,28,11.4,10.9,4.0,2.6,1,0.0,0.07,0.07,1.06,50,-35180,851007,53518,88698,3,8,3,6
Morato,DEF,Nott'm Forest,Spurs,0,3,470,28,19,0,True,2026-09-05T14:00:00Z,0,0,3,0,0,0,0,0,0,0,0,0,0,0,0,0,0.0,0.0,0.0,0.0,0,0.0,0.0,0.0,0.0,50,-1172,3599,194,1366,0,0,0,0
Milenković,DEF,Nott'm Forest,Spurs,0,3,471,28,19,7,True,2026-09-05T14:00:00Z,0,0,3,90,0,0,1,0,0,0,0,1,0,0,0,27,28.6,0.8,2.0,3.1,1,0.0,0.01,0.01,1.06,55,-12221,168090,5627,17848,2,3,9,11
Murillo,DEF,Nott'm Forest,Spurs,0,3,472,28,19,8,True,2026-09-05T14:00:00Z,0,0,3,89,0,0,1,0,0,0,0,0,0,0,0,25,17.8,1.2,10.0,2.9,1,0.17,0.0,0.17,1.06,55,-10492,160118,9660,20152,4,4,6,10
Aina,DEF,Nott'm Forest,Spurs,0,3,473,28,19,1,True,2026-09-05T14:00:00Z,0,0,3,58,0,0,0,0,0,0,0,0,0,0,0,8,13.0,0.5,0.0,1.4,1,0.0,0.0,0.0,0.81,45,-30402,313105,20608,51010,5,4,2,7
Jair Cunha,DEF,Nott'm Forest,Spurs,0,3,474,28,19,8,True,2026-09-05T14:00:00Z,0,0,3,90,0,0,1,0,0,0,0,0,0,0,0,24,20.0,0.7,1.0,2.2,1,0.03,0.01,0.04,1.06,45,-1070,20256,924,1994,2,2,10,12
Savona,DEF,Nott'm Forest,Spurs,0,3,475,28,19,0,True,2026-09-05T14:00:00Z,0,0,3,0,0,0,0,0,0,0,0,0,0,0,0,0,0.0,0.0,0.0,0.0,0,0.0,0.0,0.0,0.0,45,-97,221,34,131,0,0,0,0
O.Richards,DEF,Nott'm Forest,Spurs,0,3,476,28,19,0,True,2026-09-05T14:00:00Z,0,0,3,0,0,0,0,0,0,0,0,0,0,0,0,0,0.0,0.0,0.0,0.0,0,0.0,0.0,0.0,0.0,40,-858,23523,1258,2116,0,0,0,0
Abbott,DEF,Nott'm Forest,Spurs,0,3,477,28,19,0,True,2026-09-05T14:00:00Z,0,0,3,0,0,0,0,0,0,0,0,0,0,0,0,0,0.0,0.0,0.0,0.0,0,0.0,0.0,0.0,0.0,40,-2802,22912,1463,4265,0,0,0,0
Netz,DEF,Nott'm Forest,Spurs,0,3,478,28,19,0,True,2026-09-05T14:00:00Z,0,0,3,0,0,0,0,0,0,0,0,0,0,0,0,0,0.0,0.0,0.0,0.0,0,0.0,0.0,0.0,0.0,45,-304,3401,168,472,0,0,0,0
Bindon,DEF,Nott'm Forest,Spurs,0,3,479,28,19,0,True,2026-09-05T14:00:00Z,0,0,3,0,0,0,0,0,0,0,0,0,0,0,0,0,0.0,0.0,0.0,0.0,0,0.0,0.0,0.0,0.0,40,-2507,15742,434,2941,0,0,0,0
Gibbs-White,MID,Nott'm Forest,Spurs,0,3,480,28,19,3,True,2026-09-05T14:00:00Z,0,0,3,90,0,0,1,0,0,0,0,0,0,0,0,3,5.6,3.0,13.0,2.2,1,0.48,0.01,0.49,1.06,79,102526,1065969,215196,112670,2,5,0,7
Anderson,MID,Man City,Coventry City,0,3,481,26,7,3,True,2026-09-05T14:00:00Z,1,0,3,90,0,0,1,0,0,0,0,0,0,0,0,23,26.6,28.1,5.0,6.0,1,0.02,0.17,0.19,1.37,64,-91799,514714,41120,132919,1,6,4,11
Hudson-Odoi,MID,Nott'm Forest,Spurs,0,3,482,28,19,0,True,2026-09-05T14:00:00Z,0,0,3,0,0,0,0,0,0,0,0,0,0,0,0,0,0.0,0.0,0.0,0.0,0,0.0,0.0,0.0,0.0,59,-3315,19189,1609,4924,0,0,0,0
Ndoye,MID,Nott'm Forest,Spurs,0,3,483,28,19,1,True,2026-09-05T14:00:00Z,0,0,3,58,0,0,0,0,0,0,0,0,0,0,0,5,0.4,0.3,0.0,0.1,1,0.0,0.0,0.0,0.81,55,22451,73790,33732,11281,1,4,0,5
Hutchinson,MID,Nott'm Forest,Spurs,0,3,484,28,19,0,True,2026-09-05T14:00:00Z,0,0,3,0,0,0,0,0,0,0,0,0,0,0,0,0,0.0,0.0,0.0,0.0,0,0.0,0.0,0.0,0.0,54,-4400,11458,213,4613,0,0,0,0
Bakwa,MID,Nott'm Forest,Spurs,0,3,485,28,19,0,True,2026-09-05T14:00:00Z,0,0,3,0,0,0,0,0,0,0,0,0,0,0,0,0,0.0,0.0,0.0,0.0,0,0.0,0.0,0.0,0.0,55,-532,761,0,532,0,0,0,0
McAtee,MID,Nott'm Forest,Spurs,0,3,486,28,19,2,True,2026-09-05T14:00:00Z,0,0,3,90,0,0,1,0,0,0,0,1,0,0,0,22,14.2,59.5,10.0,8.4,1,0.13,0.22,0.35,1.06,55,1865,8416,3393,1528,3,4,0,7
Dominguez,MID,Nott'm Forest,Spurs,0,3,487,28,19,0,True,2026-09-05T14:00:00Z,0,0,3,0,0,0,0,0,0,0,0,0,0,0,0,0,0.0,0.0,0.0,0.0,0,0.0,0.0,0.0,0.0,50,-788,7052,358,1146,0,0,0,0
I.Sangaré,MID,Nott'm Forest,Spurs,0,3,488,28,19,0,True,2026-09-05T14:00:00Z,0,0,3,0,0,0,0,0,0,0,0,0,0,0,0,0,0.0,0.0,0.0,0.0,0,0.0,0.0,0.0,0.0,49,-26662,60777,1817,28479,0,0,0,0
Yates,MID,Nott'm Forest,Spurs,0,3,489,28,19,0,True,2026-09-05T14:00:00Z,0,0,3,0,0,0,0,0,0,0,0,0,0,0,0,0,0.0,0.0,0.0,0.0,0,0.0,0.0,0.0,0.0,45,-864,152628,17319,18183,0,0,0,0
Wood,FWD,Nott'm Forest,Spurs,0,3,490,28,19,1,True,2026-09-05T14:00:00Z,0,0,3,16,0,0,0,0,0,0,0,0,0,0,0,3,0.2,0.1,0.0,0.0,0,0.0,0.0,0.0,0.18,59,-35128,121647,7780,42908,0,0,0,0
Igor Jesus,FWD,Nott'm Forest,Spurs,0,3,491,28,19,1,True,2026-09-05T14:00:00Z,0,0,3,31,0,0,0,0,0,0,0,0,0,0,0,3,1.2,0.4,0.0,0.2,0,0.0,0.0,0.0,0.26,59,-56312,307784,25411,81723,1,0,0,1
Awoniyi,FWD,Coventry City,Man City,0,3,492,26,15,2,False,2026-09-05T14:00:00Z,1,0,3,70,0,0,0,1,0,0,0,0,0,0,0,6,3.6,10.3,3.0,1.7,1,0.31,0.0,0.31,1.17,55,-13314,69494,4842,18156,0,3,2,5
Kalimuendo,FWD,Nott'm Forest,Spurs,0,3,493,28,19,0,True,2026-09-05T14:00:00Z,0,0,3,0,0,0,0,0,0,0,0,0,0,0,0,0,0.0,0.0,0.0,0.0,0,0.0,0.0,0.0,0.0,54,-411,5117,838,1249,0,0,0,0
Vicario,GK,Spurs,Nott'm Forest,0,3,494,28,18,0,False,2026-09-05T14:00:00Z,0,0,3,0,0,0,0,0,0,0,0,0,0,0,0,0,0.0,0.0,0.0,0.0,0,0.0,0.0,0.0,0.0,45,-5759,18205,0,5759,0,0,0,0
Austin,GK,Spurs,Nott'm Forest,0,3,495,28,18,0,False,2026-09-05T14:00:00Z,0,0,3,0,0,0,0,0,0,0,0,0,0,0,0,0,0.0,0.0,0.0,0.0,0,0.0,0.0,0.0,0.0,40,3899,104639,9717,5818,0,0,0,0
Kinsky,GK,Spurs,Nott'm Forest,0,3,496,28,18,6,False,2026-09-05T14:00:00Z,0,0,3,90,0,0,1,0,0,0,0,0,0,1,0,24,10.4,10.0,0.0,2.0,1,0.0,0.0,0.0,0.92,45,-225719,1949396,46420,272139,0,8,2,0
Dubravka,GK,Spurs,Nott'm Forest,0,3,497,28,18,0,False,2026-09-05T14:00:00Z,0,0,3,0,0,0,0,0,0,0,0,0,0,0,0,0,0.0,0.0,0.0,0.0,0,0.0,0.0,0.0,0.0,40,12181,1908726,131012,118831,0,0,0,0
Senesi,DEF,Spurs,Nott'm Forest,0,3,498,28,18,0,False,2026-09-05T14:00:00Z,0,0,3,0,0,0,0,0,0,0,0,0,0,0,0,0,0.0,0.0,0.0,0.0,0,0.0,0.0,0.0,0.0,59,-185202,558130,5382,190584,0,0,0,0
Pedro Porro,DEF,Spurs,Nott'm Forest,0,3,499,28,18,7,False,2026-09-05T14:00:00Z,0,0,3,90,0,0,1,0,0,0,0,0,0,0,1,28,13.2,35.8,6.0,5.5,1,0.03,0.06,0.09,0.92,55,-179795,1176909,48390,228185,1,3,3,4
Romero,DEF,Spurs,Nott'm Forest,0,3,500,28,18,0,False,2026-09-05T14:00:00Z,0,0,3,0,0,0,0,0,0,0,0,0,0,0,0,0,0.0,0.0,0.0,0.0,0,0.0,0.0,0.0,0.0,50,-3763,11327,0,3763,0,0,0,0
Danso,DEF,Sunderland,Brentford,0,3,501,22,4,2,False,2026-09-05T14:00:00Z,1,1,3,90,0,0,0,1,0,0,0,0,0,0,0,9,20.8,10.9,0.0,3.2,1,0.0,0.08,0.08,1.21,50,-2005,16199,1307,3312,1,3,7,8
Robertson,DEF,Spurs,Nott'm Forest,0,3,502,28,18,1,False,2026-09-05T14:00:00Z,0,0,3,29,0,0,0,0,0,0,0,0,0,0,0,3,6.0,0.3,0.0,0.6,0,0.0,0.0,0.0,0.43,45,-47646,328965,13705,61351,0,1,1,1
Van de Ven,DEF,Spurs,Nott'm Forest,0,3,503,28,18,9,False,2026-09-05T14:00:00Z,0,0,3,90,0,0,1,0,0,0,0,0,0,0,3,30,21.4,1.2,14.0,3.7,1,0.57,0.0,0.57,0.92,50,-61459,380320,16557,78016,3,4,6,9
Vuskovic,DEF,Brighton,Leeds,0,3,504,23,13,12,True,2026-09-05T14:00:00Z,1,1,3,90,1,0,0,1,0,0,0,0,0,0,2,27,56.2,1.8,40.0,9.8,1,0.19,0.01,0.2,2.49,50,-9735,244648,22843,32578,2,4,8,10
Spence,DEF,Spurs,Nott'm Forest,0,3,505,28,18,0,False,2026-09-05T14:00:00Z,0,0,3,0,0,0,0,0,0,0,0,0,0,0,0,0,0.0,0.0,0.0,0.0,0,0.0,0.0,0.0,0.0,45,-14294,33138,0,14294,0,0,0,0
Udogie,DEF,Spurs,Nott'm Forest,0,3,506,28,18,5,False,2026-09-05T14:00:00Z,0,0,3,60,0,0,1,0,0,0,0,1,0,0,0,16,4.6,1.3,2.0,0.8,1,0.0,0.02,0.02,0.49,45,-5660,43060,1127,6787,0,1,3,3
Phillips,DEF,Spurs,Nott'm Forest,0,3,507,28,18,0,False,2026-09-05T14:00:00Z,0,0,3,0,0,0,0,0,0,0,0,0,0,0,0,0,0.0,0.0,0.0,0.0,0,0.0,0.0,0.0,0.0,45,-312,1605,0,312,0,0,0,0
Davies,DEF,Spurs,Nott'm Forest,0,3,508,28,18,0,False,2026-09-05T14:00:00Z,0,0,3,0,0,0,0,0,0,0,0,0,0,0,0,0,0.0,0.0,0.0,0.0,0,0.0,0.0,0.0,0.0,40,-7462,98874,4305,11767,0,0,0,0
Byfield,DEF,Spurs,Nott'm Forest,0,3,509,28,18,0,False,2026-09-05T14:00:00Z,0,0,3,0,0,0,0,0,0,0,0,0,0,0,0,0,0.0,0.0,0.0,0.0,0,0.0,0.0,0.0,0.0,40,71,6404,719,648,0,0,0,0
Rowswell,DEF,Spurs,Nott'm Forest,0,3,510,28,18,0,False,2026-09-05T14:00:00Z,0,0,3,0,0,0,0,0,0,0,0,0,0,0,0,0,0.0,0.0,0.0,0.0,0,0.0,0.0,0.0,0.0,40,-25,9320,898,923,0,0,0,0
Souza,DEF,Spurs,Nott'm Forest,0,3,511,28,18,0,False,2026-09-05T14:00:00Z,0,0,3,0,0,0,0,0,0,0,0,0,0,0,0,0,0.0,0.0,0.0,0.0,0,0.0,0.0,0.0,0.0,40,-4780,25220,1362,6142,0,0,0,0
Kudus,MID,Spurs,Nott'm Forest,0,3,512,28,18,1,False,2026-09-05T14:00:00Z,0,0,3,29,0,0,0,0,0,0,0,0,0,0,0,13,5.2,15.1,2.0,2.2,0,0.0,0.16,0.16,0.43,65,2526,12485,4599,2073,0,3,0,3
Xavi,MID,Spurs,Nott'm Forest,0,3,513,28,18,0,False,2026-09-05T14:00:00Z,0,0,3,0,0,0,0,0,0,0,0,0,0,0,0,0,0.0,0.0,0.0,0.0,0,0.0,0.0,0.0,0.0,60,-291,1296,78,369,0,0,0,0
Tel,MID,Spurs,Nott'm Forest,0,3,514,28,18,3,False,2026-09-05T14:00:00Z,0,0,3,73,0,0,1,0,0,0,0,0,0,0,0,11,6.8,20.2,20.0,4.7,1,0.0,0.05,0.05,0.76,59,-17708,30912,2049,19757,0,2,0,2
Maddison,MID,Spurs,Nott'm Forest,0,3,515,28,18,0,False,2026-09-05T14:00:00Z,0,0,3,0,0,0,0,0,0,0,0,0,0,0,0,0,0.0,0.0,0.0,0.0,0,0.0,0.0,0.0,0.0,64,-38883,57231,175,39058,0,0,0,0
Bentancur,MID,Spurs,Nott'm Forest,0,3,516,28,18,5,False,2026-09-05T14:00:00Z,0,0,3,90,0,0,1,0,0,0,0,0,0,0,0,14,18.4,3.3,6.0,2.8,1,0.02,0.01,0.03,0.92,55,-1789,17786,831,2620,1,5,11,17
Odobert,MID,Spurs,Nott'm Forest,0,3,517,28,18,0,False,2026-09-05T14:00:00Z,0,0,3,0,0,0,0,0,0,0,0,0,0,0,0,0,0.0,0.0,0.0,0.0,0,0.0,0.0,0.0,0.0,55,-11,117,27,38,0,0,0,0
P.M.Sarr,MID,Spurs,Nott'm Forest,0,3,518,28,18,0,False,2026-09-05T14:00:00Z,0,0,3,0,0,0,0,0,0,0,0,0,0,0,0,0,0.0,0.0,0.0,0.0,0,0.0,0.0,0.0,0.0,49,-1782,14992,4025,5807,0,0,0,0
Gallagher,MID,Spurs,Nott'm Forest,0,3,519,28,18,3,False,2026-09-05T14:00:00Z,0,0,3,83,0,0,1,0,0,0,0,0,0,0,0,23,10.2,4.4,2.0,1.7,1,0.0,0.06,0.06,0.88,54,-5563,22380,1024,6587,4,6,1,11
Bergvall,MID,Spurs,Nott'm Forest,0,3,520,28,18,0,False,2026-09-05T14:00:00Z,0,0,3,0,0,0,0,0,0,0,0,0,0,0,0,0,0.0,0.0,0.0,0.0,0,0.0,0.0,0.0,0.0,54,-3012,17646,482,3494,0,0,0,0
Kulusevski,MID,Spurs,Nott'm Forest,0,3,521,28,18,0,False,2026-09-05T14:00:00Z,0,0,3,0,0,0,0,0,0,0,0,0,0,0,0,0,0.0,0.0,0.0,0.0,0,0.0,0.0,0.0,0.0,65,-90,912,87,177,0,0,0,0
Gray,MID,Spurs,Nott'm Forest,0,3,522,28,18,0,False,2026-09-05T14:00:00Z,0,0,3,0,0,0,0,0,0,0,0,0,0,0,0,0,0.0,0.0,0.0,0.0,0,0.0,0.0,0.0,0.0,50,-1885,21616,2161,4046,0,0,0,0
Moore,MID,Spurs,Nott'm Forest,0,3,523,28,18,0,False,2026-09-05T14:00:00Z,0,0,3,0,0,0,0,0,0,0,0,0,0,0,0,0,0.0,0.0,0.0,0.0,0,0.0,0.0,0.0,0.0,50,-5650,13268,839,6489,0,0,0,0
Olusesi,MID,Spurs,Nott'm Forest,0,3,524,28,18,0,False,2026-09-05T14:00:00Z,0,0,3,0,0,0,0,0,0,0,0,0,0,0,0,0,0.0,0.0,0.0,0.0,0,0.0,0.0,0.0,0.0,45,-7853,72776,1613,9466,0,0,0,0
Fernandes,MID,Spurs,Nott'm Forest,0,3,525,28,18,0,False,2026-09-05T14:00:00Z,0,0,3,7,0,0,0,0,0,0,0,1,0,0,0,-1,0.0,0.4,0.0,0.0,0,0.0,0.0,0.0,0.04,59,-38063,123903,4942,43005,0,0,0,0
Solanke,FWD,Spurs,Nott'm Forest,0,3,526,28,18,1,False,2026-09-05T14:00:00Z,0,0,3,6,0,0,0,0,0,0,0,0,0,0,0,-1,0.0,0.3,4.0,0.4,0,0.17,0.0,0.17,0.04,59,-27806,106592,7532,35338,0,0,1,1
Richarlison,FWD,Spurs,Nott'm Forest,0,3,527,28,18,0,False,2026-09-05T14:00:00Z,0,0,3,0,0,0,0,0,0,0,0,0,0,0,0,0,0.0,0.0,0.0,0.0,0,0.0,0.0,0.0,0.0,59,-117513,153916,6716,124229,0,0,0,0
Scarlett,FWD,Spurs,Nott'm Forest,0,3,528,28,18,0,False,2026-09-05T14:00:00Z,0,0,3,0,0,0,0,0,0,0,0,0,0,0,0,0,0.0,0.0,0.0,0.0,0,0.0,0.0,0.0,0.0,45,-5408,178567,29341,34749,0,0,0,0
Roefs,GK,Sunderland,Brentford,0,3,529,22,4,2,False,2026-09-05T14:00:00Z,1,1,3,90,0,0,0,1,0,0,0,0,0,1,0,11,12.6,0.0,0.0,1.3,1,0.0,0.0,0.0,1.21,50,-38987,342137,10237,49224,0,13,1,0
Patterson,GK,Sunderland,Brentford,0,3,530,22,4,0,False,2026-09-05T14:00:00Z,1,1,3,0,0,0,0,0,0,0,0,0,0,0,0,0,0.0,0.0,0.0,0.0,0,0.0,0.0,0.0,0.0,40,-1616,14484,0,1616,0,0,0,0
Ellborg,GK,Sunderland,Brentford,0,3,531,22,4,0,False,2026-09-05T14:00:00Z,1,1,3,0,0,0,0,0,0,0,0,0,0,0,0,0,0.0,0.0,0.0,0.0,0,0.0,0.0,0.0,0.0,45,-546,8803,405,951,0,0,0,0
Ballard,DEF,Sunderland,Brentford,0,3,532,22,4,4,False,2026-09-05T14:00:00Z,1,1,3,90,0,0,0,1,0,0,0,0,0,0,0,12,25.0,10.3,8.0,4.3,1,0.06,0.14,0.2,1.21,50,-79167,398900,15628,94795,2,5,8,10
Mukiele,DEF,Sunderland,Brentford,0,3,533,22,4,4,False,2026-09-05T14:00:00Z,1,1,3,90,0,0,0,1,0,0,0,0,0,0,0,16,32.4,5.0,0.0,3.7,1,0.0,0.02,0.02,1.21,55,-3387,247977,21418,24805,4,6,10,14
Hume,DEF,Sunderland,Brentford,0,3,534,22,4,1,False,2026-09-05T14:00:00Z,1,1,3,26,0,0,0,0,0,0,0,0,0,0,0,8,3.8,0.1,0.0,0.4,0,0.0,0.0,0.0,0.45,45,-68992,528010,17561,86553,2,2,0,2
Alderete,DEF,Sunderland,Brentford,0,3,535,22,4,0,False,2026-09-05T14:00:00Z,1,1,3,0,0,0,0,0,0,0,0,0,0,0,0,0,0.0,0.0,0.0,0.0,0,0.0,0.0,0.0,0.0,50,-8564,35107,1476,10040,0,0,0,0
Reinildo,DEF,Sunderland,Brentford,0,3,536,22,4,2,False,2026-09-05T14:00:00Z,1,1,3,90,0,0,0,1,0,0,0,0,0,0,0,14,14.4,1.5,0.0,1.6,1,0.0,0.01,0.01,1.21,45,-2351,41923,1972,4323,3,7,4,7
Seelt,DEF,Sunderland,Brentford,0,3,537,22,4,0,False,2026-09-05T14:00:00Z,1,1,3,0,0,0,0,0,0,0,0,0,0,0,0,0,0.0,0.0,0.0,0.0,0,0.0,0.0,0.0,0.0,45,-357,701,3,360,0,0,0,0
Hjelde,DEF,Sunderland,Brentford,0,3,538,22,4,0,False,2026-09-05T14:00:00Z,1,1,3,0,0,0,0,0,0,0,0,0,0,0,0,0,0.0,0.0,0.0,0.0,0,0.0,0.0,0.0,0.0,40,-680,4484,0,680,0,0,0,0
O'Nien,DEF,Sunderland,Brentford,0,3,539,22,4,0,False,2026-09-05T14:00:00Z,1,1,3,0,0,0,0,0,0,0,0,0,0,0,0,0,0.0,0.0,0.0,0.0,0,0.0,0.0,0.0,0.0,40,-27829,310001,5301,33130,0,0,0,0
Masuaku,DEF,Sunderland,Brentford,0,3,540,22,4,0,False,2026-09-05T14:00:00Z,1,1,3,0,0,0,0,0,0,0,0,0,0,0,0,0,0.0,0.0,0.0,0.0,0,0.0,0.0,0.0,0.0,40,-3070,17428,0,3070,0,0,0,0
Meunier,DEF,Sunderland,Brentford,0,3,541,22,4,2,False,2026-09-05T14:00:00Z,1,1,3,63,0,0,0,1,0,0,0,0,0,0,0,0,5.2,1.5,6.0,1.3,1,0.11,0.0,0.11,0.76,45,301,30963,2639,2338,0,0,2,2
E.Le Fée,MID,Sunderland,Brentford,0,3,542,22,4,8,False,2026-09-05T14:00:00Z,1,1,3,90,1,0,0,1,0,0,0,0,0,0,1,25,40.0,3.7,24.0,6.8,1,0.84,0.03,0.87,1.21,59,-256530,564317,7320,263850,4,2,0,6
Diarra,MID,Sunderland,Brentford,0,3,543,22,4,0,False,2026-09-05T14:00:00Z,1,1,3,0,0,0,0,0,0,0,0,0,0,0,0,0,0.0,0.0,0.0,0.0,0,0.0,0.0,0.0,0.0,55,-2142,4664,164,2306,0,0,0,0
Xhaka,MID,Sunderland,Brentford,0,3,544,22,4,3,False,2026-09-05T14:00:00Z,1,1,3,90,0,0,0,1,0,0,0,1,0,0,0,12,15.2,20.5,3.0,3.9,1,0.06,0.12,0.18,1.21,55,-1951,475519,45125,47076,2,9,4,15
Sadiki,MID,Sunderland,Brentford,0,3,545,22,4,1,False,2026-09-05T14:00:00Z,1,1,3,73,0,0,0,1,0,0,0,1,0,0,0,16,8.8,15.0,48.0,7.2,1,0.28,0.18,0.46,0.82,50,-3063,29609,1887,4950,0,3,0,3
Adingra,MID,Sunderland,Brentford,0,3,546,22,4,0,False,2026-09-05T14:00:00Z,1,1,3,0,0,0,0,0,0,0,0,0,0,0,0,0,0.0,0.0,0.0,0.0,0,0.0,0.0,0.0,0.0,49,-1749,4340,187,1936,0,0,0,0
Mundle,MID,Sunderland,Brentford,0,3,547,22,4,0,False,2026-09-05T14:00:00Z,1,1,3,0,0,0,0,0,0,0,0,0,0,0,0,0,0.0,0.0,0.0,0.0,0,0.0,0.0,0.0,0.0,50,-51,810,83,134,0,0,0,0
Rigg,MID,Sunderland,Brentford,0,3,548,22,4,0,False,2026-09-05T14:00:00Z,1,1,3,0,0,0,0,0,0,0,0,0,0,0,0,0,0.0,0.0,0.0,0.0,0,0.0,0.0,0.0,0.0,50,-719,5751,143,862,0,0,0,0
Talbi,MID,Sunderland,Brentford,0,3,549,22,4,0,False,2026-09-05T14:00:00Z,1,1,3,0,0,0,0,0,0,0,0,0,0,0,0,0,0.0,0.0,0.0,0.0,0,0.0,0.0,0.0,0.0,54,-3700,17189,427,4127,0,0,0,0
Jocelin.T,MID,Sunderland,Brentford,0,3,550,22,4,0,False,2026-09-05T14:00:00Z,1,1,3,0,0,0,0,0,0,0,0,0,0,0,0,0,0.0,0.0,0.0,0.0,0,0.0,0.0,0.0,0.0,50,-21,602,80,101,0,0,0,0
N.Angulo,MID,Sunderland,Brentford,0,3,551,22,4,2,False,2026-09-05T14:00:00Z,1,1,3,63,0,0,0,1,0,0,0,0,0,0,0,11,8.6,5.7,16.0,3.0,1,0.0,0.07,0.07,0.76,50,1656,15646,4768,3112,1,3,1,5
Brobbey,FWD,Sunderland,Brentford,0,3,552,22,4,2,False,2026-09-05T14:00:00Z,1,1,3,90,0,0,0,1,0,0,0,0,0,0,0,11,4.4,37.1,29.0,7.1,1,0.26,0.06,0.32,1.21,59,-321733,912046,27284,349017,0,3,0,3
Isidor,FWD,Sunderland,Brentford,0,3,553,22,4,4,False,2026-09-05T14:00:00Z,1,1,3,26,0,1,0,0,0,0,0,0,0,0,0,15,0.2,0.3,10.0,1.1,0,0.1,0.01,0.11,0.45,55,21273,116229,35830,14557,0,2,0,2
Van Oevelen,GK,Ipswich Town,Liverpool,0,3,554,21,14,0,True,2026-09-04T19:00:00Z,0,2,3,0,0,0,0,0,0,0,0,0,0,0,0,0,0.0,0.0,0.0,0.0,0,0.0,0.0,0.0,0.0,45,-698,2365,0,698,0,0,0,0
Matthews,GK,Crystal Palace,Fulham,0,3,555,24,10,0,False,2026-09-05T14:00:00Z,2,3,3,0,0,0,0,0,0,0,0,0,0,0,0,0,0.0,0.0,0.0,0.0,0,0.0,0.0,0.0,0.0,40,-1097,188559,7566,8663,0,0,0,0
Targett,DEF,Hull City,Aston Villa,0,3,556,25,2,0,True,2026-09-05T16:30:00Z,0,0,3,0,0,0,0,0,0,0,0,0,0,0,0,0,0.0,0.0,0.0,0.0,0,0.0,0.0,0.0,0.0,40,-12694,218007,10419,23113,0,0,0,0
Tzolis,MID,Arsenal,Chelsea,0,3,557,29,6,5,True,2026-09-06T15:30:00Z,2,1,3,90,0,1,0,1,0,0,0,1,0,0,1,31,30.6,50.0,4.0,8.5,1,0.0,0.2,0.2,0.39,65,-601940,1889271,91384,693324,1,5,2,8
Schlager,MID,Nott'm Forest,Spurs,0,3,558,28,19,3,True,2026-09-05T14:00:00Z,0,0,3,90,0,0,1,0,0,0,0,0,0,0,0,18,11.2,2.3,1.0,1.5,1,0.03,0.06,0.09,1.06,50,99,10377,1419,1320,4,3,3,10
Bamba,MID,Newcastle,Bournemouth,0,3,559,27,3,0,True,2026-09-05T11:30:00Z,2,2,3,0,0,0,0,0,0,0,0,0,0,0,0,0,0.0,0.0,0.0,0.0,0,0.0,0.0,0.0,0.0,50,-1788,11930,834,2622,0,0,0,0
Penders,GK,Chelsea,Arsenal,0,3,560,29,1,0,False,2026-09-06T15:30:00Z,2,1,3,0,0,0,0,0,0,0,0,0,0,0,0,0,0.0,0.0,0.0,0.0,0,0.0,0.0,0.0,0.0,45,-769,6809,363,1132,0,0,0,0
Anselmino,DEF,Chelsea,Arsenal,0,3,561,29,1,0,False,2026-09-06T15:30:00Z,2,1,3,0,0,0,0,0,0,0,0,0,0,0,0,0,0.0,0.0,0.0,0.0,0,0.0,0.0,0.0,0.0,45,-49,1971,225,274,0,0,0,0
Maeda,MID,Ipswich Town,Liverpool,0,3,562,21,14,2,True,2026-09-04T19:00:00Z,0,2,3,65,0,0,0,2,0,0,0,0,0,0,0,9,8.2,0.1,17.0,2.5,1,0.04,0.0,0.04,0.62,55,-4936,32352,903,5839,2,1,2,5
Morita,MID,Hull City,Aston Villa,0,3,563,25,2,0,True,2026-09-05T16:30:00Z,0,0,3,0,0,0,0,0,0,0,0,0,0,0,0,0,0.0,0.0,0.0,0.0,0,0.0,0.0,0.0,0.0,50,104,2482,421,317,0,0,0,0
Scherpen,GK,Ipswich Town,Liverpool,0,3,564,21,14,2,True,2026-09-04T19:00:00Z,0,2,3,90,0,0,0,2,0,0,0,0,0,5,0,13,27.8,0.0,0.0,2.8,1,0.0,0.0,0.0,0.69,45,-2758,58738,4399,7157,0,7,0,0
M.Sangaré,MID,Brentford,Sunderland,0,3,565,22,20,0,True,2026-09-05T14:00:00Z,1,1,3,45,0,0,0,0,0,0,0,1,0,0,0,0,0.0,1.3,8.0,0.6,1,0.15,0.01,0.16,0.35,57,509396,1631469,639468,130072,1,3,1,5
Silva,DEF,Bournemouth,Newcastle,0,3,566,27,17,1,False,2026-09-05T11:30:00Z,2,2,3,90,0,0,0,2,0,0,0,0,0,0,0,8,23.8,1.2,17.0,4.2,1,0.02,0.01,0.03,0.71,50,3048,43269,9722,6674,1,2,7,8
Horníček,GK,Newcastle,Bournemouth,0,3,567,27,3,2,True,2026-09-05T11:30:00Z,2,2,3,90,0,0,0,2,0,0,0,0,0,4,0,12,33.4,0.0,0.0,3.3,1,0.0,0.0,0.0,1.37,50,39154,125893,58261,19107,0,6,0,0
Barco,MID,Chelsea,Arsenal,0,3,568,29,1,0,False,2026-09-06T15:30:00Z,2,1,3,0,0,0,0,0,0,0,0,0,0,0,0,0,0.0,0.0,0.0,0.0,0,0.0,0.0,0.0,0.0,55,-1018,13655,1055,2073,0,0,0,0
Gonzalo,FWD,Fulham,Crystal Palace,0,3,569,24,8,2,True,2026-09-05T14:00:00Z,2,3,3,90,0,0,0,3,0,0,0,0,0,0,0,10,5.8,14.0,39.0,5.9,1,0.44,0.2,0.64,1.97,60,49426,490355,128611,79185,1,3,3,7
Palacios,MID,Fulham,Crystal Palace,0,3,570,24,8,8,True,2026-09-05T14:00:00Z,2,3,3,60,1,0,0,2,0,0,0,0,0,0,1,27,33.8,13.7,51.0,9.9,1,0.8,0.02,0.82,1.14,55,-2344,18435,1012,3356,0,0,0,0
Florentino,MID,Ipswich Town,Liverpool,0,3,571,21,14,0,True,2026-09-04T19:00:00Z,0,2,3,0,0,0,0,0,0,0,0,0,0,0,0,0,0.0,0.0,0.0,0.0,0,0.0,0.0,0.0,0.0,49,-2128,9821,223,2351,0,0,0,0
Tzolakis,GK,Hull City,Aston Villa,0,3,572,25,2,6,True,2026-09-05T16:30:00Z,0,0,3,90,0,0,1,0,0,0,0,0,0,1,0,25,11.6,0.0,0.0,1.2,1,0.0,0.0,0.0,1.93,46,306909,857252,367782,60873,0,10,0,0
Sanchez,DEF,Bournemouth,Newcastle,0,3,573,27,17,0,False,2026-09-05T11:30:00Z,2,2,3,0,0,0,0,0,0,0,0,0,0,0,0,0,0.0,0.0,0.0,0.0,0,0.0,0.0,0.0,0.0,45,-1920,19900,369,2289,0,0,0,0
Hjertø-Dahl,MID,Hull City,Aston Villa,0,3,574,25,2,1,True,2026-09-05T16:30:00Z,0,0,3,8,0,0,0,0,0,0,0,0,0,0,0,4,0.0,0.0,0.0,0.0,0,0.0,0.0,0.0,0.0,50,-1139,6691,321,1460,0,1,0,1
Yirenkyi,MID,Coventry City,Man City,0,3,575,26,15,1,False,2026-09-05T14:00:00Z,1,0,3,27,0,0,0,0,0,0,0,0,0,0,0,4,1.0,0.3,0.0,0.1,0,0.0,0.0,0.0,0.95,50,-3438,20321,778,4216,0,4,2,6
Stroud,MID,Hull City,Aston Villa,0,3,576,25,2,3,True,2026-09-05T16:30:00Z,0,0,3,62,0,0,1,0,0,0,0,0,0,0,0,5,0.0,11.8,4.0,1.4,1,0.04,0.01,0.05,1.81,50,-916,8900,770,1686,0,2,0,2
Tomiyasu,DEF,Crystal Palace,Fulham,0,3,577,24,10,0,False,2026-09-05T14:00:00Z,2,3,3,0,0,0,0,0,0,0,0,0,0,0,0,0,0.0,0.0,0.0,0.0,0,0.0,0.0,0.0,0.0,45,-2052,33461,1378,3430,0,0,0,0
Mudryk,MID,Spurs,Nott'm Forest,0,3,578,28,18,1,False,2026-09-05T14:00:00Z,0,0,3,16,0,0,0,0,0,0,0,0,0,0,0,3,0.0,0.1,2.0,0.1,0,0.0,0.0,0.0,0.16,54,1892,7171,3534,1642,0,0,0,0
Araujo,DEF,Liverpool,Ipswich Town,0,3,579,21,12,8,False,2026-09-04T19:00:00Z,0,2,3,90,0,0,1,0,0,0,0,0,0,0,0,27,20.0,2.4,2.0,2.4,1,0.0,0.01,0.01,0.75,54,-69165,212525,11375,80540,1,1,9,10
Charles,MID,Fulham,Crystal Palace,0,3,580,24,8,2,True,2026-09-05T14:00:00Z,2,3,3,78,0,0,0,3,0,0,0,0,0,0,0,18,12.4,35.2,8.0,5.6,1,0.0,0.09,0.09,1.97,50,-910,7900,334,1244,0,8,3,11
Diomande,DEF,Nott'm Forest,Spurs,0,3,581,28,19,1,True,2026-09-05T14:00:00Z,0,0,3,1,0,0,0,0,0,0,0,0,0,0,0,3,0.0,0.0,0.0,0.0,0,0.0,0.0,0.0,0.0,54,-12790,61213,3142,15932,0,0,0,0
Madjo,FWD,Aston Villa,Hull City,0,3,582,25,11,0,False,2026-09-05T16:30:00Z,0,0,3,0,0,0,0,0,0,0,0,0,0,0,0,0,0.0,0.0,0.0,0.0,0,0.0,0.0,0.0,0.0,55,-8463,31743,894,9357,0,0,0,0
Chavarria,DEF,Chelsea,Arsenal,0,3,583,29,1,1,False,2026-09-06T15:30:00Z,2,1,3,30,0,0,0,0,0,0,0,0,0,0,0,2,2.4,2.0,4.0,0.8,0,0.0,0.0,0.0,0.14,50,-3413,17402,664,4077,1,1,1,2
Hamer,MID,Coventry City,Man City,0,3,584,26,15,1,False,2026-09-05T14:00:00Z,1,0,3,5,0,0,0,0,0,0,0,0,0,0,0,1,0.0,0.0,0.0,0.0,0,0.0,0.0,0.0,0.0,55,-2126,11896,153,2279,1,1,0,2
Herrington,DEF,Hull City,Aston Villa,0,3,585,25,2,1,True,2026-09-05T16:30:00Z,0,0,3,19,0,0,0,0,0,0,0,0,0,0,0,2,6.6,0.1,0.0,0.7,0,0.0,0.0,0.0,0.12,40,-1665,64658,3434,5099,1,1,1,2
Mendy,DEF,Hull City,Aston Villa,0,3,586,25,2,8,True,2026-09-05T16:30:00Z,0,0,3,70,0,0,1,0,0,0,0,0,0,0,0,22,16.2,0.6,14.0,3.1,1,0.03,0.0,0.03,1.81,40,98035,619201,166798,68763,3,2,7,10
Rulli,GK,Man City,Coventry City,0,3,587,26,7,0,True,2026-09-05T14:00:00Z,1,0,3,0,0,0,0,0,0,0,0,0,0,0,0,0,0.0,0.0,0.0,0.0,0,0.0,0.0,0.0,0.0,50,-193,2050,147,340,0,0,0,0
Khalaili,DEF,Crystal Palace,Fulham,0,3,588,24,10,3,False,2026-09-05T14:00:00Z,2,3,3,90,0,0,0,2,0,0,0,0,0,0,0,6,21.6,2.3,8.0,3.2,1,0.72,0.01,0.73,3.14,50,2499,13924,4048,1549,3,3,7,10
Gourna-Douath,MID,Hull City,Aston Villa,0,3,589,25,2,2,True,2026-09-05T16:30:00Z,0,0,3,81,0,0,1,0,0,0,0,1,0,0,0,7,13.4,21.6,0.0,3.5,1,0.0,0.01,0.01,1.93,50,-134,2738,213,347,1,5,4,10
Benda,GK,Nott'm Forest,Spurs,0,3,590,28,19,0,True,2026-09-05T14:00:00Z,0,0,3,0,0,0,0,0,0,0,0,0,0,0,0,0,0.0,0.0,0.0,0.0,0,0.0,0.0,0.0,0.0,45,79,7389,950,871,0,0,0,0
Enciso,MID,Ipswich Town,Liverpool,0,3,591,21,14,1,True,2026-09-04T19:00:00Z,0,2,3,90,0,0,0,2,0,0,0,1,0,0,0,16,10.2,22.5,23.0,5.6,1,0.24,0.02,0.26,0.69,55,25086,82553,35897,10811,0,3,2,5
Ouattara,DEF,Ipswich Town,Liverpool,0,3,592,21,14,1,True,2026-09-04T19:00:00Z,0,2,3,12,0,0,0,0,0,0,0,0,0,0,0,4,3.6,14.0,0.0,1.8,0,0.0,0.02,0.02,0.0,40,-2760,100578,4401,7161,0,2,0,0
Dedić,DEF,Newcastle,Bournemouth,0,3,593,27,3,1,True,2026-09-05T11:30:00Z,2,2,3,90,0,0,0,2,0,0,0,0,0,0,0,3,0.6,6.4,10.0,1.7,1,0.11,0.02,0.13,1.37,45,269442,365061,318645,49203,0,4,1,1
David,FWD,Brighton,Leeds,0,3,594,23,13,0,True,2026-09-05T14:00:00Z,1,1,3,13,0,0,0,0,0,0,0,1,0,0,0,-7,0.0,0.0,4.0,0.0,0,0.42,0.0,0.42,0.1,60,-1278,25799,4444,5722,0,0,0,0
Gozo,MID,Crystal Palace,Fulham,0,3,595,24,10,0,False,2026-09-05T14:00:00Z,2,3,3,0,0,0,0,0,0,0,0,0,0,0,0,0,0.0,0.0,0.0,0.0,0,0.0,0.0,0.0,0.0,50,-66,1444,158,224,0,0,0,0
Ruggeri,DEF,Aston Villa,Hull City,0,3,596,25,11,1,False,2026-09-05T16:30:00Z,0,0,3,15,0,0,0,0,0,0,0,0,0,0,0,3,2.6,2.6,0.0,0.5,0,0.0,0.01,0.01,0.35,45,-990,10240,736,1726,0,2,1,1
Suzuki,GK,Aston Villa,Hull City,0,3,597,25,11,10,False,2026-09-05T16:30:00Z,0,0,3,90,0,0,1,0,0,0,0,0,0,4,3,38,27.2,0.0,0.0,2.7,1,0.0,0.0,0.0,0.57,50,21820,144003,33094,11274,0,13,1,0
Elvedi,DEF,Leeds,Brighton,0,3,598,23,5,4,False,2026-09-05T14:00:00Z,1,1,3,90,0,0,0,1,0,0,0,0,0,0,0,12,27.6,21.1,6.0,5.5,1,0.0,0.57,0.57,2.19,45,201,2951,729,528,0,0,10,10
Cherif,FWD,Coventry City,Man City,0,3,599,26,15,0,False,2026-09-05T14:00:00Z,1,0,3,0,0,0,0,0,0,0,0,0,0,0,0,0,0.0,0.0,0.0,0.0,0,0.0,0.0,0.0,0.0,50,-134,10406,2227,2361,0,0,0,0
Osman,MID,Brighton,Leeds,0,3,600,23,13,0,True,2026-09-05T14:00:00Z,1,1,3,0,0,0,0,0,0,0,0,0,0,0,0,0,0.0,0.0,0.0,0.0,0,0.0,0.0,0.0,0.0,50,30,1841,312,282,0,0,0,0
Williams-Barnett,MID,Spurs,Nott'm Forest,0,3,601,28,18,0,False,2026-09-05T14:00:00Z,0,0,3,0,0,0,0,0,0,0,0,0,0,0,0,0,0.0,0.0,0.0,0.0,0,0.0,0.0,0.0,0.0,45,2301,13933,4467,2166,0,0,0,0
Humphreys,MID,Ipswich Town,Liverpool,0,3,602,21,14,0,True,2026-09-04T19:00:00Z,0,2,3,0,0,0,0,0,0,0,0,0,0,0,0,0,0.0,0.0,0.0,0.0,0,0.0,0.0,0.0,0.0,45,382,4148,1586,1204,0,0,0,0
Lienou,DEF,Leeds,Brighton,0,3,603,23,5,0,False,2026-09-05T14:00:00Z,1,1,3,0,0,0,0,0,0,0,0,0,0,0,0,0,0.0,0.0,0.0,0.0,0,0.0,0.0,0.0,0.0,40,1400,11399,2536,1136,0,0,0,0
Cresswell,MID,Leeds,Brighton,0,3,604,23,5,0,False,2026-09-05T14:00:00Z,1,1,3,0,0,0,0,0,0,0,0,0,0,0,0,0,0.0,0.0,0.0,0.0,0,0.0,0.0,0.0,0.0,45,3728,14318,5922,2194,0,0,0,0
Yalcouyé,MID,Brighton,Leeds,0,3,605,23,13,2,True,2026-09-05T14:00:00Z,1,1,3,90,0,0,0,1,0,0,0,0,0,0,0,16,8.2,24.4,20.0,5.3,1,0.05,0.09,0.14,2.49,45,174780,252653,208413,33633,0,3,2,5
Rowe,DEF,Aston Villa,Hull City,0,3,606,25,11,0,False,2026-09-05T16:30:00Z,0,0,3,0,0,0,0,0,0,0,0,0,0,0,0,0,0.0,0.0,0.0,0.0,0,0.0,0.0,0.0,0.0,40,4717,18767,6400,1683,0,0,0,0
Lynch,MID,Aston Villa,Hull City,0,3,607,25,11,0,False,2026-09-05T16:30:00Z,0,0,3,0,0,0,0,0,0,0,0,0,0,0,0,0,0.0,0.0,0.0,0.0,0,0.0,0.0,0.0,0.0,45,1177,12683,3500,2323,0,0,0,0
Jebbison,FWD,Bournemouth,Newcastle,0,3,608,27,17,1,False,2026-09-05T11:30:00Z,2,2,3,1,0,0,0,0,0,0,0,0,0,0,0,4,0.0,0.0,0.0,0.0,0,0.0,0.0,0.0,0.05,50,2512,9237,4510,1998,0,0,0,0
Shahar,DEF,Newcastle,Bournemouth,0,3,609,27,3,0,True,2026-09-05T11:30:00Z,2,2,3,0,0,0,0,0,0,0,0,0,0,0,0,0,0.0,0.0,0.0,0.0,0,0.0,0.0,0.0,0.0,40,7555,31239,10871,3316,0,0,0,0
De Fougerolles,DEF,Fulham,Crystal Palace,0,3,610,24,8,0,True,2026-09-05T14:00:00Z,2,3,3,0,0,0,0,0,0,0,0,0,0,0,0,0,0.0,0.0,0.0,0.0,0,0.0,0.0,0.0,0.0,40,382,11771,2221,1839,0,0,0,0
Wan-Bissaka,DEF,Aston Villa,Hull City,0,3,611,25,11,1,False,2026-09-05T16:30:00Z,0,0,3,5,0,0,0,0,0,0,0,0,0,0,0,3,2.8,0.9,0.0,0.4,0,0.0,0.0,0.0,0.35,45,5012,15829,6633,1621,0,0,1,1
Methalie,DEF,Sunderland,Brentford,0,3,612,22,4,0,False,2026-09-05T14:00:00Z,1,1,3,0,0,0,0,0,0,0,0,0,0,0,0,0,0.0,0.0,0.0,0.0,0,0.0,0.0,0.0,0.0,45,262,632,362,100,0,0,0,0
Ahoka,MID,Sunderland,Brentford,0,3,613,22,4,0,False,2026-09-05T14:00:00Z,1,1,3,0,0,0,0,0,0,0,0,0,0,0,0,0,0.0,0.0,0.0,0.0,0,0.0,0.0,0.0,0.0,45,8884,27345,13182,4298,0,0,0,0
Hadjam,DEF,Brighton,Leeds,0,3,614,23,13,0,True,2026-09-05T14:00:00Z,1,1,3,0,0,0,0,0,0,0,0,0,0,0,0,0,0.0,0.0,0.0,0.0,0,0.0,0.0,0.0,0.0,45,1310,4150,1795,485,0,0,0,0
Di Gregorio,GK,Bournemouth,Newcastle,0,3,615,27,17,0,False,2026-09-05T11:30:00Z,2,2,3,0,0,0,0,0,0,0,0,0,0,0,0,0,0.0,0.0,0.0,0.0,0,0.0,0.0,0.0,0.0,45,949,2932,1404,455,0,0,0,0
Bouaddi,MID,Man City,Coventry City,0,3,616,26,7,1,True,2026-09-05T14:00:00Z,1,0,3,14,0,0,0,0,0,0,0,0,0,0,0,5,11.2,0.5,0.0,1.2,0,0.0,0.0,0.0,0.37,55,6041,15546,9299,3258,0,3,2,5
Cho,MID,Hull City,Aston Villa,0,3,617,25,2,1,True,2026-09-05T16:30:00Z,0,0,3,8,0,0,0,0,0,0,0,0,0,0,0,5,3.0,0.0,17.0,2.0,0,0.05,0.0,0.05,0.0,50,482,871,671,189,0,0,0,0
Goretzka,MID,Aston Villa,Hull City,0,3,618,25,11,0,False,2026-09-05T16:30:00Z,0,0,3,0,0,0,0,0,0,0,0,0,0,0,0,0,0.0,0.0,0.0,0.0,0,0.0,0.0,0.0,0.0,60,2608,5084,3449,841,0,0,0,0
Palacios,MID,Ipswich Town,Liverpool,0,3,619,21,14,4,True,2026-09-04T19:00:00Z,0,2,3,77,0,0,0,2,0,0,0,0,0,0,0,24,20.2,22.5,0.0,4.3,1,0.0,0.02,0.02,0.69,50,979,1551,1326,347,4,12,3,19
Diouf,DEF,Brentford,Sunderland,0,3,620,22,20,0,True,2026-09-05T14:00:00Z,1,1,3,0,0,0,0,0,0,0,0,0,0,0,0,0,0.0,0.0,0.0,0.0,0,0.0,0.0,0.0,0.0,45,6560,10083,9542,2982,0,0,0,0
McAidoo,MID,Man City,Coventry City,0,3,621,26,7,1,True,2026-09-05T14:00:00Z,1,0,3,3,0,0,0,0,0,0,0,0,0,0,0,5,5.2,0.0,2.0,0.7,0,0.0,0.0,0.0,0.02,45,4752,9526,6678,1926,2,2,0,4
Braithwaite,DEF,Man City,Coventry City,0,3,622,26,7,0,True,2026-09-05T14:00:00Z,1,0,3,0,0,0,0,0,0,0,0,0,0,0,0,0,0.0,0.0,0.0,0.0,0,0.0,0.0,0.0,0.0,40,7079,14144,9284,2205,0,0,0,0
Bentley,GK,Coventry City,Man City,0,3,623,26,15,0,False,2026-09-05T14:00:00Z,1,0,3,0,0,0,0,0,0,0,0,0,0,0,0,0,0.0,0.0,0.0,0.0,0,0.0,0.0,0.0,0.0,40,17253,29804,20080,2827,0,0,0,0
Cozier-Duberry,MID,Brighton,Leeds,0,3,624,23,13,0,True,2026-09-05T14:00:00Z,1,1,3,0,0,0,0,0,0,0,0,0,0,0,0,0,0.0,0.0,0.0,0.0,0,0.0,0.0,0.0,0.0,50,61,111,117,56,0,0,0,0
Cairns,GK,Leeds,Brighton,0,3,625,23,5,0,False,2026-09-05T14:00:00Z,1,1,3,0,0,0,0,0,0,0,0,0,0,0,0,0,0.0,0.0,0.0,0.0,0,0.0,0.0,0.0,0.0,40,8041,19774,9425,1384,0,0,0,0
Zepa,MID,Fulham,Crystal Palace,0,3,626,24,8,0,True,2026-09-05T14:00:00Z,2,3,3,0,0,0,0,0,0,0,0,0,0,0,0,0,0.0,0.0,0.0,0.0,0,0.0,0.0,0.0,0.0,45,17179,40392,22010,4831,0,0,0,0
Barcola,MID,Liverpool,Ipswich Town,0,3,627,21,12,1,False,2026-09-04T19:00:00Z,0,2,3,26,0,0,0,0,0,0,0,0,0,0,0,5,3.0,10.5,2.0,1.6,0,0.0,0.07,0.07,0.17,80,116172,145340,135788,19616,0,0,0,0
Allan,MID,Man City,Coventry City,0,3,628,26,7,0,True,2026-09-05T14:00:00Z,1,0,3,0,0,0,0,0,0,0,0,0,0,0,0,0,0.0,0.0,0.0,0.0,0,0.0,0.0,0.0,0.0,60,213,365,300,87,0,0,0,0
Zetterer,GK,Leeds,Brighton,0,3,629,23,5,0,False,2026-09-05T14:00:00Z,1,1,3,0,0,0,0,0,0,0,0,0,0,0,0,0,0.0,0.0,0.0,0.0,0,0.0,0.0,0.0,0.0,40,11967,37143,13274,1307,0,0,0,0
Harwood-Bellis,DEF,Aston Villa,Hull City,0,3,630,25,11,0,False,2026-09-05T16:30:00Z,0,0,3,0,0,0,0,0,0,0,0,0,0,0,0,0,0.0,0.0,0.0,0.0,0,0.0,0.0,0.0,0.0,45,755,1010,945,190,0,0,0,0
Mbaye,MID,Aston Villa,Hull City,0,3,631,25,11,0,False,2026-09-05T16:30:00Z,0,0,3,0,0,0,0,0,0,0,0,0,0,0,0,0,0.0,0.0,0.0,0.0,0,0.0,0.0,0.0,0.0,60,3426,4421,4056,630,0,0,0,0
Ansah,FWD,Hull City,Aston Villa,0,3,632,25,2,0,True,2026-09-05T16:30:00Z,0,0,3,0,0,0,0,0,0,0,0,0,0,0,0,0,0.0,0.0,0.0,0.0,0,0.0,0.0,0.0,0.0,50,2012,2839,2222,210,0,0,0,0
Ahanor,DEF,Crystal Palace,Fulham,0,3,633,24,10,0,False,2026-09-05T14:00:00Z,2,3,3,0,0,0,0,0,0,0,0,0,0,0,0,0,0.0,0.0,0.0,0.0,0,0.0,0.0,0.0,0.0,45,185,296,217,32,0,0,0,0
Fernandez-Pardo,FWD,Newcastle,Bournemouth,0,3,634,27,3,1,True,2026-09-05T11:30:00Z,2,2,3,27,0,0,0,0,0,0,0,0,0,0,0,4,0.0,0.8,6.0,0.7,0,0.0,0.0,0.0,0.04,60,4798,5694,5384,586,0,1,0,1
Larsson,MID,Fulham,Crystal Palace,0,3,635,24,8,1,True,2026-09-05T14:00:00Z,2,3,3,11,0,0,0,0,0,0,0,0,0,0,0,3,3.6,1.3,9.0,1.4,0,0.13,0.22,0.35,0.0,50,261,322,288,27,1,0,0,1
Ángel,MID,Fulham,Crystal Palace,0,3,636,24,8,0,True,2026-09-05T14:00:00Z,2,3,3,0,0,0,0,0,0,0,0,0,0,0,0,0,0.0,0.0,0.0,0.0,0,0.0,0.0,0.0,0.0,50,106,151,120,14,0,0,0,0
Vaz,FWD,Hull City,Aston Villa,0,3,637,25,2,0,True,2026-09-05T16:30:00Z,0,0,3,0,0,0,0,0,0,0,0,0,0,0,0,0,0.0,0.0,0.0,0.0,0,0.0,0.0,0.0,0.0,50,1405,2077,1607,202,0,0,0,0
Norton-Cuffy,DEF,Hull City,Aston Villa,0,3,638,25,2,1,True,2026-09-05T16:30:00Z,0,0,3,26,0,0,0,0,0,0,0,0,0,0,0,3,2.2,0.3,2.0,0.5,0,0.0,0.0,0.0,0.12,40,5681,17629,6454,773,0,2,1,1
Andrés,MID,Brighton,Leeds,0,3,639,23,13,0,True,2026-09-05T14:00:00Z,1,1,3,0,0,0,0,0,0,0,0,0,0,0,0,0,0.0,0.0,0.0,0.0,0,0.0,0.0,0.0,0.0,55,219,345,261,42,0,0,0,0
Flemming,FWD,Ipswich Town,Liverpool,0,3,640,21,14,1,True,2026-09-04T19:00:00Z,0,2,3,24,0,0,0,0,0,0,0,0,0,0,0,4,3.2,0.5,7.0,1.1,0,0.02,0.01,0.03,0.06,55,1528,1904,1761,233,0,0,0,0
Bard,DEF,Leeds,Brighton,0,3,641,23,5,0,False,2026-09-05T14:00:00Z,1,1,3,0,0,0,0,0,0,0,0,0,0,0,0,0,0.0,0.0,0.0,0.0,0,0.0,0.0,0.0,0.0,45,149,242,177,28,0,0,0,0
Thomas,MID,Hull City,Aston Villa,0,3,642,25,2,1,True,2026-09-05T16:30:00Z,0,0,3,27,0,0,0,0,0,0,0,0,0,0,0,5,3.2,10.8,0.0,1.4,0,0.0,0.04,0.04,0.12,55,388,569,446,58,0,1,0,1
Chilwell,DEF,Crystal Palace,Fulham,0,3,643,24,10,7,False,2026-09-05T14:00:00Z,2,3,3,16,1,0,0,0,0,0,0,0,0,0,0,20,33.2,0.7,17.0,5.1,0,0.15,0.0,0.15,0.57,45,679,984,763,84,0,0,0,0
Timber,MID,Crystal Palace,Fulham,0,3,644,24,10,2,False,2026-09-05T14:00:00Z,2,3,3,73,0,0,0,2,0,0,0,0,0,0,0,8,4.2,0.2,1.0,0.5,1,0.02,0.0,0.02,2.57,50,556,782,656,100,1,3,2,6
Mouzakitis,MID,Hull City,Aston Villa,0,3,645,25,2,0,True,2026-09-05T16:30:00Z,0,0,3,0,0,0,0,0,0,0,0,0,0,0,0,0,0.0,0.0,0.0,0.0,0,0.0,0.0,0.0,0.0,50,186,288,210,24,0,0,0,0
Fofana,MID,Sunderland,Brentford,0,3,646,22,4,1,False,2026-09-05T14:00:00Z,1,1,3,16,0,0,0,0,0,0,0,0,0,0,0,3,0.0,0.5,0.0,0.1,0,0.0,0.0,0.0,0.39,55,1832,2246,2071,239,0,0,0,0
Osorio,MID,Crystal Palace,Fulham,0,3,647,24,10,1,False,2026-09-05T14:00:00Z,2,3,3,1,0,0,0,0,0,0,0,0,0,0,0,2,2.0,0.3,0.0,0.2,0,0.0,0.0,0.0,0.13,55,411,535,461,50,1,0,0,1
Bahoya,MID,Leeds,Brighton,0,3,648,23,5,0,False,2026-09-05T14:00:00Z,1,1,3,0,0,0,0,0,0,0,0,0,0,0,0,0,0.0,0.0,0.0,0.0,0,0.0,0.0,0.0,0.0,50,819,1030,1015,196,0,0,0,0
Maitland-Niles,DEF,Everton,Man Utd,0,3,649,30,16,7,True,2026-09-06T13:00:00Z,2,2,3,13,1,0,0,1,0,0,0,0,0,0,0,13,33.4,0.8,7.0,4.1,0,0.03,0.0,0.03,0.29,45,431,569,559,128,0,0,0,0
Affengruber,DEF,Fulham,Crystal Palace,0,3,650,24,8,0,True,2026-09-05T14:00:00Z,2,3,3,0,0,0,0,0,0,0,0,0,0,0,0,0,0.0,0.0,0.0,0.0,0,0.0,0.0,0.0,0.0,45,177,317,204,27,0,0,0,0
J.Angulo,FWD,Sunderland,Brentford,0,3,651,22,4,0,False,2026-09-05T14:00:00Z,1,1,3,0,0,0,0,0,0,0,0,0,0,0,0,0,0.0,0.0,0.0,0.0,0,0.0,0.0,0.0,0.0,45,14103,27023,15939,1836,0,0,0,0
Azeez,MID,Brighton,Leeds,0,3,652,23,13,0,True,2026-09-05T14:00:00Z,1,1,3,0,0,0,0,0,0,0,0,0,0,0,0,0,0.0,0.0,0.0,0.0,0,0.0,0.0,0.0,0.0,55,214,256,248,34,0,0,0,0
Samba,MID,Man City,Coventry City,0,3,653,26,7,0,True,2026-09-05T14:00:00Z,1,0,3,0,0,0,0,0,0,0,0,0,0,0,0,0,0.0,0.0,0.0,0.0,0,0.0,0.0,0.0,0.0,45,0,0,0,0,0,0,0,0
Graham,MID,Everton,Man Utd,0,3,654,30,16,0,True,2026-09-06T13:00:00Z,2,2,3,0,0,0,0,0,0,0,0,0,0,0,0,0,0.0,0.0,0.0,0.0,0,0.0,0.0,0.0,0.0,45,0,0,0,0,0,0,0,0
Raya,GK,Arsenal,Sunderland,0,4,1,36,20,14,False,2026-09-12T19:00:00Z,0,2,4,90,0,0,1,0,0,1,0,0,0,2,3,38,37.8,0.2,0.0,3.8,1,0.0,0.0,0.0,1.8,60,34449,4195206,249119,214670,0,14,2,0
Arrizabalaga,GK,Arsenal,Sunderland,0,4,2,36,20,0,False,2026-09-12T19:00:00Z,0,2,4,0,0,0,0,0,0,0,0,0,0,0,0,0,0.0,0.0,0.0,0.0,0,0.0,0.0,0.0,0.0,49,-576,7757,275,851,0,0,0,0
Meslier,GK,Arsenal,Sunderland,0,4,3,36,20,0,False,2026-09-12T19:00:00Z,0,2,4,0,0,0,0,0,0,0,0,0,0,0,0,0,0.0,0.0,0.0,0.0,0,0.0,0.0,0.0,0.0,49,-200,3081,108,308,0,0,0,0
Gabriel,DEF,Arsenal,Sunderland,0,4,4,36,20,9,False,2026-09-12T19:00:00Z,0,2,4,90,0,0,1,0,0,0,0,1,0,0,2,30,20.6,1.5,1.0,2.3,1,0.02,0.01,0.03,1.8,80,-197767,2549738,56562,254329,1,2,10,11
J.Timber,DEF,Arsenal,Sunderland,0,4,5,36,20,1,False,2026-09-12T19:00:00Z,0,2,4,45,0,0,0,0,0,0,0,0,0,0,0,3,6.0,1.9,0.0,0.8,0,0.0,0.01,0.01,1.57,65,-772,8281,618,1390,1,5,2,3
Saliba,DEF,Arsenal,Sunderland,0,4,6,36,20,0,False,2026-09-12T19:00:00Z,0,2,4,0,0,0,0,0,0,0,0,0,0,0,0,0,0.0,0.0,0.0,0.0,0,0.0,0.0,0.0,0.0,59,-2516,22768,735,3251,0,0,0,0
Lewis-Skelly,MID,Arsenal,Sunderland,0,4,7,36,20,1,False,2026-09-12T19:00:00Z,0,2,4,45,0,0,0,0,0,0,0,0,0,0,0,2,0.0,1.4,0.0,0.0,1,0.0,0.0,0.0,0.23,55,-4212,70499,6908,11120,0,0,0,0
Calafiori,DEF,Arsenal,Sunderland,0,4,8,36,20,6,False,2026-09-12T19:00:00Z,0,2,4,90,0,0,1,0,0,0,0,0,0,0,0,18,8.8,1.7,7.0,1.8,1,0.06,0.01,0.07,1.8,58,392809,5296821,487524,94715,0,2,4,4
Hincapie,DEF,Arsenal,Sunderland,0,4,9,36,20,0,False,2026-09-12T19:00:00Z,0,2,4,0,0,0,0,0,0,0,0,0,0,0,0,0,0.0,0.0,0.0,0.0,0,0.0,0.0,0.0,0.0,53,-15451,109174,3925,19376,0,0,0,0
White,DEF,Arsenal,Sunderland,0,4,10,36,20,1,False,2026-09-12T19:00:00Z,0,2,4,45,0,0,0,0,0,0,0,0,0,0,0,4,4.2,0.8,6.0,1.1,1,0.0,0.0,0.0,0.23,55,6399,815166,123355,116956,2,0,1,3
Mosquera,DEF,Arsenal,Sunderland,0,4,11,36,20,0,False,2026-09-12T19:00:00Z,0,2,4,0,0,0,0,0,0,0,0,0,0,0,0,0,0.0,0.0,0.0,0.0,0,0.0,0.0,0.0,0.0,54,-201802,248830,733,202535,0,0,0,0
Saka,MID,Arsenal,Sunderland,0,4,12,36,20,8,False,2026-09-12T19:00:00Z,0,2,4,90,1,0,1,0,0,0,0,0,0,0,0,28,45.4,16.9,57.0,11.9,1,1.38,0.08,1.46,1.8,95,64680,1257689,213086,148406,1,4,2,7
Rice,MID,Arsenal,Sunderland,0,4,13,36,20,6,False,2026-09-12T19:00:00Z,0,2,4,80,0,1,1,0,0,0,0,0,0,0,0,27,45.0,36.4,0.0,8.1,1,0.0,0.37,0.37,1.41,74,-126667,1379844,25889,152556,2,2,6,10
Eze,MID,Arsenal,Sunderland,0,4,14,36,20,1,False,2026-09-12T19:00:00Z,0,2,4,9,0,0,0,0,0,0,0,0,0,0,0,3,0.2,0.0,2.0,0.2,0,0.0,0.0,0.0,0.4,63,-25833,125433,3906,29739,0,0,0,0
Ødegaard,MID,Arsenal,Sunderland,0,4,15,36,20,3,False,2026-09-12T19:00:00Z,0,2,4,84,0,0,1,0,0,0,0,0,0,0,0,26,19.4,58.2,2.0,8.0,1,0.0,0.25,0.25,1.8,67,702273,2036643,820232,117959,1,3,1,5
Madueke,MID,Arsenal,Sunderland,0,4,16,36,20,0,False,2026-09-12T19:00:00Z,0,2,4,0,0,0,0,0,0,0,0,0,0,0,0,0,0.0,0.0,0.0,0.0,0,0.0,0.0,0.0,0.0,63,-3081,23695,1399,4480,0,0,0,0
Merino,MID,Arsenal,Sunderland,0,4,17,36,20,1,False,2026-09-12T19:00:00Z,0,2,4,5,0,0,0,0,0,0,0,0,0,0,0,3,0.2,0.1,0.0,0.0,0,0.0,0.0,0.0,0.0,58,-7941,46215,1909,9850,0,0,0,0
Martinelli,MID,Arsenal,Sunderland,0,4,18,36,20,0,False,2026-09-12T19:00:00Z,0,2,4,0,0,0,0,0,0,0,0,0,0,0,0,0,0.0,0.0,0.0,0.0,0,0.0,0.0,0.0,0.0,63,-6160,9183,0,6160,0,0,0,0
Zubimendi,MID,Arsenal,Sunderland,0,4,19,36,20,1,False,2026-09-12T19:00:00Z,0,2,4,9,0,0,0,0,0,0,0,0,0,0,0,5,3.4,0.2,0.0,0.4,0,0.0,0.0,0.0,0.4,54,-11465,71283,1507,12972,1,1,0,2
Dowman,MID,Arsenal,Sunderland,0,4,20,36,20,0,False,2026-09-12T19:00:00Z,0,2,4,0,0,0,0,0,0,0,0,0,0,0,0,0,0.0,0.0,0.0,0.0,0,0.0,0.0,0.0,0.0,53,-713,7072,629,1342,0,0,0,0
Nørgaard,MID,Everton,Spurs,0,4,21,37,19,0,False,2026-09-12T16:30:00Z,0,0,4,0,0,0,0,0,0,0,0,0,0,0,0,0,0.0,0.0,0.0,0.0,0,0.0,0.0,0.0,0.0,49,-1199,5295,83,1282,0,0,0,0
Nwaneri,MID,Arsenal,Sunderland,0,4,22,36,20,0,False,2026-09-12T19:00:00Z,0,2,4,0,0,0,0,0,0,0,0,0,0,0,0,0,0.0,0.0,0.0,0.0,0,0.0,0.0,0.0,0.0,54,-333,783,0,333,0,0,0,0
Fábio Vieira,MID,Arsenal,Sunderland,0,4,23,36,20,0,False,2026-09-12T19:00:00Z,0,2,4,0,0,0,0,0,0,0,0,0,0,0,0,0,0.0,0.0,0.0,0.0,0,0.0,0.0,0.0,0.0,55,-265,708,0,265,0,0,0,0
Nelson,MID,Arsenal,Sunderland,0,4,24,36,20,0,False,2026-09-12T19:00:00Z,0,2,4,0,0,0,0,0,0,0,0,0,0,0,0,0,0.0,0.0,0.0,0.0,0,0.0,0.0,0.0,0.0,55,-113,565,0,113,0,0,0,0
Gyökeres,FWD,Arsenal,Sunderland,0,4,25,36,20,0,False,2026-09-12T19:00:00Z,0,2,4,0,0,0,0,0,0,0,0,0,0,0,0,0,0.0,0.0,0.0,0.0,0,0.0,0.0,0.0,0.0,72,-92048,388876,6130,98178,0,0,0,0
Havertz,FWD,Arsenal,Sunderland,0,4,26,36,20,1,False,2026-09-12T19:00:00Z,0,2,4,90,0,0,1,0,0,0,0,1,0,0,0,0,1.6,12.4,32.0,4.6,1,0.34,0.02,0.36,1.8,75,118477,871717,195764,77287,0,1,1,2
G.Jesus,FWD,Arsenal,Sunderland,0,4,27,36,20,0,False,2026-09-12T19:00:00Z,0,2,4,0,0,0,0,0,0,0,0,0,0,0,0,0,0.0,0.0,0.0,0.0,0,0.0,0.0,0.0,0.0,59,-7696,18614,0,7696,0,0,0,0
Martinez,GK,Chelsea,Hull City,0,4,28,33,11,2,True,2026-09-12T14:00:00Z,2,2,4,90,0,0,0,2,0,0,0,0,0,3,0,10,19.6,0.0,0.0,2.0,1,0.0,0.0,0.0,1.38,50,68402,564431,119022,50620,0,10,0,0
M.Bizot,GK,Aston Villa,Nott'm Forest,0,4,29,31,18,0,True,2026-09-12T14:00:00Z,1,2,4,0,0,0,0,0,0,0,0,0,0,0,0,0,0.0,0.0,0.0,0.0,0,0.0,0.0,0.0,0.0,45,-601,14214,1027,1628,0,0,0,0
Digne,DEF,Aston Villa,Nott'm Forest,0,4,30,31,18,0,True,2026-09-12T14:00:00Z,1,2,4,0,0,0,0,0,0,0,0,0,0,0,0,0,0.0,0.0,0.0,0.0,0,0.0,0.0,0.0,0.0,45,-932,5846,0,932,0,0,0,0
Konsa,DEF,Arsenal,Sunderland,0,4,31,36,20,6,False,2026-09-12T19:00:00Z,0,2,4,90,0,0,1,0,0,0,0,0,0,0,0,16,11.8,0.2,0.0,1.2,1,0.0,0.0,0.0,1.8,45,612675,1867300,709520,96845,2,1,6,8
Cash,DEF,Aston Villa,Nott'm Forest,0,4,32,31,18,0,True,2026-09-12T14:00:00Z,1,2,4,0,0,0,0,0,0,0,0,0,0,0,0,0,0.0,0.0,0.0,0.0,0,0.0,0.0,0.0,0.0,45,-80882,641566,18781,99663,0,0,0,0
Mings,DEF,Aston Villa,Nott'm Forest,0,4,33,31,18,0,True,2026-09-12T14:00:00Z,1,2,4,65,0,0,0,2,0,0,0,1,0,0,0,0,15.6,0.6,4.0,2.0,0,0.09,0.0,0.09,2.08,45,2788,43024,5312,2524,1,2,4,5
Pau,DEF,Aston Villa,Nott'm Forest,0,4,34,31,18,1,True,2026-09-12T14:00:00Z,1,2,4,24,0,0,0,0,0,0,0,0,0,0,0,4,0.2,0.4,2.0,0.3,1,0.0,0.0,0.0,0.2,45,-1717,43964,3870,5587,0,0,0,0
Bogarde,MID,Aston Villa,Nott'm Forest,0,4,35,31,18,0,True,2026-09-12T14:00:00Z,1,2,4,0,0,0,0,0,0,0,0,0,0,0,0,0,0.0,0.0,0.0,0.0,0,0.0,0.0,0.0,0.0,50,-440,7155,686,1126,0,0,0,0
Maatsen,DEF,Aston Villa,Nott'm Forest,0,4,36,31,18,1,True,2026-09-12T14:00:00Z,1,2,4,90,0,0,0,2,0,0,0,0,0,0,0,7,10.2,3.4,24.0,3.8,1,0.18,0.03,0.21,1.66,45,10444,92419,17456,7012,1,6,3,4
Lindelöf,DEF,Aston Villa,Nott'm Forest,0,4,37,31,18,1,True,2026-09-12T14:00:00Z,1,2,4,90,0,0,0,2,0,0,0,0,0,0,0,2,16.4,1.1,35.0,5.3,1,0.44,0.01,0.45,2.28,45,3012,33974,5112,2100,0,0,2,2
A.García,DEF,Aston Villa,Nott'm Forest,0,4,38,31,18,0,True,2026-09-12T14:00:00Z,1,2,4,0,0,0,0,0,0,0,0,0,0,0,0,0,0.0,0.0,0.0,0.0,0,0.0,0.0,0.0,0.0,40,-4343,183834,12784,17127,0,0,0,0
Nedeljkovic,DEF,Aston Villa,Nott'm Forest,0,4,39,31,18,0,True,2026-09-12T14:00:00Z,1,2,4,0,0,0,0,0,0,0,0,0,0,0,0,0,0.0,0.0,0.0,0.0,0,0.0,0.0,0.0,0.0,40,-2186,15637,0,2186,0,0,0,0
Rogers,MID,Chelsea,Hull City,0,4,40,33,11,8,True,2026-09-12T14:00:00Z,2,2,4,90,1,0,0,2,0,0,0,0,0,0,1,31,43.2,5.9,42.0,9.1,1,0.21,0.02,0.23,1.38,76,1039938,3834585,1168508,128570,2,4,0,6
Buendía,MID,Aston Villa,Nott'm Forest,0,4,41,31,18,2,True,2026-09-12T14:00:00Z,1,2,4,62,0,0,0,1,0,0,0,0,0,0,0,8,0.0,3.9,0.0,0.1,1,0.0,0.01,0.01,1.42,59,-5900,111856,15961,21861,0,5,0,5
Guessand,MID,Crystal Palace,Ipswich Town,0,4,42,34,12,0,True,2026-09-12T14:00:00Z,2,3,4,0,0,0,0,0,0,0,0,0,0,0,0,0,0.0,0.0,0.0,0.0,0,0.0,0.0,0.0,0.0,55,-33,4659,935,968,0,0,0,0
Tielemans,MID,Man Utd,Man City,0,4,43,39,15,2,True,2026-09-13T15:30:00Z,0,1,4,66,0,0,0,1,0,0,0,0,0,0,0,15,12.2,13.8,4.0,3.0,1,0.0,0.04,0.04,0.53,59,-30355,177688,7880,38235,2,0,3,5
Bailey,MID,Aston Villa,Nott'm Forest,0,4,44,31,18,0,True,2026-09-12T14:00:00Z,1,2,4,0,0,0,0,0,0,0,0,0,0,0,0,0,0.0,0.0,0.0,0.0,0,0.0,0.0,0.0,0.0,54,-4702,7592,0,4702,0,0,0,0
McGinn,MID,Aston Villa,Nott'm Forest,0,4,45,31,18,6,True,2026-09-12T14:00:00Z,1,2,4,90,0,1,0,2,0,0,0,0,0,0,1,30,26.4,31.4,0.0,5.8,1,0.0,0.11,0.11,2.28,54,-12721,243800,20520,33241,1,6,2,9
Barkley,MID,Aston Villa,Nott'm Forest,0,4,46,31,18,2,True,2026-09-12T14:00:00Z,1,2,4,62,0,0,0,1,0,0,0,0,0,0,0,14,6.0,2.7,7.0,1.6,1,0.03,0.01,0.04,1.42,50,1496,29642,5244,3748,4,3,0,7
Kamara,MID,Aston Villa,Nott'm Forest,0,4,47,31,18,2,True,2026-09-12T14:00:00Z,1,2,4,90,0,0,0,2,0,0,0,0,0,0,0,17,11.6,12.4,2.0,2.6,1,0.0,0.05,0.05,2.28,50,-1023,34935,3671,4694,3,1,1,5
Onana,MID,Aston Villa,Nott'm Forest,0,4,48,31,18,0,True,2026-09-12T14:00:00Z,1,2,4,0,0,0,0,0,0,0,0,0,0,0,0,0,0.0,0.0,0.0,0.0,0,0.0,0.0,0.0,0.0,50,-160,1757,108,268,0,0,0,0
Iling Jr,MID,Aston Villa,Nott'm Forest,0,4,49,31,18,0,True,2026-09-12T14:00:00Z,1,2,4,0,0,0,0,0,0,0,0,0,0,0,0,0,0.0,0.0,0.0,0.0,0,0.0,0.0,0.0,0.0,50,-22,188,0,22,0,0,0,0
Burrowes,MID,Aston Villa,Nott'm Forest,0,4,50,31,18,0,True,2026-09-12T14:00:00Z,1,2,4,0,0,0,0,0,0,0,0,0,0,0,0,0,0.0,0.0,0.0,0.0,0,0.0,0.0,0.0,0.0,45,-1967,71444,6646,8613,0,0,0,0
George Hemmings,MID,Aston Villa,Nott'm Forest,0,4,51,31,18,1,True,2026-09-12T14:00:00Z,1,2,4,45,0,0,0,0,0,0,0,0,0,0,0,3,2.0,11.5,2.0,1.6,1,0.0,0.01,0.01,0.39,45,30719,147009,53459,22740,0,0,1,1
Alysson,MID,Aston Villa,Nott'm Forest,0,4,52,31,18,6,True,2026-09-12T14:00:00Z,1,2,4,45,1,0,0,2,0,0,0,0,0,0,0,24,34.4,2.3,23.0,6.0,0,0.06,0.0,0.06,1.89,50,-205,4724,508,713,0,1,1,2
Manzambi,MID,Aston Villa,Nott'm Forest,0,4,53,31,18,1,True,2026-09-12T14:00:00Z,1,2,4,27,0,0,0,1,0,0,0,0,0,0,0,3,2.6,4.0,0.0,0.7,0,0.0,0.08,0.08,0.86,59,-1220,13307,570,1790,1,1,0,2
Gomes,MID,Aston Villa,Nott'm Forest,0,4,54,31,18,0,True,2026-09-12T14:00:00Z,1,2,4,0,0,0,0,0,0,0,0,0,0,0,0,0,0.0,0.0,0.0,0.0,0,0.0,0.0,0.0,0.0,55,-383,3819,131,514,0,0,0,0
Watkins,FWD,Aston Villa,Nott'm Forest,0,4,55,31,18,0,True,2026-09-12T14:00:00Z,1,2,4,0,0,0,0,0,0,0,0,0,0,0,0,0,0.0,0.0,0.0,0.0,0,0.0,0.0,0.0,0.0,78,-126292,317753,0,126292,0,0,0,0
Abraham,FWD,Aston Villa,Nott'm Forest,0,4,56,31,18,1,True,2026-09-12T14:00:00Z,1,2,4,45,0,0,0,2,0,0,0,0,0,0,0,4,1.2,1.5,2.0,0.5,0,0.0,0.0,0.0,1.89,55,1369,17325,4186,2817,0,1,0,1
Petrović,GK,Bournemouth,Brentford,0,4,57,32,4,1,True,2026-09-12T14:00:00Z,2,2,4,90,0,0,0,2,0,0,0,0,0,0,0,0,0.0,0.0,0.0,0.0,1,0.0,0.0,0.0,0.5,45,-9622,346097,27504,37126,0,10,0,0
Forster,GK,Bournemouth,Brentford,0,4,58,32,4,0,True,2026-09-12T14:00:00Z,2,2,4,0,0,0,0,0,0,0,0,0,0,0,0,0,0.0,0.0,0.0,0.0,0,0.0,0.0,0.0,0.0,40,14555,383559,38779,24224,0,0,0,0
Dennis,GK,Bournemouth,Brentford,0,4,59,32,4,0,True,2026-09-12T14:00:00Z,2,2,4,0,0,0,0,0,0,0,0,0,0,0,0,0,0.0,0.0,0.0,0.0,0,0.0,0.0,0.0,0.0,40,-1608,14269,0,1608,0,0,0,0
Hill,DEF,Bournemouth,Brentford,0,4,60,32,4,2,True,2026-09-12T14:00:00Z,2,2,4,90,0,0,0,2,0,0,0,1,0,0,0,5,22.0,11.4,0.0,3.3,1,0.0,0.01,0.01,0.5,55,-2382,89044,8173,10555,1,3,10,11
Truffert,DEF,Bournemouth,Brentford,0,4,61,32,4,3,True,2026-09-12T14:00:00Z,2,2,4,90,0,0,0,2,0,0,0,0,0,0,0,23,38.6,18.0,28.0,8.5,1,0.08,0.1,0.18,0.5,55,-33011,362027,12869,45880,8,3,8,16
Diakité,DEF,Bournemouth,Brentford,0,4,62,32,4,0,True,2026-09-12T14:00:00Z,2,2,4,0,0,0,0,0,0,0,0,0,0,0,0,0,0.0,0.0,0.0,0.0,0,0.0,0.0,0.0,0.0,50,-1343,18147,1310,2653,0,0,0,0
Milosavljević,DEF,Bournemouth,Brentford,0,4,63,32,4,0,True,2026-09-12T14:00:00Z,2,2,4,0,0,0,0,0,0,0,0,0,0,0,0,0,0.0,0.0,0.0,0.0,0,0.0,0.0,0.0,0.0,50,-94,852,70,164,0,0,0,0
Smith,DEF,Bournemouth,Brentford,0,4,64,32,4,0,True,2026-09-12T14:00:00Z,2,2,4,90,0,0,0,2,0,0,0,1,0,0,0,-1,11.4,2.0,0.0,1.3,1,0.0,0.01,0.01,0.5,45,-233,14155,1505,1738,1,4,5,6
J.Araujo,DEF,Bournemouth,Brentford,0,4,65,32,4,0,True,2026-09-12T14:00:00Z,2,2,4,0,0,0,0,0,0,0,0,0,0,0,0,0,0.0,0.0,0.0,0.0,0,0.0,0.0,0.0,0.0,44,-117,1303,99,216,0,0,0,0
Soler,DEF,Bournemouth,Brentford,0,4,66,32,4,0,True,2026-09-12T14:00:00Z,2,2,4,0,0,0,0,0,0,0,0,0,0,0,0,0,0.0,0.0,0.0,0.0,0,0.0,0.0,0.0,0.0,40,1583,31214,4282,2699,0,0,0,0
Rayan,MID,Bournemouth,Brentford,0,4,67,32,4,2,True,2026-09-12T14:00:00Z,2,2,4,81,0,0,0,2,0,0,0,0,0,0,0,7,5.6,17.8,20.0,4.3,1,0.39,0.02,0.41,0.39,64,-33384,202880,8549,41933,1,0,2,3
Tavernier,MID,Bournemouth,Brentford,0,4,68,32,4,8,True,2026-09-12T14:00:00Z,2,2,4,82,1,0,0,2,0,0,0,1,0,0,2,44,49.4,58.3,37.0,14.5,1,0.2,0.47,0.67,0.39,60,125960,417515,177420,51460,1,5,2,8
Scott,MID,Bournemouth,Brentford,0,4,69,32,4,4,True,2026-09-12T14:00:00Z,2,2,4,90,0,0,0,2,0,0,0,0,0,0,0,19,22.2,46.1,10.0,7.8,1,0.19,0.05,0.24,0.5,61,324036,657646,386435,62399,2,7,6,15
Kluivert,MID,Bournemouth,Brentford,0,4,70,32,4,8,True,2026-09-12T14:00:00Z,2,2,4,65,1,0,0,2,0,0,0,0,0,0,1,31,40.0,3.3,43.0,8.6,1,0.21,0.02,0.23,0.39,60,-12026,104989,8665,20691,0,3,1,4
Cook,MID,Bournemouth,Brentford,0,4,71,32,4,0,True,2026-09-12T14:00:00Z,2,2,4,8,0,0,0,0,0,0,0,1,0,0,0,-1,0.6,0.3,0.0,0.1,0,0.0,0.0,0.0,0.11,50,-1358,21878,2134,3492,0,0,2,2
Gannon-Doak,MID,Bournemouth,Brentford,0,4,72,32,4,1,True,2026-09-12T14:00:00Z,2,2,4,8,0,0,0,0,0,0,0,0,0,0,0,6,1.6,1.5,7.0,1.0,0,0.1,0.03,0.13,0.11,49,-612,6799,413,1025,1,3,0,4
Adams,MID,Bournemouth,Brentford,0,4,73,32,4,2,True,2026-09-12T14:00:00Z,2,2,4,81,0,0,0,2,0,0,0,0,0,0,0,16,13.0,5.9,7.0,2.6,1,0.03,0.02,0.05,0.39,50,2015,29708,5594,3579,2,5,3,10
Brooks,MID,Bournemouth,Brentford,0,4,74,32,4,0,True,2026-09-12T14:00:00Z,2,2,4,7,0,0,0,0,0,0,0,1,0,0,0,-1,4.2,0.3,2.0,0.7,0,0.0,0.0,0.0,0.11,50,-81,6000,781,862,0,1,2,3
Christie,MID,Bournemouth,Brentford,0,4,75,32,4,1,True,2026-09-12T14:00:00Z,2,2,4,24,0,0,0,0,0,0,0,0,0,0,0,7,6.6,14.4,4.0,2.5,0,0.0,0.12,0.12,0.11,50,542,3640,1116,574,0,4,3,7
Tóth.A,MID,Bournemouth,Brentford,0,4,76,32,4,0,True,2026-09-12T14:00:00Z,2,2,4,0,0,0,0,0,0,0,0,0,0,0,0,0,0.0,0.0,0.0,0.0,0,0.0,0.0,0.0,0.0,50,-138,1498,72,210,0,0,0,0
Adli,MID,Bournemouth,Brentford,0,4,77,32,4,0,True,2026-09-12T14:00:00Z,2,2,4,0,0,0,0,0,0,0,0,0,0,0,0,0,0.0,0.0,0.0,0.0,0,0.0,0.0,0.0,0.0,49,-275,1557,54,329,0,0,0,0
Kroupi.Jr,MID,Bournemouth,Brentford,0,4,78,32,4,0,True,2026-09-12T14:00:00Z,2,2,4,0,0,0,0,0,0,0,0,0,0,0,0,0,0.0,0.0,0.0,0.0,0,0.0,0.0,0.0,0.0,74,-3124,21026,197,3321,0,0,0,0
Evanilson,FWD,Bournemouth,Brentford,0,4,79,32,4,5,True,2026-09-12T14:00:00Z,2,2,4,90,0,1,0,2,0,0,0,0,0,0,0,22,22.8,40.0,4.0,6.7,1,0.0,0.25,0.25,0.48,60,3494,349369,48861,45367,0,3,1,4
Enes Ünal,FWD,Bournemouth,Brentford,0,4,80,32,4,0,True,2026-09-12T14:00:00Z,2,2,4,0,0,0,0,0,0,0,0,0,0,0,0,0,0.0,0.0,0.0,0.0,0,0.0,0.0,0.0,0.0,55,-219,1781,0,219,0,0,0,0
Rodríguez,FWD,Bournemouth,Brentford,0,4,81,32,4,1,True,2026-09-12T14:00:00Z,2,2,4,1,0,0,0,0,0,0,0,0,0,0,0,3,0.0,0.5,0.0,0.1,0,0.0,0.0,0.0,0.02,60,-409,12593,1247,1656,0,0,0,0
Kelleher,GK,Brentford,Bournemouth,0,4,82,32,3,3,False,2026-09-12T14:00:00Z,2,2,4,90,0,0,0,2,0,0,0,0,0,8,0,19,44.0,0.0,0.0,4.4,1,0.0,0.0,0.0,1.75,50,-23973,702931,34374,58347,0,11,1,0
Valdimarsson,GK,Brentford,Bournemouth,0,4,83,32,3,0,False,2026-09-12T14:00:00Z,2,2,4,0,0,0,0,0,0,0,0,0,0,0,0,0,0.0,0.0,0.0,0.0,0,0.0,0.0,0.0,0.0,45,-438,10856,631,1069,0,0,0,0
Collins,DEF,Brentford,Bournemouth,0,4,84,32,3,0,False,2026-09-12T14:00:00Z,2,2,4,0,0,0,0,0,0,0,0,0,0,0,0,0,0.0,0.0,0.0,0.0,0,0.0,0.0,0.0,0.0,55,-76756,146784,1251,78007,0,0,0,0
Van den Berg,DEF,Brentford,Bournemouth,0,4,85,32,3,0,False,2026-09-12T14:00:00Z,2,2,4,0,0,0,0,0,0,0,0,0,0,0,0,0,0.0,0.0,0.0,0.0,0,0.0,0.0,0.0,0.0,49,-1184,7443,70,1254,0,0,0,0
Lewis-Potter,MID,Brentford,Bournemouth,0,4,86,32,3,1,False,2026-09-12T14:00:00Z,2,2,4,59,0,0,0,2,0,0,0,0,0,0,0,0,0.8,1.6,6.0,0.8,1,0.03,0.13,0.16,1.25,55,-6193,223550,26643,32836,1,0,1,2
Ajer,DEF,Brentford,Bournemouth,0,4,87,32,3,1,False,2026-09-12T14:00:00Z,2,2,4,90,0,0,0,2,0,0,0,0,0,0,0,0,15.2,0.5,8.0,2.4,1,0.02,0.0,0.02,1.75,45,-51781,479881,52109,103890,2,1,7,9
Kayode,DEF,Brentford,Bournemouth,0,4,88,32,3,1,False,2026-09-12T14:00:00Z,2,2,4,19,0,0,0,0,0,0,0,0,0,0,0,5,5.4,14.1,0.0,2.0,0,0.0,0.15,0.15,0.41,46,-58707,934432,52146,110853,0,1,1,1
Henry,DEF,Brentford,Bournemouth,0,4,89,32,3,0,False,2026-09-12T14:00:00Z,2,2,4,0,0,0,0,0,0,0,0,0,0,0,0,0,0.0,0.0,0.0,0.0,0,0.0,0.0,0.0,0.0,45,-1693,21461,309,2002,0,0,0,0
Hickey,DEF,Brentford,Bournemouth,0,4,90,32,3,1,False,2026-09-12T14:00:00Z,2,2,4,70,0,0,0,2,0,0,0,0,0,0,0,4,10.0,2.1,6.0,1.8,1,0.03,0.03,0.06,1.33,45,-402,7602,309,711,2,4,5,7
Pinnock,DEF,Coventry City,Brighton,0,4,91,38,5,2,True,2026-09-13T13:00:00Z,0,5,4,90,0,0,0,5,0,0,0,0,0,0,0,-11,18.0,0.7,4.0,2.3,1,0.01,0.0,0.01,2.81,45,-82,7467,688,770,2,1,8,10
Ji-soo,DEF,Brentford,Bournemouth,0,4,92,32,3,0,False,2026-09-12T14:00:00Z,2,2,4,0,0,0,0,0,0,0,0,0,0,0,0,0,0.0,0.0,0.0,0.0,0,0.0,0.0,0.0,0.0,45,-125,1896,102,227,0,0,0,0
Schuster,DEF,Brentford,Bournemouth,0,4,93,32,3,3,False,2026-09-12T14:00:00Z,2,2,4,90,0,0,0,2,0,0,0,0,0,0,0,5,22.2,0.5,8.0,3.1,1,0.0,0.01,0.01,1.75,45,170,15722,905,735,2,3,10,12
Schade,MID,Brentford,Bournemouth,0,4,94,32,3,15,False,2026-09-12T14:00:00Z,2,2,4,90,2,0,0,2,0,0,0,0,0,0,3,49,70.8,8.3,28.0,10.7,1,0.21,0.1,0.31,1.75,60,-59161,374153,28990,88151,1,3,0,4
O.Dango,MID,Brentford,Bournemouth,0,4,95,32,3,1,False,2026-09-12T14:00:00Z,2,2,4,30,0,0,0,0,0,0,0,0,0,0,0,4,2.0,1.7,6.0,1.0,0,0.02,0.01,0.03,0.5,64,-22021,64766,1377,23398,0,3,1,4
Damsgaard,MID,Brentford,Bournemouth,0,4,96,32,3,1,False,2026-09-12T14:00:00Z,2,2,4,30,0,0,0,0,0,0,0,0,0,0,0,3,0.0,7.8,6.0,1.3,0,0.1,0.0,0.1,0.5,55,807,51791,5734,4927,0,3,1,4
Jensen,MID,Brentford,Bournemouth,0,4,97,32,3,0,False,2026-09-12T14:00:00Z,2,2,4,0,0,0,0,0,0,0,0,0,0,0,0,0,0.0,0.0,0.0,0.0,0,0.0,0.0,0.0,0.0,54,-4249,12497,42,4291,0,0,0,0
Janelt,MID,Brentford,Bournemouth,0,4,98,32,3,4,False,2026-09-12T14:00:00Z,2,2,4,90,0,0,0,2,0,0,0,0,0,0,0,20,28.4,14.4,0.0,4.3,1,0.0,0.08,0.08,1.75,50,139007,266936,176461,37454,3,6,11,20
Milambo,MID,Brentford,Bournemouth,0,4,99,32,3,0,False,2026-09-12T14:00:00Z,2,2,4,0,0,0,0,0,0,0,0,0,0,0,0,0,0.0,0.0,0.0,0.0,0,0.0,0.0,0.0,0.0,50,-5,201,27,32,0,0,0,0
Carvalho,MID,Brentford,Bournemouth,0,4,100,32,3,0,False,2026-09-12T14:00:00Z,2,2,4,0,0,0,0,0,0,0,0,0,0,0,0,0,0.0,0.0,0.0,0.0,0,0.0,0.0,0.0,0.0,50,3,2209,335,332,0,0,0,0
Henderson,MID,Chelsea,Hull City,0,4,101,33,11,0,True,2026-09-12T14:00:00Z,2,2,4,0,0,0,0,0,0,0,0,0,0,0,0,0,0.0,0.0,0.0,0.0,0,0.0,0.0,0.0,0.0,49,-444,3001,145,589,0,0,0,0
Yarmoliuk,MID,Brentford,Bournemouth,0,4,102,32,3,4,False,2026-09-12T14:00:00Z,2,2,4,59,0,1,0,2,0,0,0,0,0,0,0,19,22.0,22.8,4.0,4.9,1,0.0,0.21,0.21,1.25,49,-15709,78222,706,16415,0,3,2,5
Dasilva,MID,Brentford,Bournemouth,0,4,103,32,3,0,False,2026-09-12T14:00:00Z,2,2,4,0,0,0,0,0,0,0,0,0,0,0,0,0,0.0,0.0,0.0,0.0,0,0.0,0.0,0.0,0.0,49,-614,1675,36,650,0,0,0,0
Onyeka,MID,Coventry City,Brighton,0,4,104,38,5,2,True,2026-09-13T13:00:00Z,0,5,4,72,0,0,0,3,0,0,0,0,0,0,0,11,6.2,0.9,21.0,2.8,1,0.03,0.01,0.04,2.16,49,-1084,11832,629,1713,1,4,2,7
Anthony,MID,Brentford,Bournemouth,0,4,105,32,3,1,False,2026-09-12T14:00:00Z,2,2,4,59,0,0,0,2,0,0,0,0,0,0,0,12,14.6,15.3,2.0,3.2,1,0.0,0.1,0.1,1.25,60,-1801,14724,761,2562,2,4,5,11
Thiago,FWD,Brentford,Bournemouth,0,4,106,32,3,1,False,2026-09-12T14:00:00Z,2,2,4,90,0,0,0,2,0,0,0,1,0,0,0,3,0.0,16.0,10.0,2.4,1,0.11,0.03,0.14,1.75,79,-296868,1129976,24154,321022,0,1,0,1
Furo,FWD,Brentford,Bournemouth,0,4,107,32,3,0,False,2026-09-12T14:00:00Z,2,2,4,0,0,0,0,0,0,0,0,0,0,0,0,0,0.0,0.0,0.0,0.0,0,0.0,0.0,0.0,0.0,45,4526,119195,19067,14541,0,0,0,0
Wilson,FWD,Brentford,Bournemouth,0,4,108,32,3,0,False,2026-09-12T14:00:00Z,2,2,4,0,0,0,0,0,0,0,0,0,0,0,0,0,0.0,0.0,0.0,0.0,0,0.0,0.0,0.0,0.0,55,-3164,36748,2767,5931,0,0,0,0
Verbruggen,GK,Brighton,Coventry City,0,4,109,38,7,8,False,2026-09-13T13:00:00Z,0,5,4,90,0,0,1,0,0,0,0,0,0,6,0,39,47.8,0.0,0.0,4.8,1,0.0,0.0,0.0,1.33,45,51727,2390519,248699,196972,0,7,3,0
Rushworth,GK,Coventry City,Brighton,0,4,110,38,5,0,True,2026-09-13T13:00:00Z,0,5,4,90,0,0,0,5,0,0,0,0,0,2,0,-5,18.0,0.0,0.0,1.8,1,0.0,0.01,0.01,2.81,45,-11337,95177,5350,16687,0,11,1,0
Steele,GK,Brighton,Coventry City,0,4,111,38,7,0,False,2026-09-13T13:00:00Z,0,5,4,0,0,0,0,0,0,0,0,0,0,0,0,0,0.0,0.0,0.0,0.0,0,0.0,0.0,0.0,0.0,40,10916,460442,46956,36040,0,0,0,0
Van Hecke,DEF,Spurs,Everton,0,4,112,37,9,8,True,2026-09-12T16:30:00Z,0,0,4,90,0,0,1,0,0,0,0,0,0,0,0,27,38.4,15.2,7.0,6.1,1,0.14,0.05,0.19,1.11,49,-45526,718579,37570,83096,2,2,11,13
F.Kadıoğlu,DEF,Brighton,Coventry City,0,4,113,38,7,6,False,2026-09-13T13:00:00Z,0,5,4,90,0,0,1,0,0,0,0,0,0,0,0,24,6.4,15.4,0.0,2.2,1,0.0,0.09,0.09,1.33,44,-18414,186000,6832,25246,0,1,2,2
Boscagli,DEF,Brighton,Coventry City,0,4,114,38,7,6,False,2026-09-13T13:00:00Z,0,5,4,77,0,0,1,0,0,0,0,0,0,0,0,25,11.6,14.3,2.0,2.8,1,0.01,0.03,0.04,1.11,45,-585,30469,2439,3024,1,5,8,9
De Cuyper,DEF,Brighton,Coventry City,0,4,115,38,7,11,False,2026-09-13T13:00:00Z,0,5,4,90,0,1,1,0,0,0,0,0,0,0,2,41,24.8,46.9,3.0,7.5,1,0.03,0.04,0.07,1.33,48,509874,2489501,640942,131068,0,4,1,1
Dunk,DEF,Brighton,Coventry City,0,4,116,38,7,12,False,2026-09-13T13:00:00Z,0,5,4,90,1,0,1,0,0,0,0,0,0,0,0,39,57.2,4.3,7.0,6.9,1,0.03,0.03,0.06,1.33,45,9404,148520,19779,10375,1,2,5,6
Coppola,DEF,Brighton,Coventry City,0,4,117,38,7,0,False,2026-09-13T13:00:00Z,0,5,4,0,0,0,0,0,0,0,0,0,0,0,0,0,0.0,0.0,0.0,0.0,0,0.0,0.0,0.0,0.0,45,-50,2061,180,230,0,0,0,0
Igor,DEF,Brighton,Coventry City,0,4,118,38,7,0,False,2026-09-13T13:00:00Z,0,5,4,0,0,0,0,0,0,0,0,0,0,0,0,0,0.0,0.0,0.0,0.0,0,0.0,0.0,0.0,0.0,45,-1990,5099,0,1990,0,0,0,0
Costinha,DEF,Brighton,Coventry City,0,4,119,38,7,1,False,2026-09-13T13:00:00Z,0,5,4,6,0,0,0,0,0,0,0,0,0,0,0,3,1.2,0.3,0.0,0.2,0,0.0,0.0,0.0,0.04,45,-117,3722,204,321,0,1,1,1
Svoboda,DEF,Brighton,Coventry City,0,4,120,38,7,0,False,2026-09-13T13:00:00Z,0,5,4,0,0,0,0,0,0,0,0,0,0,0,0,0,0.0,0.0,0.0,0.0,0,0.0,0.0,0.0,0.0,50,4,5997,898,894,0,0,0,0
Mitoma,MID,Brighton,Coventry City,0,4,121,38,7,0,False,2026-09-13T13:00:00Z,0,5,4,0,0,0,0,0,0,0,0,0,0,0,0,0,0.0,0.0,0.0,0.0,0,0.0,0.0,0.0,0.0,59,-383,3299,74,457,0,0,0,0
Minteh,MID,Brighton,Coventry City,0,4,122,38,7,0,False,2026-09-13T13:00:00Z,0,5,4,0,0,0,0,0,0,0,0,0,0,0,0,0,0.0,0.0,0.0,0.0,0,0.0,0.0,0.0,0.0,59,-716,3821,35,751,0,0,0,0
Hinshelwood,MID,Brighton,Coventry City,0,4,123,38,7,0,False,2026-09-13T13:00:00Z,0,5,4,0,0,0,0,0,0,0,0,0,0,0,0,0,0.0,0.0,0.0,0.0,0,0.0,0.0,0.0,0.0,60,-44735,91458,1042,45777,0,0,0,0
Groß,MID,Brighton,Coventry City,0,4,124,38,7,17,False,2026-09-13T13:00:00Z,0,5,4,90,1,2,1,0,0,0,0,0,0,0,3,56,83.8,79.1,18.0,18.1,1,0.82,0.19,1.01,1.33,56,72242,1745184,283590,211348,2,2,2,6
Georginio,FWD,Brighton,Coventry City,0,4,125,38,7,0,False,2026-09-13T13:00:00Z,0,5,4,0,0,0,0,0,0,0,0,0,0,0,0,0,0.0,0.0,0.0,0.0,0,0.0,0.0,0.0,0.0,54,-17412,58474,1249,18661,0,0,0,0
O'Riley,MID,Brighton,Coventry City,0,4,126,38,7,1,False,2026-09-13T13:00:00Z,0,5,4,6,0,0,0,0,0,0,0,0,0,0,0,4,2.2,10.5,0.0,1.3,0,0.0,0.01,0.01,0.04,55,-515,10605,901,1416,0,1,0,1
Gomez,MID,Brighton,Coventry City,0,4,127,38,7,3,False,2026-09-13T13:00:00Z,0,5,4,83,0,0,1,0,0,0,0,0,0,0,0,6,2.4,9.0,9.0,2.0,1,0.14,0.06,0.2,1.3,50,5076,522783,107677,102601,0,2,1,3
Buonanotte,MID,Brighton,Coventry City,0,4,128,38,7,0,False,2026-09-13T13:00:00Z,0,5,4,0,0,0,0,0,0,0,0,0,0,0,0,0,0.0,0.0,0.0,0.0,0,0.0,0.0,0.0,0.0,50,-39,223,0,39,0,0,0,0
Ayari,MID,Brighton,Coventry City,0,4,129,38,7,8,False,2026-09-13T13:00:00Z,0,5,4,90,1,0,1,0,0,0,0,0,0,0,0,38,39.0,6.8,27.0,7.3,1,0.31,0.03,0.34,1.33,54,-4206,39911,2011,6217,1,6,0,7
Wieffer,DEF,Brighton,Coventry City,0,4,130,38,7,0,False,2026-09-13T13:00:00Z,0,5,4,0,0,0,0,0,0,0,0,0,0,0,0,0,0.0,0.0,0.0,0.0,0,0.0,0.0,0.0,0.0,50,-18513,26541,68,18581,0,0,0,0
Baleba,MID,Man Utd,Man City,0,4,131,39,15,0,True,2026-09-13T15:30:00Z,0,1,4,0,0,0,0,0,0,0,0,0,0,0,0,0,0.0,0.0,0.0,0.0,0,0.0,0.0,0.0,0.0,50,-1747,13457,783,2530,0,0,0,0
Howell,MID,Brighton,Coventry City,0,4,132,38,7,0,False,2026-09-13T13:00:00Z,0,5,4,0,0,0,0,0,0,0,0,0,0,0,0,0,0.0,0.0,0.0,0.0,0,0.0,0.0,0.0,0.0,45,-575,3658,0,575,0,0,0,0
Watson,MID,Brighton,Coventry City,0,4,133,38,7,0,False,2026-09-13T13:00:00Z,0,5,4,0,0,0,0,0,0,0,0,0,0,0,0,0,0.0,0.0,0.0,0.0,0,0.0,0.0,0.0,0.0,50,-19,122,0,19,0,0,0,0
Oriola,MID,Brighton,Coventry City,0,4,134,38,7,0,False,2026-09-13T13:00:00Z,0,5,4,0,0,0,0,0,0,0,0,0,0,0,0,0,0.0,0.0,0.0,0.0,0,0.0,0.0,0.0,0.0,45,-1093,28553,2194,3287,0,0,0,0
Yohanna,MID,Brighton,Coventry City,0,4,135,38,7,0,False,2026-09-13T13:00:00Z,0,5,4,0,0,0,0,0,0,0,0,0,0,0,0,0,0.0,0.0,0.0,0.0,0,0.0,0.0,0.0,0.0,49,-1135,5076,318,1453,0,0,0,0
Welbeck,FWD,Chelsea,Hull City,0,4,136,33,11,1,True,2026-09-12T14:00:00Z,2,2,4,12,0,0,0,0,0,0,0,0,0,0,0,4,7.2,10.6,4.0,2.2,0,0.0,0.06,0.06,0.54,59,-5112,82997,8018,13130,0,0,1,1
Tzimas,FWD,Brighton,Coventry City,0,4,137,38,7,0,False,2026-09-13T13:00:00Z,0,5,4,0,0,0,0,0,0,0,0,0,0,0,0,0,0.0,0.0,0.0,0.0,0,0.0,0.0,0.0,0.0,55,-82,705,70,152,0,0,0,0
Kostoulas,FWD,Brighton,Coventry City,0,4,138,38,7,10,False,2026-09-13T13:00:00Z,0,5,4,83,1,1,1,0,0,0,0,0,0,0,1,40,33.0,7.0,38.0,7.8,1,0.39,0.01,0.4,1.3,55,7254,59839,16416,9162,1,4,2,7
Ferguson,FWD,Brighton,Coventry City,0,4,139,38,7,0,False,2026-09-13T13:00:00Z,0,5,4,0,0,0,0,0,0,0,0,0,0,0,0,0,0.0,0.0,0.0,0.0,0,0.0,0.0,0.0,0.0,50,-178,3222,346,524,0,0,0,0
Sánchez,GK,Chelsea,Hull City,0,4,140,33,11,0,True,2026-09-12T14:00:00Z,2,2,4,0,0,0,0,0,0,0,0,0,0,0,0,0,0.0,0.0,0.0,0.0,0,0.0,0.0,0.0,0.0,49,-44507,93763,0,44507,0,0,0,0
Jörgensen,GK,Chelsea,Hull City,0,4,141,33,11,0,True,2026-09-12T14:00:00Z,2,2,4,0,0,0,0,0,0,0,0,0,0,0,0,0,0.0,0.0,0.0,0.0,0,0.0,0.0,0.0,0.0,50,-95,933,0,95,0,0,0,0
James,DEF,Chelsea,Hull City,0,4,142,33,11,1,True,2026-09-12T14:00:00Z,2,2,4,90,0,0,0,2,0,0,0,0,0,0,0,11,19.8,10.4,15.0,4.5,1,0.16,0.14,0.3,1.38,54,-30934,828525,60443,91377,2,4,2,4
Chalobah,DEF,Chelsea,Hull City,0,4,143,33,11,0,True,2026-09-12T14:00:00Z,2,2,4,0,0,0,0,0,0,0,0,0,0,0,0,0,0.0,0.0,0.0,0.0,0,0.0,0.0,0.0,0.0,55,-1338,8308,0,1338,0,0,0,0
Gusto,DEF,Chelsea,Hull City,0,4,144,33,11,1,True,2026-09-12T14:00:00Z,2,2,4,77,0,0,0,2,0,0,0,0,0,0,0,7,14.0,23.3,6.0,4.3,1,0.04,0.07,0.11,0.84,50,-6655,114930,7469,14124,0,4,5,5
Fofana,DEF,Chelsea,Hull City,0,4,145,33,11,1,True,2026-09-12T14:00:00Z,2,2,4,85,0,0,0,2,0,0,0,0,0,0,0,10,18.4,4.7,4.0,2.7,1,0.0,0.03,0.03,0.89,50,7374,18473,9377,2003,2,4,4,6
B.Badiashile,DEF,Chelsea,Hull City,0,4,146,33,11,0,True,2026-09-12T14:00:00Z,2,2,4,0,0,0,0,0,0,0,0,0,0,0,0,0,0.0,0.0,0.0,0.0,0,0.0,0.0,0.0,0.0,45,-250,1183,0,250,0,0,0,0
Tosin,DEF,Spurs,Everton,0,4,147,37,9,1,True,2026-09-12T16:30:00Z,0,0,4,5,0,0,0,0,0,0,0,0,0,0,0,5,9.0,0.2,0.0,0.9,0,0.0,0.0,0.0,0.03,44,-999,17024,639,1638,2,1,2,4
Hato,DEF,Chelsea,Hull City,0,4,148,33,11,0,True,2026-09-12T14:00:00Z,2,2,4,45,0,0,0,2,0,0,0,0,0,0,0,-8,3.8,2.9,2.0,0.9,1,0.0,0.1,0.1,0.44,45,42963,115190,58654,15691,1,2,2,3
Colwill,DEF,Chelsea,Hull City,0,4,149,33,11,1,True,2026-09-12T14:00:00Z,2,2,4,90,0,0,0,2,0,0,0,0,0,0,0,8,26.8,12.2,4.0,4.3,1,0.0,0.01,0.01,1.38,49,-17331,112667,5362,22693,0,6,6,6
M.Sarr,DEF,Chelsea,Hull City,0,4,150,33,11,0,True,2026-09-12T14:00:00Z,2,2,4,0,0,0,0,0,0,0,0,0,0,0,0,0,0.0,0.0,0.0,0.0,0,0.0,0.0,0.0,0.0,45,-1063,3449,0,1063,0,0,0,0
Acheampong,DEF,Chelsea,Hull City,0,4,151,33,11,0,True,2026-09-12T14:00:00Z,2,2,4,0,0,0,0,0,0,0,0,0,0,0,0,0,0.0,0.0,0.0,0.0,0,0.0,0.0,0.0,0.0,45,1716,42181,6326,4610,0,0,0,0
Palestra,DEF,Chelsea,Hull City,0,4,152,33,11,0,True,2026-09-12T14:00:00Z,2,2,4,0,0,0,0,0,0,0,0,0,0,0,0,0,0.0,0.0,0.0,0.0,0,0.0,0.0,0.0,0.0,54,-45257,87915,419,45676,0,0,0,0
Disasi,DEF,Crystal Palace,Ipswich Town,0,4,153,34,12,-3,True,2026-09-12T14:00:00Z,2,3,4,33,0,0,0,3,0,0,0,0,1,0,0,-18,2.2,0.1,0.0,0.2,1,0.0,0.0,0.0,0.38,45,4721,14882,7208,2487,0,2,6,6
Palmer,MID,Chelsea,Hull City,0,4,154,33,11,5,True,2026-09-12T14:00:00Z,2,2,4,90,0,1,0,2,0,0,0,0,0,0,0,28,18.6,37.6,12.0,6.8,1,0.13,0.25,0.38,1.38,97,842103,3081598,946062,103959,0,3,0,3
Enzo,MID,Man City,Man Utd,0,4,155,39,16,2,False,2026-09-13T15:30:00Z,0,1,4,81,0,0,1,0,0,0,0,1,0,0,0,17,10.4,20.7,15.0,4.6,1,0.18,0.13,0.31,0.5,69,-12688,344271,39194,51882,2,4,4,10
Neto,MID,Chelsea,Hull City,0,4,156,33,11,2,True,2026-09-12T14:00:00Z,2,2,4,85,0,0,0,2,0,0,0,0,0,0,0,17,15.8,31.3,27.0,7.4,1,0.05,0.1,0.15,0.89,65,17123,156595,33627,16504,1,3,3,7
Estêvão,MID,Chelsea,Hull City,0,4,157,33,11,1,True,2026-09-12T14:00:00Z,2,2,4,4,0,0,0,0,0,0,0,0,0,0,0,6,5.0,0.5,21.0,2.7,0,0.03,0.07,0.1,0.49,64,-10183,79584,3867,14050,1,0,0,1
Gittens,MID,Chelsea,Hull City,0,4,158,33,11,0,True,2026-09-12T14:00:00Z,2,2,4,0,0,0,0,0,0,0,0,0,0,0,0,0,0.0,0.0,0.0,0.0,0,0.0,0.0,0.0,0.0,59,-225,2962,250,475,0,0,0,0
Caicedo,MID,Chelsea,Hull City,0,4,159,33,11,0,True,2026-09-12T14:00:00Z,2,2,4,0,0,0,0,0,0,0,0,0,0,0,0,0,0.0,0.0,0.0,0.0,0,0.0,0.0,0.0,0.0,54,-48857,149377,1342,50199,0,0,0,0
Garnacho,MID,Aston Villa,Nott'm Forest,0,4,160,31,18,0,True,2026-09-12T14:00:00Z,1,2,4,0,0,0,0,0,0,0,0,0,0,0,0,0,0.0,0.0,0.0,0.0,0,0.0,0.0,0.0,0.0,59,-7225,40475,1531,8756,0,0,0,0
Lavia,MID,Chelsea,Hull City,0,4,161,33,11,2,True,2026-09-12T14:00:00Z,2,2,4,68,0,0,0,2,0,0,0,0,0,0,0,14,7.4,4.9,0.0,1.2,1,0.0,0.07,0.07,0.84,50,3527,25157,7547,4020,1,5,3,9
Andrey Santos,MID,Man Utd,Man City,0,4,162,39,15,0,True,2026-09-13T15:30:00Z,0,1,4,0,0,0,0,0,0,0,0,0,0,0,0,0,0.0,0.0,0.0,0.0,0,0.0,0.0,0.0,0.0,49,-13179,72284,3527,16706,0,0,0,0
D.Essugo,MID,Chelsea,Hull City,0,4,163,33,11,0,True,2026-09-12T14:00:00Z,2,2,4,0,0,0,0,0,0,0,0,0,0,0,0,0,0.0,0.0,0.0,0.0,0,0.0,0.0,0.0,0.0,45,-4174,12126,0,4174,0,0,0,0
Quenda,MID,Chelsea,Hull City,0,4,164,33,11,0,True,2026-09-12T14:00:00Z,2,2,4,0,0,0,0,0,0,0,0,0,0,0,0,0,0.0,0.0,0.0,0.0,0,0.0,0.0,0.0,0.0,54,-517,3551,154,671,0,0,0,0
João Pedro,FWD,Chelsea,Hull City,0,4,165,33,11,12,True,2026-09-12T14:00:00Z,2,2,4,90,1,1,0,2,0,0,0,0,0,0,3,44,54.4,15.7,31.0,10.1,1,0.29,0.04,0.33,1.38,77,296877,7935710,401634,104757,0,0,2,2
N.Jackson,FWD,Aston Villa,Nott'm Forest,0,4,166,31,18,0,True,2026-09-12T14:00:00Z,1,2,4,45,0,0,0,0,0,0,0,1,0,0,0,0,0.0,2.0,2.0,0.2,1,0.0,0.04,0.04,0.39,65,28857,143354,47223,18366,0,0,0,0
Delap,FWD,Nott'm Forest,Aston Villa,0,4,167,31,2,5,False,2026-09-12T14:00:00Z,1,2,4,90,1,0,0,1,0,0,0,1,0,0,0,25,28.6,12.6,38.0,7.9,1,0.63,0.08,0.71,0.73,55,7672,93051,20097,12425,1,2,1,4
Marc Guiu,FWD,Chelsea,Hull City,0,4,168,33,11,0,True,2026-09-12T14:00:00Z,2,2,4,0,0,0,0,0,0,0,0,0,0,0,0,0,0.0,0.0,0.0,0.0,0,0.0,0.0,0.0,0.0,50,-8710,25300,0,8710,0,0,0,0
Mheuka,FWD,Chelsea,Hull City,0,4,169,33,11,0,True,2026-09-12T14:00:00Z,2,2,4,0,0,0,0,0,0,0,0,0,0,0,0,0,0.0,0.0,0.0,0.0,0,0.0,0.0,0.0,0.0,45,1152,44291,6884,5732,0,0,0,0
Emegha,FWD,Chelsea,Hull City,0,4,170,33,11,0,True,2026-09-12T14:00:00Z,2,2,4,0,0,0,0,0,0,0,0,0,0,0,0,0,0.0,0.0,0.0,0.0,0,0.0,0.0,0.0,0.0,50,-1425,14885,1719,3144,0,0,0,0
Dovin,GK,Coventry City,Brighton,0,4,171,38,5,0,True,2026-09-13T13:00:00Z,0,5,4,0,0,0,0,0,0,0,0,0,0,0,0,0,0.0,0.0,0.0,0.0,0,0.0,0.0,0.0,0.0,40,-18083,122705,0,18083,0,0,0,0
Wilson,GK,Coventry City,Brighton,0,4,172,38,5,0,True,2026-09-13T13:00:00Z,0,5,4,0,0,0,0,0,0,0,0,0,0,0,0,0,0.0,0.0,0.0,0.0,0,0.0,0.0,0.0,0.0,45,-2072,40175,242,2314,0,0,0,0
Thomas,DEF,Coventry City,Brighton,0,4,173,38,5,0,True,2026-09-13T13:00:00Z,0,5,4,90,0,0,0,5,0,0,0,0,0,0,0,-17,6.8,0.4,23.0,3.0,1,0.19,0.07,0.26,2.81,40,70975,1003377,154241,83266,0,2,8,8
Kitching,DEF,Coventry City,Brighton,0,4,174,38,5,0,True,2026-09-13T13:00:00Z,0,5,4,0,0,0,0,0,0,0,0,0,0,0,0,0,0.0,0.0,0.0,0.0,0,0.0,0.0,0.0,0.0,40,-10533,43580,0,10533,0,0,0,0
van Ewijk,DEF,Coventry City,Brighton,0,4,175,38,5,0,True,2026-09-13T13:00:00Z,0,5,4,90,0,0,0,5,0,0,0,0,0,0,0,-5,18.8,11.6,4.0,3.4,1,0.0,0.04,0.04,2.81,40,-106326,1124770,32583,138909,1,3,6,7
Dasilva,DEF,Coventry City,Brighton,0,4,176,38,5,0,True,2026-09-13T13:00:00Z,0,5,4,90,0,0,0,5,0,0,0,0,0,0,0,-7,12.8,26.0,0.0,3.9,1,0.0,0.33,0.33,2.81,40,-2321,77723,2492,4813,0,3,3,3
Kesler-Hayden,DEF,Coventry City,Brighton,0,4,177,38,5,0,True,2026-09-13T13:00:00Z,0,5,4,0,0,0,0,0,0,0,0,0,0,0,0,0,0.0,0.0,0.0,0.0,0,0.0,0.0,0.0,0.0,40,-596,4121,114,710,0,0,0,0
Bidwell,DEF,Coventry City,Brighton,0,4,178,38,5,0,True,2026-09-13T13:00:00Z,0,5,4,0,0,0,0,0,0,0,0,0,0,0,0,0,0.0,0.0,0.0,0.0,0,0.0,0.0,0.0,0.0,40,-160,8754,645,805,0,0,0,0
Latibeaudiere,DEF,Coventry City,Brighton,0,4,179,38,5,0,True,2026-09-13T13:00:00Z,0,5,4,0,0,0,0,0,0,0,0,0,0,0,0,0,0.0,0.0,0.0,0.0,0,0.0,0.0,0.0,0.0,40,-101,4073,277,378,0,0,0,0
Woolfenden,DEF,Coventry City,Brighton,0,4,180,38,5,0,True,2026-09-13T13:00:00Z,0,5,4,0,0,0,0,0,0,0,0,0,0,0,0,0,0.0,0.0,0.0,0.0,0,0.0,0.0,0.0,0.0,40,-1447,13479,375,1822,0,0,0,0
Brau,DEF,Coventry City,Brighton,0,4,181,38,5,0,True,2026-09-13T13:00:00Z,0,5,4,0,0,0,0,0,0,0,0,0,0,0,0,0,0.0,0.0,0.0,0.0,0,0.0,0.0,0.0,0.0,40,-477,2631,0,477,0,0,0,0
Amenda,DEF,Coventry City,Brighton,0,4,182,38,5,0,True,2026-09-13T13:00:00Z,0,5,4,90,0,0,0,5,0,0,0,0,0,0,0,-12,18.2,10.3,4.0,3.3,1,0.0,0.0,0.0,2.81,40,-2035,81299,3596,5631,0,0,8,8
Rudoni,MID,Coventry City,Brighton,0,4,183,38,5,2,True,2026-09-13T13:00:00Z,0,5,4,72,0,0,0,3,0,0,0,0,0,0,0,11,10.8,55.5,25.0,9.1,1,0.33,0.73,1.06,2.16,50,-812,11698,965,1777,0,3,2,5
Grimes,MID,Coventry City,Brighton,0,4,184,38,5,2,True,2026-09-13T13:00:00Z,0,5,4,83,0,0,0,4,0,0,0,0,0,0,0,9,5.6,5.8,2.0,1.3,1,0.05,0.02,0.07,2.6,50,-2101,14585,532,2633,1,1,1,3
Sakamoto,MID,Coventry City,Brighton,0,4,185,38,5,0,True,2026-09-13T13:00:00Z,0,5,4,0,0,0,0,0,0,0,0,0,0,0,0,0,0.0,0.0,0.0,0.0,0,0.0,0.0,0.0,0.0,49,-975,7657,207,1182,0,0,0,0
Mason-Clark,MID,Coventry City,Brighton,0,4,186,38,5,1,True,2026-09-13T13:00:00Z,0,5,4,59,0,0,0,2,0,0,0,0,0,0,0,5,6.0,1.0,44.0,5.1,1,0.49,0.01,0.5,1.37,54,-780,9746,222,1002,0,2,2,4
Eccles,MID,Coventry City,Brighton,0,4,187,38,5,0,True,2026-09-13T13:00:00Z,0,5,4,0,0,0,0,0,0,0,0,0,0,0,0,0,0.0,0.0,0.0,0.0,0,0.0,0.0,0.0,0.0,49,-249,1294,93,342,0,0,0,0
Torp,MID,Coventry City,Brighton,0,4,188,38,5,1,True,2026-09-13T13:00:00Z,0,5,4,6,0,0,0,1,0,0,0,0,0,0,0,3,0.4,0.4,0.0,0.1,0,0.0,0.0,0.0,0.21,54,-1542,11943,52,1594,0,0,0,0
Shepherd,MID,Coventry City,Brighton,0,4,189,38,5,0,True,2026-09-13T13:00:00Z,0,5,4,0,0,0,0,0,0,0,0,0,0,0,0,0,0.0,0.0,0.0,0.0,0,0.0,0.0,0.0,0.0,45,-1700,25735,1302,3002,0,0,0,0
Tchaouna,MID,Coventry City,Brighton,0,4,190,38,5,0,True,2026-09-13T13:00:00Z,0,5,4,0,0,0,0,0,0,0,0,0,0,0,0,0,0.0,0.0,0.0,0.0,0,0.0,0.0,0.0,0.0,54,-1390,11417,187,1577,0,0,0,0
Borges Rodrigues,MID,Coventry City,Brighton,0,4,191,38,5,0,True,2026-09-13T13:00:00Z,0,5,4,0,0,0,0,0,0,0,0,0,0,0,0,0,0.0,0.0,0.0,0.0,0,0.0,0.0,0.0,0.0,45,-3328,11101,0,3328,0,0,0,0
Andrews,MID,Coventry City,Brighton,0,4,192,38,5,0,True,2026-09-13T13:00:00Z,0,5,4,0,0,0,0,0,0,0,0,0,0,0,0,0,0.0,0.0,0.0,0.0,0,0.0,0.0,0.0,0.0,45,-8343,36602,0,8343,0,0,0,0
Wright,FWD,Coventry City,Brighton,0,4,193,38,5,0,True,2026-09-13T13:00:00Z,0,5,4,0,0,0,0,0,0,0,0,0,0,0,0,0,0.0,0.0,0.0,0.0,0,0.0,0.0,0.0,0.0,54,-1789,8935,117,1906,0,0,0,0
Thomas-Asante,FWD,Coventry City,Brighton,0,4,194,38,5,1,True,2026-09-13T13:00:00Z,0,5,4,17,0,0,0,2,0,0,0,0,0,0,0,7,6.0,0.5,26.0,3.3,0,0.21,0.03,0.24,0.64,50,-1520,84195,11154,12674,0,0,0,0
Simms,FWD,Coventry City,Brighton,0,4,195,38,5,0,True,2026-09-13T13:00:00Z,0,5,4,0,0,0,0,0,0,0,0,0,0,0,0,0,0.0,0.0,0.0,0.0,0,0.0,0.0,0.0,0.0,50,-8583,81354,5606,14189,0,0,0,0
Markelo,FWD,Coventry City,Brighton,0,4,196,38,5,0,True,2026-09-13T13:00:00Z,0,5,4,0,0,0,0,0,0,0,0,0,0,0,0,0,0.0,0.0,0.0,0.0,0,0.0,0.0,0.0,0.0,50,-136,803,0,136,0,0,0,0
Bassette,FWD,Coventry City,Brighton,0,4,197,38,5,0,True,2026-09-13T13:00:00Z,0,5,4,0,0,0,0,0,0,0,0,0,0,0,0,0,0.0,0.0,0.0,0.0,0,0.0,0.0,0.0,0.0,45,-350,2877,0,350,0,0,0,0
Henderson,GK,Crystal Palace,Ipswich Town,0,4,198,34,12,0,True,2026-09-12T14:00:00Z,2,3,4,0,0,0,0,0,0,0,0,0,0,0,0,0,0.0,0.0,0.0,0.0,0,0.0,0.0,0.0,0.0,50,17128,234983,34005,16877,0,0,0,0
Benitez,GK,Crystal Palace,Ipswich Town,0,4,199,34,12,2,True,2026-09-12T14:00:00Z,2,3,4,90,0,0,0,3,0,0,0,0,0,3,0,3,18.8,0.0,0.0,1.9,1,0.0,0.0,0.0,1.68,45,-389,11338,563,952,0,7,1,0
Lacroix,DEF,Chelsea,Hull City,0,4,200,33,11,1,True,2026-09-12T14:00:00Z,2,2,4,4,0,0,0,0,0,0,0,0,0,0,0,4,3.6,0.0,0.0,0.4,0,0.0,0.0,0.0,0.49,60,-19123,865615,60756,79879,1,0,2,3
Muñoz,DEF,Nott'm Forest,Aston Villa,0,4,201,31,2,2,False,2026-09-12T14:00:00Z,1,2,4,90,0,0,0,1,0,0,0,0,0,0,0,23,31.6,55.9,39.0,12.7,1,0.22,0.18,0.4,0.82,54,-83474,588016,11222,94696,4,4,3,7
Richards,DEF,Crystal Palace,Ipswich Town,0,4,202,34,12,2,True,2026-09-12T14:00:00Z,2,3,4,90,0,0,0,3,0,0,0,1,0,0,0,2,22.4,5.9,0.0,2.8,1,0.0,0.06,0.06,1.68,50,497,74063,9105,8608,1,6,12,13
Canvot,DEF,Crystal Palace,Ipswich Town,0,4,203,34,12,0,True,2026-09-12T14:00:00Z,2,3,4,0,0,0,0,0,0,0,0,0,0,0,0,0,0.0,0.0,0.0,0.0,0,0.0,0.0,0.0,0.0,49,-1594,25690,2554,4148,0,0,0,0
Mitchell,DEF,Crystal Palace,Ipswich Town,0,4,204,34,12,1,True,2026-09-12T14:00:00Z,2,3,4,76,0,0,0,2,0,0,0,0,0,0,0,6,7.8,18.1,0.0,2.6,1,0.0,0.06,0.06,1.13,45,212978,768978,259738,46760,0,8,1,1
Sosa,DEF,Crystal Palace,Ipswich Town,0,4,205,34,12,0,True,2026-09-12T14:00:00Z,2,3,4,0,0,0,0,0,0,0,0,0,0,0,0,0,0.0,0.0,0.0,0.0,0,0.0,0.0,0.0,0.0,45,-639,1928,0,639,0,0,0,0
Chadi Riad,DEF,Crystal Palace,Ipswich Town,0,4,206,34,12,0,True,2026-09-12T14:00:00Z,2,3,4,0,0,0,0,0,0,0,0,0,0,0,0,0,0.0,0.0,0.0,0.0,0,0.0,0.0,0.0,0.0,44,-651,2510,58,709,0,0,0,0
Mingueza,DEF,Crystal Palace,Ipswich Town,0,4,207,34,12,0,True,2026-09-12T14:00:00Z,2,3,4,0,0,0,0,0,0,0,0,0,0,0,0,0,0.0,0.0,0.0,0.0,0,0.0,0.0,0.0,0.0,44,-316,7027,691,1007,0,0,0,0
Sarr,MID,Crystal Palace,Ipswich Town,0,4,208,34,12,0,True,2026-09-12T14:00:00Z,2,3,4,0,0,0,0,0,0,0,0,0,0,0,0,0,0.0,0.0,0.0,0.0,0,0.0,0.0,0.0,0.0,63,-36877,77747,179,37056,0,0,0,0
Johnson,MID,Everton,Spurs,0,4,209,37,19,3,False,2026-09-12T16:30:00Z,0,0,4,74,0,0,1,0,0,0,0,0,0,0,0,13,11.2,29.0,6.0,4.6,1,0.16,0.18,0.34,0.43,59,-1128,12460,1069,2197,2,2,2,6
Wharton,MID,Crystal Palace,Ipswich Town,0,4,210,34,12,2,True,2026-09-12T14:00:00Z,2,3,4,76,0,0,0,2,0,0,0,0,0,0,0,13,5.2,11.8,3.0,2.0,1,0.08,0.04,0.12,1.13,55,-1801,91297,8794,10595,1,3,1,5
Yeremy,MID,Crystal Palace,Ipswich Town,0,4,211,34,12,1,True,2026-09-12T14:00:00Z,2,3,4,36,0,0,0,1,0,0,0,0,0,0,0,4,0.0,2.7,2.0,0.5,1,0.0,0.01,0.01,0.38,55,27655,63756,36851,9196,0,1,0,1
Hughes,MID,Crystal Palace,Ipswich Town,0,4,212,34,12,1,True,2026-09-12T14:00:00Z,2,3,4,13,0,0,0,1,0,0,0,0,0,0,0,6,5.6,15.0,0.0,2.1,0,0.0,0.04,0.04,0.55,45,-87271,888879,26618,113889,1,2,1,4
Lerma,MID,Crystal Palace,Ipswich Town,0,4,213,34,12,1,True,2026-09-12T14:00:00Z,2,3,4,6,0,0,0,1,0,0,0,0,0,0,0,3,2.2,0.3,0.0,0.3,0,0.0,0.0,0.0,0.48,49,-806,8598,327,1133,0,0,1,1
Kamada,MID,Crystal Palace,Ipswich Town,0,4,214,34,12,8,True,2026-09-12T14:00:00Z,2,3,4,83,0,2,0,2,0,0,0,0,0,0,0,30,36.2,21.9,2.0,6.0,1,0.0,0.05,0.05,1.2,50,11985,44888,18109,6124,1,0,0,1
Devenny,MID,Crystal Palace,Ipswich Town,0,4,215,34,12,0,True,2026-09-12T14:00:00Z,2,3,4,0,0,0,0,0,0,0,0,0,0,0,0,0,0.0,0.0,0.0,0.0,0,0.0,0.0,0.0,0.0,50,-276,646,0,276,0,0,0,0
Esse,MID,Crystal Palace,Ipswich Town,0,4,216,34,12,0,True,2026-09-12T14:00:00Z,2,3,4,0,0,0,0,0,0,0,0,0,0,0,0,0,0.0,0.0,0.0,0.0,0,0.0,0.0,0.0,0.0,50,-963,2168,0,963,0,0,0,0
M.França,MID,Crystal Palace,Ipswich Town,0,4,217,34,12,0,True,2026-09-12T14:00:00Z,2,3,4,0,0,0,0,0,0,0,0,0,0,0,0,0,0.0,0.0,0.0,0.0,0,0.0,0.0,0.0,0.0,49,-730,1885,57,787,0,0,0,0
Doucouré,MID,Crystal Palace,Ipswich Town,0,4,218,34,12,0,True,2026-09-12T14:00:00Z,2,3,4,0,0,0,0,0,0,0,0,0,0,0,0,0,0.0,0.0,0.0,0.0,0,0.0,0.0,0.0,0.0,49,-468,5759,470,938,0,0,0,0
J.Rak-Sakyi,MID,Crystal Palace,Ipswich Town,0,4,219,34,12,0,True,2026-09-12T14:00:00Z,2,3,4,0,0,0,0,0,0,0,0,0,0,0,0,0,0.0,0.0,0.0,0.0,0,0.0,0.0,0.0,0.0,49,-85,492,55,140,0,0,0,0
Cardines,DEF,Crystal Palace,Ipswich Town,0,4,220,34,12,0,True,2026-09-12T14:00:00Z,2,3,4,0,0,0,0,0,0,0,0,0,0,0,0,0,0.0,0.0,0.0,0.0,0,0.0,0.0,0.0,0.0,45,-13,138,0,13,0,0,0,0
Drakes-Thomas,MID,Crystal Palace,Ipswich Town,0,4,221,34,12,0,True,2026-09-12T14:00:00Z,2,3,4,0,0,0,0,0,0,0,0,0,0,0,0,0,0.0,0.0,0.0,0.0,0,0.0,0.0,0.0,0.0,45,-226,8428,850,1076,0,0,0,0
Strand Larsen,FWD,Crystal Palace,Ipswich Town,0,4,222,34,12,8,True,2026-09-12T14:00:00Z,2,3,4,83,1,0,0,2,0,0,0,0,0,0,2,39,40.8,12.8,31.0,8.5,1,0.09,0.02,0.11,1.2,60,11360,71789,21000,9640,1,1,0,2
Mateta,FWD,Crystal Palace,Ipswich Town,0,4,223,34,12,0,True,2026-09-12T14:00:00Z,2,3,4,0,0,0,0,0,0,0,0,0,0,0,0,0,0.0,0.0,0.0,0.0,0,0.0,0.0,0.0,0.0,64,-72649,175573,343,72992,0,0,0,0
Nketiah,FWD,Crystal Palace,Ipswich Town,0,4,224,34,12,0,True,2026-09-12T14:00:00Z,2,3,4,0,0,0,0,0,0,0,0,0,0,0,0,0,0.0,0.0,0.0,0.0,0,0.0,0.0,0.0,0.0,55,20214,81943,29818,9604,0,0,0,0
Uche,FWD,Crystal Palace,Ipswich Town,0,4,225,34,12,0,True,2026-09-12T14:00:00Z,2,3,4,0,0,0,0,0,0,0,0,0,0,0,0,0,0.0,0.0,0.0,0.0,0,0.0,0.0,0.0,0.0,50,0,0,0,0,0,0,0,0
Pickford,GK,Everton,Spurs,0,4,226,37,19,6,False,2026-09-12T16:30:00Z,0,0,4,90,0,0,1,0,0,0,0,0,0,2,0,25,11.6,0.0,0.0,1.2,1,0.0,0.0,0.0,0.69,55,792,922558,69771,68979,0,11,2,0
Travers,GK,Everton,Spurs,0,4,227,37,19,0,False,2026-09-12T16:30:00Z,0,0,4,0,0,0,0,0,0,0,0,0,0,0,0,0,0.0,0.0,0.0,0.0,0,0.0,0.0,0.0,0.0,50,-29,3798,410,439,0,0,0,0
King,GK,Everton,Spurs,0,4,228,37,19,0,False,2026-09-12T16:30:00Z,0,0,4,0,0,0,0,0,0,0,0,0,0,0,0,0,0.0,0.0,0.0,0.0,0,0.0,0.0,0.0,0.0,45,-100,4562,278,378,0,0,0,0
Tarkowski,DEF,Everton,Spurs,0,4,229,37,19,8,False,2026-09-12T16:30:00Z,0,0,4,90,0,0,1,0,0,0,0,0,0,0,2,32,19.2,1.8,0.0,2.1,1,0.0,0.01,0.01,0.69,60,71807,1237976,163569,91762,5,3,3,8
Branthwaite,DEF,Everton,Spurs,0,4,230,37,19,6,False,2026-09-12T16:30:00Z,0,0,4,90,0,0,1,0,0,0,0,0,0,0,0,27,30.0,3.4,0.0,3.3,1,0.0,0.0,0.0,0.69,55,14503,206240,35472,20969,1,2,8,9
Keane,DEF,Everton,Spurs,0,4,231,37,19,0,False,2026-09-12T16:30:00Z,0,0,4,0,0,0,0,0,0,0,0,0,0,0,0,0,0.0,0.0,0.0,0.0,0,0.0,0.0,0.0,0.0,49,-15433,92288,1268,16701,0,0,0,0
O'Brien,DEF,Everton,Spurs,0,4,232,37,19,1,False,2026-09-12T16:30:00Z,0,0,4,15,0,0,0,0,0,0,0,0,0,0,0,2,1.0,0.0,0.0,0.1,0,0.0,0.0,0.0,0.26,49,-3863,31964,666,4529,0,1,1,1
Mykolenko,DEF,Everton,Spurs,0,4,233,37,19,11,False,2026-09-12T16:30:00Z,0,0,4,90,0,0,1,0,0,0,0,0,0,0,3,38,24.4,11.3,4.0,4.0,1,0.0,0.07,0.07,0.69,45,33677,216365,70682,37005,7,4,4,11
Patterson,DEF,Everton,Spurs,0,4,234,37,19,0,False,2026-09-12T16:30:00Z,0,0,4,0,0,0,0,0,0,0,0,0,0,0,0,0,0.0,0.0,0.0,0.0,0,0.0,0.0,0.0,0.0,45,-744,1949,0,744,0,0,0,0
Aznou,DEF,Everton,Spurs,0,4,235,37,19,0,False,2026-09-12T16:30:00Z,0,0,4,0,0,0,0,0,0,0,0,0,0,0,0,0,0.0,0.0,0.0,0.0,0,0.0,0.0,0.0,0.0,40,-3078,11804,0,3078,0,0,0,0
Dewsbury-Hall,MID,Everton,Spurs,0,4,236,37,19,2,False,2026-09-12T16:30:00Z,0,0,4,90,0,0,1,0,0,0,0,1,0,0,0,16,15.0,19.0,28.0,6.2,1,0.17,0.09,0.26,0.69,65,41220,497656,141140,99920,0,4,2,6
Ndiaye,MID,Man City,Man Utd,0,4,237,39,16,1,False,2026-09-13T15:30:00Z,0,1,4,45,0,0,0,0,0,0,0,0,0,0,0,15,9.8,1.8,2.0,1.4,0,0.0,0.01,0.01,0.8,59,-300679,900785,43012,343691,1,6,3,10
Grealish,MID,Everton,Spurs,0,4,238,37,19,1,False,2026-09-12T16:30:00Z,0,0,4,25,0,0,0,0,0,0,0,0,0,0,0,4,3.4,1.2,2.0,0.7,0,0.0,0.01,0.01,0.3,65,9697,42527,16008,6311,1,1,2,4
Garner,MID,Everton,Spurs,0,4,239,37,19,4,False,2026-09-12T16:30:00Z,0,0,4,90,0,0,1,0,0,0,0,1,0,0,0,23,23.6,5.1,7.0,3.6,1,0.04,0.02,0.06,0.69,60,-1024,13037,2679,3703,6,8,3,17
Iroegbunam,MID,Hull City,Chelsea,0,4,240,33,6,0,False,2026-09-12T14:00:00Z,2,2,4,21,0,0,0,0,0,0,0,1,0,0,0,2,3.0,0.2,0.0,0.3,0,0.0,0.0,0.0,0.35,50,128,1598,334,206,1,0,1,2
McNeil,MID,Crystal Palace,Ipswich Town,0,4,241,34,12,0,True,2026-09-12T14:00:00Z,2,3,4,0,0,0,0,0,0,0,0,0,0,0,0,0,0.0,0.0,0.0,0.0,0,0.0,0.0,0.0,0.0,54,-1350,13782,510,1860,0,0,0,0
George,MID,Everton,Spurs,0,4,242,37,19,3,False,2026-09-12T16:30:00Z,0,0,4,64,0,0,1,0,0,0,0,0,0,0,0,13,6.4,15.4,5.0,2.7,1,0.05,0.15,0.2,0.39,55,36647,67366,50072,13425,0,2,1,3
Alcaraz,MID,Everton,Spurs,0,4,243,37,19,0,False,2026-09-12T16:30:00Z,0,0,4,0,0,0,0,0,0,0,0,0,0,0,0,0,0.0,0.0,0.0,0.0,0,0.0,0.0,0.0,0.0,49,-731,8215,594,1325,0,0,0,0
Armstrong,MID,Everton,Spurs,0,4,244,37,19,3,False,2026-09-12T16:30:00Z,0,0,4,90,0,0,1,0,0,0,0,0,0,0,0,6,12.4,4.5,2.0,1.9,1,0.0,0.02,0.02,0.69,50,4105,46365,12956,8851,0,2,3,5
Dibling,MID,Everton,Spurs,0,4,245,37,19,0,False,2026-09-12T16:30:00Z,0,0,4,0,0,0,0,0,0,0,0,0,0,0,0,0,0.0,0.0,0.0,0.0,0,0.0,0.0,0.0,0.0,54,-295,3002,210,505,0,0,0,0
Röhl,MID,Everton,Spurs,0,4,246,37,19,0,False,2026-09-12T16:30:00Z,0,0,4,0,0,0,0,0,0,0,0,0,0,0,0,0,0.0,0.0,0.0,0.0,0,0.0,0.0,0.0,0.0,50,-469,5016,572,1041,0,0,0,0
Hackney,MID,Everton,Spurs,0,4,247,37,19,1,False,2026-09-12T16:30:00Z,0,0,4,15,0,0,0,0,0,0,0,0,0,0,0,3,3.2,10.8,4.0,1.8,0,0.0,0.02,0.02,0.26,55,-480,21723,1482,1962,0,0,1,1
Beto,FWD,Everton,Spurs,0,4,248,37,19,0,False,2026-09-12T16:30:00Z,0,0,4,0,0,0,0,0,0,0,0,0,0,0,0,0,0.0,0.0,0.0,0.0,0,0.0,0.0,0.0,0.0,54,-62064,94922,0,62064,0,0,0,0
Barry,FWD,Everton,Spurs,0,4,249,37,19,2,False,2026-09-12T16:30:00Z,0,0,4,90,0,0,1,0,0,0,0,0,0,0,0,5,3.2,14.0,57.0,7.4,1,0.67,0.03,0.7,0.69,56,153695,666569,273770,120075,0,1,1,2
Leno,GK,Fulham,Liverpool,0,4,250,35,14,9,False,2026-09-12T14:00:00Z,0,0,4,90,0,0,1,0,0,0,0,0,0,3,2,29,25.4,0.0,0.0,2.5,1,0.0,0.0,0.0,1.28,45,-15234,308412,19790,35024,0,8,1,0
Lecomte,GK,Fulham,Liverpool,0,4,251,35,14,0,False,2026-09-12T14:00:00Z,0,0,4,0,0,0,0,0,0,0,0,0,0,0,0,0,0.0,0.0,0.0,0.0,0,0.0,0.0,0.0,0.0,40,981,123844,8151,7170,0,0,0,0
McNally,GK,Fulham,Liverpool,0,4,252,35,14,0,False,2026-09-12T14:00:00Z,0,0,4,0,0,0,0,0,0,0,0,0,0,0,0,0,0.0,0.0,0.0,0.0,0,0.0,0.0,0.0,0.0,40,-1879,13370,0,1879,0,0,0,0
Andersen,DEF,Fulham,Liverpool,0,4,253,35,14,0,False,2026-09-12T14:00:00Z,0,0,4,0,0,0,0,0,0,0,0,0,0,0,0,0,0.0,0.0,0.0,0.0,0,0.0,0.0,0.0,0.0,50,-1378,13284,1887,3265,0,0,0,0
Robinson,DEF,Fulham,Liverpool,0,4,254,35,14,6,False,2026-09-12T14:00:00Z,0,0,4,90,0,0,1,0,0,0,0,0,0,0,0,25,17.6,22.1,6.0,4.6,1,0.05,0.05,0.1,1.28,45,-21356,143996,4729,26085,2,4,7,9
J.Cuenca,DEF,Fulham,Liverpool,0,4,255,35,14,0,False,2026-09-12T14:00:00Z,0,0,4,0,0,0,0,0,0,0,0,0,0,0,0,0,0.0,0.0,0.0,0.0,0,0.0,0.0,0.0,0.0,45,-509,3009,104,613,0,0,0,0
Tete,DEF,Fulham,Liverpool,0,4,256,35,14,0,False,2026-09-12T14:00:00Z,0,0,4,27,0,0,0,0,0,0,0,1,0,0,0,-1,1.6,0.3,2.0,0.4,0,0.0,0.0,0.0,0.65,44,-2058,21818,237,2295,0,0,3,3
Bassey,DEF,Fulham,Liverpool,0,4,257,35,14,6,False,2026-09-12T14:00:00Z,0,0,4,90,0,0,1,0,0,0,0,0,0,0,0,27,23.4,0.7,21.0,4.5,1,0.05,0.0,0.05,1.28,45,-7922,71722,2294,10216,1,3,7,8
Castagne,DEF,Fulham,Liverpool,0,4,258,35,14,6,False,2026-09-12T14:00:00Z,0,0,4,71,0,0,1,0,0,0,0,0,0,0,0,23,11.2,0.8,2.0,1.4,1,0.0,0.01,0.01,0.74,45,-11458,83333,6203,17661,2,3,3,5
Diop,DEF,Ipswich Town,Crystal Palace,0,4,259,34,8,1,False,2026-09-12T14:00:00Z,2,3,4,90,0,0,0,2,0,0,0,0,0,0,0,8,15.0,1.8,2.0,1.9,1,0.0,0.13,0.13,0.62,40,-104266,1519556,39336,143602,1,5,6,7
Wilson,MID,Leeds,Newcastle,0,4,260,40,17,1,True,2026-09-14T19:00:00Z,4,1,4,18,0,0,0,1,0,0,0,0,0,0,0,4,3.2,4.7,0.0,0.8,0,0.0,0.03,0.03,0.3,63,-121524,291023,3258,124782,1,0,1,2
Iwobi,MID,Fulham,Liverpool,0,4,261,35,14,3,False,2026-09-12T14:00:00Z,0,0,4,76,0,0,1,0,0,0,0,0,0,0,0,15,7.6,33.7,10.0,5.1,1,0.15,0.11,0.26,0.81,54,-14119,75540,2396,16515,1,3,0,4
Smith Rowe,MID,Fulham,Liverpool,0,4,262,35,14,1,False,2026-09-12T14:00:00Z,0,0,4,13,0,0,0,0,0,0,0,0,0,0,0,3,1.2,0.5,0.0,0.2,0,0.0,0.0,0.0,0.46,54,-4117,28676,777,4894,0,1,1,2
Kevin,MID,Fulham,Liverpool,0,4,263,35,14,1,False,2026-09-12T14:00:00Z,0,0,4,18,0,0,0,0,0,0,0,0,0,0,0,4,0.2,3.3,1.0,0.5,0,0.03,0.07,0.1,0.54,54,-826,4241,236,1062,1,2,0,3
Bobb,MID,Fulham,Liverpool,0,4,264,35,14,3,False,2026-09-12T14:00:00Z,0,0,4,62,0,0,1,0,0,0,0,0,0,0,0,12,10.0,30.0,4.0,4.4,1,0.0,0.13,0.13,0.63,55,-4132,30794,2106,6238,1,4,2,7
Berge,MID,Fulham,Liverpool,0,4,265,35,14,3,False,2026-09-12T14:00:00Z,0,0,4,90,0,0,1,0,0,0,0,0,0,0,0,14,18.6,11.7,6.0,3.6,1,0.0,0.01,0.01,1.28,49,-4295,32007,748,5043,3,2,4,9
Cairney,MID,Fulham,Liverpool,0,4,266,35,14,0,False,2026-09-12T14:00:00Z,0,0,4,0,0,0,0,0,0,0,0,0,0,0,0,0,0.0,0.0,0.0,0.0,0,0.0,0.0,0.0,0.0,50,-3,348,50,53,0,0,0,0
Lukić,MID,Ipswich Town,Crystal Palace,0,4,267,34,8,1,False,2026-09-12T14:00:00Z,2,3,4,76,0,0,0,2,0,0,0,1,0,0,0,8,10.2,23.5,2.0,3.6,1,0.0,0.1,0.1,0.35,50,-645,11520,772,1417,1,4,5,10
King,MID,Fulham,Liverpool,0,4,268,35,14,3,False,2026-09-12T14:00:00Z,0,0,4,76,0,0,1,0,0,0,0,0,0,0,0,19,11.4,14.3,37.0,6.3,1,0.21,0.09,0.3,0.81,55,47115,130602,81597,34482,2,2,0,4
Sessegnon,DEF,Fulham,Liverpool,0,4,269,35,14,0,False,2026-09-12T14:00:00Z,0,0,4,0,0,0,0,0,0,0,0,0,0,0,0,0,0.0,0.0,0.0,0.0,0,0.0,0.0,0.0,0.0,44,-4182,34199,369,4551,0,0,0,0
Reed,MID,Fulham,Liverpool,0,4,270,35,14,0,False,2026-09-12T14:00:00Z,0,0,4,0,0,0,0,0,0,0,0,0,0,0,0,0,0.0,0.0,0.0,0.0,0,0.0,0.0,0.0,0.0,45,-12381,121271,3620,16001,0,0,0,0
Muniz,FWD,Fulham,Liverpool,0,4,271,35,14,1,False,2026-09-12T14:00:00Z,0,0,4,13,0,0,0,0,0,0,0,0,0,0,0,4,2.0,0.3,2.0,0.4,0,0.0,0.0,0.0,0.46,54,-4272,46371,3624,7896,0,0,1,1
Kusi-Asare,FWD,Fulham,Liverpool,0,4,272,35,14,0,False,2026-09-12T14:00:00Z,0,0,4,0,0,0,0,0,0,0,0,0,0,0,0,0,0.0,0.0,0.0,0.0,0,0.0,0.0,0.0,0.0,45,-45728,635399,35011,80739,0,0,0,0
Phillips,GK,Hull City,Chelsea,0,4,273,33,6,0,False,2026-09-12T14:00:00Z,2,2,4,0,0,0,0,0,0,0,0,0,0,0,0,0,0.0,0.0,0.0,0.0,0,0.0,0.0,0.0,0.0,40,-1217,154407,8596,9813,0,0,0,0
Butland,GK,Hull City,Chelsea,0,4,274,33,6,0,False,2026-09-12T14:00:00Z,2,2,4,0,0,0,0,0,0,0,0,0,0,0,0,0,0.0,0.0,0.0,0.0,0,0.0,0.0,0.0,0.0,45,-669,7924,170,839,0,0,0,0
Cartwright,GK,Hull City,Chelsea,0,4,275,33,6,0,False,2026-09-12T14:00:00Z,2,2,4,0,0,0,0,0,0,0,0,0,0,0,0,0,0.0,0.0,0.0,0.0,0,0.0,0.0,0.0,0.0,40,-67,751,0,67,0,0,0,0
Lo-Tutala,GK,Hull City,Chelsea,0,4,276,33,6,0,False,2026-09-12T14:00:00Z,2,2,4,0,0,0,0,0,0,0,0,0,0,0,0,0,0.0,0.0,0.0,0.0,0,0.0,0.0,0.0,0.0,40,-204,2640,0,204,0,0,0,0
Egan,DEF,Hull City,Chelsea,0,4,277,33,6,2,False,2026-09-12T14:00:00Z,2,2,4,90,0,0,0,2,0,0,0,1,0,0,0,-1,14.2,0.5,6.0,2.1,1,0.04,0.0,0.04,0.91,41,150184,688208,223735,73551,2,6,12,14
Hughes,DEF,Hull City,Chelsea,0,4,278,33,6,0,False,2026-09-12T14:00:00Z,2,2,4,0,0,0,0,0,0,0,0,0,0,0,0,0,0.0,0.0,0.0,0.0,0,0.0,0.0,0.0,0.0,40,-1016,8103,174,1190,0,0,0,0
Ajayi,DEF,Hull City,Chelsea,0,4,279,33,6,1,False,2026-09-12T14:00:00Z,2,2,4,90,0,0,0,2,0,0,0,0,0,0,0,-6,5.4,1.3,6.0,1.3,1,0.13,0.0,0.13,0.91,42,271450,1350778,349993,78543,1,2,2,3
Coyle,DEF,Hull City,Chelsea,0,4,280,33,6,1,False,2026-09-12T14:00:00Z,2,2,4,81,0,0,0,2,0,0,0,0,0,0,0,2,5.6,10.9,5.0,2.2,1,0.13,0.01,0.14,0.72,40,5360,65983,9488,4128,1,4,2,3
Drameh,DEF,Hull City,Chelsea,0,4,281,33,6,0,False,2026-09-12T14:00:00Z,2,2,4,0,0,0,0,0,0,0,0,0,0,0,0,0,0.0,0.0,0.0,0.0,0,0.0,0.0,0.0,0.0,40,-1503,5246,0,1503,0,0,0,0
Giles,DEF,Hull City,Chelsea,0,4,282,33,6,4,False,2026-09-12T14:00:00Z,2,2,4,90,0,1,0,2,0,0,0,0,0,0,0,20,32.4,33.5,0.0,6.6,1,0.0,0.17,0.17,0.91,40,58990,195043,75912,16922,1,2,6,7
Jacob,DEF,Hull City,Chelsea,0,4,283,33,6,0,False,2026-09-12T14:00:00Z,2,2,4,0,0,0,0,0,0,0,0,0,0,0,0,0,0.0,0.0,0.0,0.0,0,0.0,0.0,0.0,0.0,40,-125,927,0,125,0,0,0,0
McCarthy,DEF,Hull City,Chelsea,0,4,284,33,6,0,False,2026-09-12T14:00:00Z,2,2,4,0,0,0,0,0,0,0,0,0,0,0,0,0,0.0,0.0,0.0,0.0,0,0.0,0.0,0.0,0.0,40,-54,9522,986,1040,0,0,0,0
McNair,DEF,Hull City,Chelsea,0,4,285,33,6,0,False,2026-09-12T14:00:00Z,2,2,4,0,0,0,0,0,0,0,0,0,0,0,0,0,0.0,0.0,0.0,0.0,0,0.0,0.0,0.0,0.0,40,-629,12640,574,1203,0,0,0,0
Belloumi,MID,Hull City,Chelsea,0,4,286,33,6,13,False,2026-09-12T14:00:00Z,2,2,4,59,2,0,0,1,0,0,0,0,0,0,2,43,68.2,11.7,31.0,11.1,1,0.17,0.06,0.23,0.26,50,14908,107667,26566,11658,1,0,0,1
Millar,MID,Hull City,Chelsea,0,4,287,33,6,0,False,2026-09-12T14:00:00Z,2,2,4,0,0,0,0,0,0,0,0,0,0,0,0,0,0.0,0.0,0.0,0.0,0,0.0,0.0,0.0,0.0,50,-2492,4292,0,2492,0,0,0,0
Dowell,MID,Hull City,Chelsea,0,4,288,33,6,0,False,2026-09-12T14:00:00Z,2,2,4,0,0,0,0,0,0,0,0,0,0,0,0,0,0.0,0.0,0.0,0.0,0,0.0,0.0,0.0,0.0,45,-2198,35795,2721,4919,0,0,0,0
Crooks,MID,Hull City,Chelsea,0,4,289,33,6,1,False,2026-09-12T14:00:00Z,2,2,4,68,0,0,0,2,0,0,0,1,0,0,0,2,11.0,0.4,0.0,1.1,1,0.0,0.0,0.0,0.55,45,-6726,52575,2257,8983,2,3,5,10
Slater,MID,Hull City,Chelsea,0,4,290,33,6,2,False,2026-09-12T14:00:00Z,2,2,4,90,0,0,0,2,0,0,0,0,0,0,0,22,19.2,26.9,7.0,5.3,1,0.04,0.1,0.14,0.91,45,81497,601956,170308,88811,3,5,3,11
Matazo,MID,Hull City,Chelsea,0,4,291,33,6,0,False,2026-09-12T14:00:00Z,2,2,4,0,0,0,0,0,0,0,0,0,0,0,0,0,0.0,0.0,0.0,0.0,0,0.0,0.0,0.0,0.0,45,1,664,117,116,0,0,0,0
Ömür,MID,Hull City,Chelsea,0,4,292,33,6,0,False,2026-09-12T14:00:00Z,2,2,4,0,0,0,0,0,0,0,0,0,0,0,0,0,0.0,0.0,0.0,0.0,0,0.0,0.0,0.0,0.0,49,-30,1763,298,328,0,0,0,0
Kamara,MID,Hull City,Chelsea,0,4,293,33,6,0,False,2026-09-12T14:00:00Z,2,2,4,0,0,0,0,0,0,0,0,0,0,0,0,0,0.0,0.0,0.0,0.0,0,0.0,0.0,0.0,0.0,50,-47,215,0,47,0,0,0,0
Zambrano,MID,Hull City,Chelsea,0,4,294,33,6,0,False,2026-09-12T14:00:00Z,2,2,4,0,0,0,0,0,0,0,0,0,0,0,0,0,0.0,0.0,0.0,0.0,0,0.0,0.0,0.0,0.0,45,258,10293,1379,1121,0,0,0,0
McBurnie,FWD,Hull City,Chelsea,0,4,295,33,6,4,False,2026-09-12T14:00:00Z,2,2,4,81,0,1,0,2,0,0,0,1,0,0,0,17,23.6,10.8,19.0,5.3,1,0.33,0.04,0.37,0.72,55,-18516,198314,22215,40731,1,0,2,3
Akintola,MID,Hull City,Chelsea,0,4,296,33,6,0,False,2026-09-12T14:00:00Z,2,2,4,0,0,0,0,0,0,0,0,0,0,0,0,0,0.0,0.0,0.0,0.0,0,0.0,0.0,0.0,0.0,50,-603,3894,522,1125,0,0,0,0
Gyabi,MID,Hull City,Chelsea,0,4,297,33,6,0,False,2026-09-12T14:00:00Z,2,2,4,0,0,0,0,0,0,0,0,0,0,0,0,0,0.0,0.0,0.0,0.0,0,0.0,0.0,0.0,0.0,45,-159,2036,123,282,0,0,0,0
Destan,FWD,Hull City,Chelsea,0,4,298,33,6,0,False,2026-09-12T14:00:00Z,2,2,4,0,0,0,0,0,0,0,0,0,0,0,0,0,0.0,0.0,0.0,0.0,0,0.0,0.0,0.0,0.0,45,-3752,22427,0,3752,0,0,0,0
Burstow,FWD,Hull City,Chelsea,0,4,299,33,6,0,False,2026-09-12T14:00:00Z,2,2,4,0,0,0,0,0,0,0,0,0,0,0,0,0,0.0,0.0,0.0,0.0,0,0.0,0.0,0.0,0.0,45,-497,3872,0,497,0,0,0,0
Walton,GK,Ipswich Town,Crystal Palace,0,4,300,34,8,0,False,2026-09-12T14:00:00Z,2,3,4,0,0,0,0,0,0,0,0,0,0,0,0,0,0.0,0.0,0.0,0.0,0,0.0,0.0,0.0,0.0,44,-2408,42889,363,2771,0,0,0,0
Palmer,GK,Ipswich Town,Crystal Palace,0,4,301,34,8,0,False,2026-09-12T14:00:00Z,2,3,4,0,0,0,0,0,0,0,0,0,0,0,0,0,0.0,0.0,0.0,0.0,0,0.0,0.0,0.0,0.0,40,-8837,443746,24047,32884,0,0,0,0
Button,GK,Ipswich Town,Crystal Palace,0,4,302,34,8,0,False,2026-09-12T14:00:00Z,2,3,4,0,0,0,0,0,0,0,0,0,0,0,0,0,0.0,0.0,0.0,0.0,0,0.0,0.0,0.0,0.0,40,11691,63364,17503,5812,0,0,0,0
Kipré,DEF,Ipswich Town,Crystal Palace,0,4,303,34,8,0,False,2026-09-12T14:00:00Z,2,3,4,0,0,0,0,0,0,0,0,0,0,0,0,0,0.0,0.0,0.0,0.0,0,0.0,0.0,0.0,0.0,40,-3541,52847,589,4130,0,0,0,0
O'Shea,DEF,Ipswich Town,Crystal Palace,0,4,304,34,8,1,False,2026-09-12T14:00:00Z,2,3,4,90,0,0,0,2,0,0,0,0,0,0,0,5,29.6,30.8,4.0,6.4,1,0.0,0.08,0.08,0.62,40,-22365,317758,18186,40551,2,2,7,9
Davis,DEF,Ipswich Town,Crystal Palace,0,4,305,34,8,14,False,2026-09-12T14:00:00Z,2,3,4,90,1,2,0,2,0,0,0,0,0,0,1,35,54.8,17.1,39.0,11.1,1,0.52,0.19,0.71,0.62,40,-14896,543743,45631,60527,0,0,2,2
Greaves,DEF,Ipswich Town,Crystal Palace,0,4,306,34,8,1,False,2026-09-12T14:00:00Z,2,3,4,87,0,0,0,2,0,0,0,0,0,0,0,7,18.8,2.0,0.0,2.1,1,0.0,0.01,0.01,0.62,40,-7666,127747,1996,9662,0,4,6,6
Johnson,DEF,Ipswich Town,Crystal Palace,0,4,307,34,8,0,False,2026-09-12T14:00:00Z,2,3,4,0,0,0,0,0,0,0,0,0,0,0,0,0,0.0,0.0,0.0,0.0,0,0.0,0.0,0.0,0.0,40,-2380,7782,0,2380,0,0,0,0
Furlong,DEF,Ipswich Town,Crystal Palace,0,4,308,34,8,0,False,2026-09-12T14:00:00Z,2,3,4,0,0,0,0,0,0,0,0,0,0,0,0,0,0.0,0.0,0.0,0.0,0,0.0,0.0,0.0,0.0,40,-3285,52748,431,3716,0,0,0,0
Núñez,MID,Ipswich Town,Crystal Palace,0,4,309,34,8,0,False,2026-09-12T14:00:00Z,2,3,4,0,0,0,0,0,0,0,0,0,0,0,0,0,0.0,0.0,0.0,0.0,0,0.0,0.0,0.0,0.0,50,-1485,12735,377,1862,0,0,0,0
Matusiwa,MID,Ipswich Town,Crystal Palace,0,4,310,34,8,0,False,2026-09-12T14:00:00Z,2,3,4,0,0,0,0,0,0,0,0,0,0,0,0,0,0.0,0.0,0.0,0.0,0,0.0,0.0,0.0,0.0,49,-6,288,40,46,0,0,0,0
Burns,MID,Ipswich Town,Crystal Palace,0,4,311,34,8,0,False,2026-09-12T14:00:00Z,2,3,4,0,0,0,0,0,0,0,0,0,0,0,0,0,0.0,0.0,0.0,0.0,0,0.0,0.0,0.0,0.0,50,-39,242,0,39,0,0,0,0
Taylor,MID,Ipswich Town,Crystal Palace,0,4,312,34,8,0,False,2026-09-12T14:00:00Z,2,3,4,0,0,0,0,0,0,0,0,0,0,0,0,0,0.0,0.0,0.0,0.0,0,0.0,0.0,0.0,0.0,45,-278,3274,176,454,0,0,0,0
Clarke,MID,Ipswich Town,Crystal Palace,0,4,313,34,8,1,False,2026-09-12T14:00:00Z,2,3,4,62,0,0,0,1,0,0,0,1,0,0,0,8,5.0,13.0,21.0,3.9,1,0.15,0.02,0.17,0.2,54,-3254,22006,468,3722,1,1,0,2
Ogbene,MID,Ipswich Town,Crystal Palace,0,4,314,34,8,0,False,2026-09-12T14:00:00Z,2,3,4,0,0,0,0,0,0,0,0,0,0,0,0,0,0.0,0.0,0.0,0.0,0,0.0,0.0,0.0,0.0,49,-326,837,0,326,0,0,0,0
Fatawu,MID,Ipswich Town,Crystal Palace,0,4,315,34,8,1,False,2026-09-12T14:00:00Z,2,3,4,61,0,0,0,1,0,0,0,1,0,0,0,6,6.2,11.3,6.0,2.4,1,0.0,0.05,0.05,0.2,55,-464,21628,1970,2434,2,3,2,7
Emersonn,FWD,Ipswich Town,Crystal Palace,0,4,316,34,8,12,False,2026-09-12T14:00:00Z,2,3,4,62,1,1,0,1,0,0,0,0,0,0,3,45,46.6,12.4,33.0,9.2,1,0.44,0.05,0.49,0.2,55,1738,178755,26091,24353,0,2,0,2
Hirst,FWD,Ipswich Town,Crystal Palace,0,4,317,34,8,0,False,2026-09-12T14:00:00Z,2,3,4,0,0,0,0,0,0,0,0,0,0,0,0,0,0.0,0.0,0.0,0.0,0,0.0,0.0,0.0,0.0,50,-2172,9936,0,2172,0,0,0,0
Philogene,MID,Ipswich Town,Crystal Palace,0,4,318,34,8,1,False,2026-09-12T14:00:00Z,2,3,4,28,0,0,0,1,0,0,0,0,0,0,0,6,3.4,0.8,9.0,1.3,0,0.02,0.0,0.01,0.41,54,-1303,8038,38,1341,0,3,0,3
Szmodics,MID,Ipswich Town,Crystal Palace,0,4,319,34,8,0,False,2026-09-12T14:00:00Z,2,3,4,0,0,0,0,0,0,0,0,0,0,0,0,0,0.0,0.0,0.0,0.0,0,0.0,0.0,0.0,0.0,50,-87,350,0,87,0,0,0,0
Akpom,FWD,Ipswich Town,Crystal Palace,0,4,320,34,8,0,False,2026-09-12T14:00:00Z,2,3,4,0,0,0,0,0,0,0,0,0,0,0,0,0,0.0,0.0,0.0,0.0,0,0.0,0.0,0.0,0.0,50,17117,129479,36471,19354,0,0,0,0
Walle Egeli,FWD,Ipswich Town,Crystal Palace,0,4,321,34,8,0,False,2026-09-12T14:00:00Z,2,3,4,0,0,0,0,0,0,0,0,0,0,0,0,0,0.0,0.0,0.0,0.0,0,0.0,0.0,0.0,0.0,45,24582,372683,82088,57506,0,0,0,0
Al-Hamadi,FWD,Ipswich Town,Crystal Palace,0,4,322,34,8,0,False,2026-09-12T14:00:00Z,2,3,4,0,0,0,0,0,0,0,0,0,0,0,0,0,0.0,0.0,0.0,0.0,0,0.0,0.0,0.0,0.0,50,-1678,6747,0,1678,0,0,0,0
McAteer,MID,Ipswich Town,Crystal Palace,0,4,323,34,8,0,False,2026-09-12T14:00:00Z,2,3,4,0,0,0,0,0,0,0,0,0,0,0,0,0,0.0,0.0,0.0,0.0,0,0.0,0.0,0.0,0.0,45,-7171,126703,7120,14291,0,0,0,0
Mehmeti,MID,Ipswich Town,Crystal Palace,0,4,324,34,8,0,False,2026-09-12T14:00:00Z,2,3,4,0,0,0,0,0,0,0,0,0,0,0,0,0,0.0,0.0,0.0,0.0,0,0.0,0.0,0.0,0.0,49,-456,3735,90,546,0,0,0,0
Darlow,GK,Man Utd,Man City,0,4,325,39,15,0,True,2026-09-13T15:30:00Z,0,1,4,0,0,0,0,0,0,0,0,0,0,0,0,0,0.0,0.0,0.0,0.0,0,0.0,0.0,0.0,0.0,45,-89,4302,256,345,0,0,0,0
Perri,GK,Leeds,Newcastle,0,4,326,40,17,0,True,2026-09-14T19:00:00Z,4,1,4,0,0,0,0,0,0,0,0,0,0,0,0,0,0.0,0.0,0.0,0.0,0,0.0,0.0,0.0,0.0,45,-6925,38525,0,6925,0,0,0,0
Bijol,DEF,Leeds,Newcastle,0,4,327,40,17,0,True,2026-09-14T19:00:00Z,4,1,4,0,0,0,0,0,0,0,0,0,0,0,0,0,0.0,0.0,0.0,0.0,0,0.0,0.0,0.0,0.0,50,-10468,87595,4371,14839,0,0,0,0
Struijk,DEF,Brighton,Coventry City,0,4,328,38,7,1,False,2026-09-13T13:00:00Z,0,5,4,12,0,0,0,0,0,0,0,0,0,0,0,4,11.2,0.8,0.0,1.2,0,0.0,0.01,0.01,0.22,50,-1007,20832,1494,2501,0,0,4,4
Rodon,DEF,Leeds,Newcastle,0,4,329,40,17,0,True,2026-09-14T19:00:00Z,4,1,4,0,0,0,0,0,0,0,0,0,0,0,0,0,0.0,0.0,0.0,0.0,0,0.0,0.0,0.0,0.0,44,-112676,118013,168,112844,0,0,0,0
Bogle,DEF,Leeds,Newcastle,0,4,330,40,17,15,True,2026-09-14T19:00:00Z,4,1,4,82,1,0,1,0,0,0,0,0,0,0,3,45,47.8,18.5,71.0,13.7,1,0.41,0.05,0.46,0.59,45,98023,232034,121956,23933,2,1,1,3
Gudmundsson,DEF,Leeds,Newcastle,0,4,331,40,17,6,True,2026-09-14T19:00:00Z,4,1,4,72,0,0,1,0,0,0,0,0,0,0,0,26,10.0,8.6,4.0,2.3,1,0.0,0.18,0.18,0.58,45,621,5954,1148,527,3,2,1,4
Justin,DEF,Leeds,Newcastle,0,4,332,40,17,2,True,2026-09-14T19:00:00Z,4,1,4,90,0,0,0,1,0,0,0,0,0,0,0,11,18.4,25.6,4.0,4.8,1,0.0,0.28,0.28,0.88,45,5626,160487,27752,22126,2,1,3,5
Bornauw,DEF,Leeds,Newcastle,0,4,333,40,17,0,True,2026-09-14T19:00:00Z,4,1,4,0,0,0,0,0,0,0,0,0,0,0,0,0,0.0,0.0,0.0,0.0,0,0.0,0.0,0.0,0.0,45,-39,239,0,39,0,0,0,0
Muharemović,DEF,Leeds,Newcastle,0,4,334,40,17,7,True,2026-09-14T19:00:00Z,4,1,4,90,0,1,0,1,0,0,0,0,0,0,0,27,37.0,10.5,2.0,5.0,1,0.0,0.02,0.02,0.88,50,66646,410571,135153,68507,1,5,10,11
Stach,MID,Leeds,Newcastle,0,4,335,40,17,3,True,2026-09-14T19:00:00Z,4,1,4,87,0,0,1,0,0,0,0,0,0,0,0,16,12.0,40.4,12.0,6.4,1,0.43,0.07,0.5,0.59,60,-19365,291170,29721,49086,2,5,3,10
Okafor,MID,Leeds,Newcastle,0,4,336,40,17,9,True,2026-09-14T19:00:00Z,4,1,4,71,1,0,1,0,0,0,0,0,0,0,1,35,41.4,17.8,21.0,8.0,1,0.07,0.08,0.15,0.58,59,-4605,29116,2061,6666,2,3,1,6
Aaronson,MID,Leeds,Newcastle,0,4,337,40,17,1,True,2026-09-14T19:00:00Z,4,1,4,18,0,0,0,1,0,0,0,0,0,0,0,4,0.2,0.3,2.0,0.3,0,0.0,0.0,0.0,0.3,54,-10317,61613,1095,11412,0,1,0,1
Ampadu,MID,Leeds,Newcastle,0,4,338,40,17,7,True,2026-09-14T19:00:00Z,4,1,4,90,0,1,0,1,0,0,0,0,0,0,0,25,8.0,1.7,4.0,1.4,1,0.07,0.02,0.09,0.88,54,-14489,103938,2529,17018,1,9,2,12
Longstaff,MID,Leeds,Newcastle,0,4,339,40,17,1,True,2026-09-14T19:00:00Z,4,1,4,2,0,0,0,1,0,0,0,0,0,0,0,4,0.0,0.0,0.0,0.0,0,0.0,0.0,0.0,0.28,49,-1113,10180,693,1806,0,0,0,0
Gelhardt,MID,Hull City,Chelsea,0,4,340,33,6,0,False,2026-09-12T14:00:00Z,2,2,4,0,0,0,0,0,0,0,0,0,0,0,0,0,0.0,0.0,0.0,0.0,0,0.0,0.0,0.0,0.0,50,22,1173,185,163,0,0,0,0
Gnonto,MID,Leeds,Newcastle,0,4,341,40,17,0,True,2026-09-14T19:00:00Z,4,1,4,0,0,0,0,0,0,0,0,0,0,0,0,0,0.0,0.0,0.0,0.0,0,0.0,0.0,0.0,0.0,50,-435,947,0,435,0,0,0,0
Harrison,MID,Leeds,Newcastle,0,4,342,40,17,0,True,2026-09-14T19:00:00Z,4,1,4,0,0,0,0,0,0,0,0,0,0,0,0,0,0.0,0.0,0.0,0.0,0,0.0,0.0,0.0,0.0,50,-11,71,0,11,0,0,0,0
James,MID,Leeds,Newcastle,0,4,343,40,17,1,True,2026-09-14T19:00:00Z,4,1,4,7,0,0,0,1,0,0,0,0,0,0,0,4,0.0,0.0,3.0,0.3,0,0.11,0.0,0.11,0.28,50,-1207,10690,786,1993,0,2,0,2
Gruev,MID,Leeds,Newcastle,0,4,344,40,17,0,True,2026-09-14T19:00:00Z,4,1,4,0,0,0,0,0,0,0,0,0,0,0,0,0,0.0,0.0,0.0,0.0,0,0.0,0.0,0.0,0.0,50,-45,317,13,58,0,0,0,0
Tanaka,MID,Leeds,Newcastle,0,4,345,40,17,6,True,2026-09-14T19:00:00Z,4,1,4,71,0,1,1,0,0,0,0,0,0,0,0,24,9.2,3.1,2.0,1.4,1,0.06,0.03,0.09,0.58,49,2579,25771,5747,3168,2,2,1,5
Calvert-Lewin,FWD,Leeds,Newcastle,0,4,346,40,17,10,True,2026-09-14T19:00:00Z,4,1,4,77,1,1,1,0,0,0,0,1,0,0,2,37,51.0,12.2,67.0,13.0,1,0.87,0.0,0.87,0.59,60,-377508,2292933,100296,477804,0,4,1,5
Nmecha,FWD,Leeds,Newcastle,0,4,347,40,17,1,True,2026-09-14T19:00:00Z,4,1,4,12,0,0,0,1,0,0,0,0,0,0,0,4,0.2,0.3,0.0,0.1,0,0.0,0.01,0.01,0.28,54,-1054,51359,6623,7677,0,1,0,1
Piroe,FWD,Leeds,Newcastle,0,4,348,40,17,0,True,2026-09-14T19:00:00Z,4,1,4,0,0,0,0,0,0,0,0,0,0,0,0,0,0.0,0.0,0.0,0.0,0,0.0,0.0,0.0,0.0,50,-1516,7440,0,1516,0,0,0,0
Mateo Joseph,FWD,Leeds,Newcastle,0,4,349,40,17,0,True,2026-09-14T19:00:00Z,4,1,4,0,0,0,0,0,0,0,0,0,0,0,0,0,0.0,0.0,0.0,0.0,0,0.0,0.0,0.0,0.0,45,-257,5498,775,1032,0,0,0,0
A.Becker,GK,Liverpool,Fulham,0,4,350,35,10,9,True,2026-09-12T14:00:00Z,0,0,4,90,0,0,1,0,0,0,0,0,0,3,2,29,21.0,0.0,0.0,2.1,1,0.0,0.0,0.0,0.7,55,15592,438381,45421,29829,0,14,0,0
Mamardashvili,GK,Liverpool,Fulham,0,4,351,35,10,0,True,2026-09-12T14:00:00Z,0,0,4,0,0,0,0,0,0,0,0,0,0,0,0,0,0.0,0.0,0.0,0.0,0,0.0,0.0,0.0,0.0,49,-1342,13938,513,1855,0,0,0,0
Woodman,GK,Liverpool,Fulham,0,4,352,35,10,0,True,2026-09-12T14:00:00Z,0,0,4,0,0,0,0,0,0,0,0,0,0,0,0,0,0.0,0.0,0.0,0.0,0,0.0,0.0,0.0,0.0,40,-3423,111999,3509,6932,0,0,0,0
Pecsi,GK,Liverpool,Fulham,0,4,353,35,10,0,True,2026-09-12T14:00:00Z,0,0,4,0,0,0,0,0,0,0,0,0,0,0,0,0,0.0,0.0,0.0,0.0,0,0.0,0.0,0.0,0.0,40,-186,2007,0,186,0,0,0,0
Jaros,GK,Liverpool,Fulham,0,4,354,35,10,0,True,2026-09-12T14:00:00Z,0,0,4,0,0,0,0,0,0,0,0,0,0,0,0,0,0.0,0.0,0.0,0.0,0,0.0,0.0,0.0,0.0,40,157,1961,567,410,0,0,0,0
Davies,GK,Liverpool,Fulham,0,4,355,35,10,0,True,2026-09-12T14:00:00Z,0,0,4,0,0,0,0,0,0,0,0,0,0,0,0,0,0.0,0.0,0.0,0.0,0,0.0,0.0,0.0,0.0,40,67,16844,1195,1128,0,0,0,0
Virgil,DEF,Liverpool,Fulham,0,4,356,35,10,8,True,2026-09-12T14:00:00Z,0,0,4,90,0,0,1,0,0,0,0,0,0,0,0,25,25.8,12.8,0.0,3.9,1,0.0,0.01,0.01,0.7,65,-48305,1832589,79775,128080,0,1,10,10
Frimpong,DEF,Liverpool,Fulham,0,4,357,35,10,1,True,2026-09-12T14:00:00Z,0,0,4,18,0,0,0,0,0,0,0,0,0,0,0,12,13.0,24.9,2.0,4.0,0,0.0,0.12,0.12,0.1,54,-81882,231759,4729,86611,1,1,3,4
Kerkez,DEF,Liverpool,Fulham,0,4,358,35,10,1,True,2026-09-12T14:00:00Z,0,0,4,45,0,0,0,0,0,0,0,0,0,0,0,6,9.8,7.1,0.0,1.7,0,0.0,0.01,0.01,0.3,54,-22124,288013,12338,34462,1,0,2,3
Gomez,DEF,Liverpool,Fulham,0,4,359,35,10,0,True,2026-09-12T14:00:00Z,0,0,4,0,0,0,0,0,0,0,0,0,0,0,0,0,0.0,0.0,0.0,0.0,0,0.0,0.0,0.0,0.0,50,-137,1392,74,211,0,0,0,0
Bradley,DEF,Liverpool,Fulham,0,4,360,35,10,0,True,2026-09-12T14:00:00Z,0,0,4,0,0,0,0,0,0,0,0,0,0,0,0,0,0.0,0.0,0.0,0.0,0,0.0,0.0,0.0,0.0,50,-94,1010,67,161,0,0,0,0
Lucky,DEF,Liverpool,Fulham,0,4,361,35,10,0,True,2026-09-12T14:00:00Z,0,0,4,0,0,0,0,0,0,0,0,0,0,0,0,0,0.0,0.0,0.0,0.0,0,0.0,0.0,0.0,0.0,40,-645,13224,832,1477,0,0,0,0
Jacquet,DEF,Liverpool,Fulham,0,4,362,35,10,9,True,2026-09-12T14:00:00Z,0,0,4,90,0,0,1,0,0,0,0,0,0,0,3,36,20.2,3.3,0.0,2.4,1,0.0,0.02,0.02,0.7,50,16244,298463,48593,32349,1,5,4,5
Leoni,DEF,Liverpool,Fulham,0,4,363,35,10,0,True,2026-09-12T14:00:00Z,0,0,4,0,0,0,0,0,0,0,0,0,0,0,0,0,0.0,0.0,0.0,0.0,0,0.0,0.0,0.0,0.0,40,-297,3654,161,458,0,0,0,0
Tsimikas,DEF,Liverpool,Fulham,0,4,364,35,10,1,True,2026-09-12T14:00:00Z,0,0,4,45,0,0,0,0,0,0,0,0,0,0,0,2,2.8,1.6,0.0,0.4,1,0.0,0.01,0.01,0.4,49,-934,7588,362,1296,1,3,2,3
Ramsay,DEF,Liverpool,Fulham,0,4,365,35,10,0,True,2026-09-12T14:00:00Z,0,0,4,0,0,0,0,0,0,0,0,0,0,0,0,0,0.0,0.0,0.0,0.0,0,0.0,0.0,0.0,0.0,40,-2067,11136,0,2067,0,0,0,0
Wirtz,MID,Liverpool,Fulham,0,4,366,35,10,3,True,2026-09-12T14:00:00Z,0,0,4,90,0,0,1,0,0,0,0,0,0,0,0,14,7.6,31.8,12.0,5.1,1,0.11,0.06,0.17,0.7,74,-199592,837754,30578,230170,1,6,2,9
Gakpo,MID,Liverpool,Fulham,0,4,367,35,10,1,True,2026-09-12T14:00:00Z,0,0,4,30,0,0,0,0,0,0,0,0,0,0,0,3,0.8,1.3,7.0,0.9,0,0.08,0.02,0.1,0.16,72,357507,1328735,670039,312532,0,2,0,2
Szoboszlai,MID,Liverpool,Fulham,0,4,368,35,10,3,True,2026-09-12T14:00:00Z,0,0,4,90,0,0,1,0,0,0,0,0,0,0,0,25,16.0,55.7,9.0,8.1,1,0.12,0.28,0.4,0.7,70,-242164,4135360,274640,516804,0,3,3,6
Ngumoha,MID,Liverpool,Fulham,0,4,369,35,10,1,True,2026-09-12T14:00:00Z,0,0,4,18,0,0,0,0,0,0,0,0,0,0,0,-1,0.0,0.8,4.0,0.3,0,0.11,0.0,0.11,0.1,58,-20391,60213,3022,23413,0,0,1,1
Chiesa,MID,Liverpool,Fulham,0,4,370,35,10,0,True,2026-09-12T14:00:00Z,0,0,4,0,0,0,0,0,0,0,0,0,0,0,0,0,0.0,0.0,0.0,0.0,0,0.0,0.0,0.0,0.0,54,-1366,5591,14,1380,0,0,0,0
Gravenberch,MID,Liverpool,Fulham,0,4,371,35,10,1,True,2026-09-12T14:00:00Z,0,0,4,59,0,0,0,0,0,0,0,0,0,0,0,13,19.6,11.4,2.0,3.3,1,0.04,0.01,0.05,0.54,59,-33117,140580,5155,38272,2,1,7,10
Mac Allister,MID,Liverpool,Fulham,0,4,372,35,10,1,True,2026-09-12T14:00:00Z,0,0,4,30,0,0,0,0,0,0,0,0,0,0,0,7,9.2,22.4,4.0,3.6,0,0.02,0.02,0.04,0.16,54,-7817,145908,12996,20813,1,1,2,4
C.Jones,MID,Liverpool,Fulham,0,4,373,35,10,0,True,2026-09-12T14:00:00Z,0,0,4,0,0,0,0,0,0,0,0,0,0,0,0,0,0.0,0.0,0.0,0.0,0,0.0,0.0,0.0,0.0,55,-372,2535,0,372,0,0,0,0
Endo,MID,Liverpool,Fulham,0,4,374,35,10,0,True,2026-09-12T14:00:00Z,0,0,4,0,0,0,0,0,0,0,0,0,0,0,0,0,0.0,0.0,0.0,0.0,0,0.0,0.0,0.0,0.0,49,-568,6867,531,1099,0,0,0,0
Nyoni,MID,Liverpool,Fulham,0,4,375,35,10,0,True,2026-09-12T14:00:00Z,0,0,4,0,0,0,0,0,0,0,0,0,0,0,0,0,0.0,0.0,0.0,0.0,0,0.0,0.0,0.0,0.0,49,-285,4195,427,712,0,0,0,0
Bajcetic,MID,Liverpool,Fulham,0,4,376,35,10,0,True,2026-09-12T14:00:00Z,0,0,4,0,0,0,0,0,0,0,0,0,0,0,0,0,0.0,0.0,0.0,0.0,0,0.0,0.0,0.0,0.0,50,-23,128,0,23,0,0,0,0
Munoz,MID,Liverpool,Fulham,0,4,377,35,10,1,True,2026-09-12T14:00:00Z,0,0,4,59,0,0,0,0,0,0,0,0,0,0,0,5,3.4,1.4,37.0,4.2,1,0.1,0.0,0.1,0.54,65,-9953,130437,20664,30617,0,2,0,2
McConnell,MID,Liverpool,Fulham,0,4,378,35,10,0,True,2026-09-12T14:00:00Z,0,0,4,0,0,0,0,0,0,0,0,0,0,0,0,0,0.0,0.0,0.0,0.0,0,0.0,0.0,0.0,0.0,45,-1744,23763,870,2614,0,0,0,0
Isak,FWD,Liverpool,Fulham,0,4,379,35,10,2,True,2026-09-12T14:00:00Z,0,0,4,90,0,0,1,0,0,0,0,0,0,0,0,5,1.2,2.8,28.0,3.2,1,0.5,0.0,0.5,0.7,91,623585,2626358,732640,109055,0,1,0,1
Ekitiké,FWD,Liverpool,Fulham,0,4,380,35,10,0,True,2026-09-12T14:00:00Z,0,0,4,0,0,0,0,0,0,0,0,0,0,0,0,0,0.0,0.0,0.0,0.0,0,0.0,0.0,0.0,0.0,74,-1567,11892,474,2041,0,0,0,0
Koumas,MID,Liverpool,Fulham,0,4,381,35,10,0,True,2026-09-12T14:00:00Z,0,0,4,0,0,0,0,0,0,0,0,0,0,0,0,0,0.0,0.0,0.0,0.0,0,0.0,0.0,0.0,0.0,50,-163,2699,155,318,0,0,0,0
Danns,FWD,Liverpool,Fulham,0,4,382,35,10,0,True,2026-09-12T14:00:00Z,0,0,4,0,0,0,0,0,0,0,0,0,0,0,0,0,0.0,0.0,0.0,0.0,0,0.0,0.0,0.0,0.0,45,4586,14211,7016,2430,0,0,0,0
Elliott,MID,Liverpool,Fulham,0,4,383,35,10,0,True,2026-09-12T14:00:00Z,0,0,4,0,0,0,0,0,0,0,0,0,0,0,0,0,0.0,0.0,0.0,0.0,0,0.0,0.0,0.0,0.0,54,-1672,4155,0,1672,0,0,0,0
Donnarumma,GK,Man City,Man Utd,0,4,384,39,16,7,False,2026-09-13T15:30:00Z,0,1,4,90,0,0,1,0,0,0,0,0,0,3,0,29,20.6,0.0,0.0,2.1,1,0.0,0.0,0.0,1.0,55,-46242,797609,32234,78476,0,10,0,0
Trafford,GK,Leeds,Newcastle,0,4,385,40,17,3,True,2026-09-14T19:00:00Z,4,1,4,90,0,0,0,1,0,0,0,0,0,4,0,17,29.0,0.0,0.0,2.9,1,0.0,0.0,0.0,0.88,50,15245,583002,64368,49123,0,8,4,0
Bettinelli,GK,Man City,Man Utd,0,4,386,39,16,0,False,2026-09-13T15:30:00Z,0,1,4,0,0,0,0,0,0,0,0,0,0,0,0,0,0.0,0.0,0.0,0.0,0,0.0,0.0,0.0,0.0,45,-113,2911,128,241,0,0,0,0
O'Reilly,DEF,Man City,Man Utd,0,4,387,39,16,1,False,2026-09-13T15:30:00Z,0,1,4,8,0,0,0,0,0,0,0,0,0,0,0,3,0.0,0.5,0.0,0.1,0,0.0,0.0,0.0,0.5,64,-538591,1381174,8499,547090,0,1,0,0
Guéhi,DEF,Man City,Man Utd,0,4,388,39,16,6,False,2026-09-13T15:30:00Z,0,1,4,90,0,0,1,0,0,0,0,0,0,0,0,27,16.6,0.6,2.0,1.9,1,0.0,0.0,0.0,1.0,60,-25207,1956435,90239,115446,0,3,7,7
Matheus N.,DEF,Man City,Man Utd,0,4,389,39,16,9,False,2026-09-13T15:30:00Z,0,1,4,90,0,0,1,0,0,0,0,0,0,0,1,34,31.2,1.5,0.0,3.3,1,0.0,0.01,0.01,1.0,59,-8606,99893,2401,11007,2,8,9,11
Rúben,DEF,Man City,Man Utd,0,4,390,39,16,6,False,2026-09-13T15:30:00Z,0,1,4,90,0,0,1,0,0,0,0,0,0,0,0,24,17.4,0.2,2.0,2.0,1,0.0,0.0,0.0,1.0,55,-6512,188216,11031,17543,0,2,7,7
Gvardiol,DEF,Man City,Man Utd,0,4,391,39,16,11,False,2026-09-13T15:30:00Z,0,1,4,90,0,1,1,0,0,0,0,1,0,0,3,36,16.4,1.1,4.0,2.2,1,0.02,0.0,0.02,1.0,56,152896,2126959,315722,162826,4,3,3,7
Aït-Nouri,DEF,Man City,Man Utd,0,4,392,39,16,0,False,2026-09-13T15:30:00Z,0,1,4,0,0,0,0,0,0,0,0,0,0,0,0,0,0.0,0.0,0.0,0.0,0,0.0,0.0,0.0,0.0,53,-9974,48901,1355,11329,0,0,0,0
Khusanov,DEF,Man City,Man Utd,0,4,393,39,16,0,False,2026-09-13T15:30:00Z,0,1,4,0,0,0,0,0,0,0,0,0,0,0,0,0,0.0,0.0,0.0,0.0,0,0.0,0.0,0.0,0.0,55,-8055,166165,6115,14170,0,0,0,0
Alleyne,DEF,Man City,Man Utd,0,4,394,39,16,0,False,2026-09-13T15:30:00Z,0,1,4,0,0,0,0,0,0,0,0,0,0,0,0,0,0.0,0.0,0.0,0.0,0,0.0,0.0,0.0,0.0,50,-60,537,0,60,0,0,0,0
Lewis,DEF,Man City,Man Utd,0,4,395,39,16,0,False,2026-09-13T15:30:00Z,0,1,4,0,0,0,0,0,0,0,0,0,0,0,0,0,0.0,0.0,0.0,0.0,0,0.0,0.0,0.0,0.0,44,-3042,22298,1037,4079,0,0,0,0
Vitor Reis,DEF,Man City,Man Utd,0,4,396,39,16,0,False,2026-09-13T15:30:00Z,0,1,4,0,0,0,0,0,0,0,0,0,0,0,0,0,0.0,0.0,0.0,0.0,0,0.0,0.0,0.0,0.0,45,-193,3187,90,283,0,0,0,0
Semenyo,MID,Man City,Man Utd,0,4,397,39,16,3,False,2026-09-13T15:30:00Z,0,1,4,90,0,0,1,0,0,0,0,0,0,0,0,7,2.2,16.1,6.0,2.4,1,0.0,0.06,0.06,1.0,84,-325768,1689535,35764,361532,1,2,0,3
Foden,MID,Man City,Man Utd,0,4,398,39,16,-2,False,2026-09-13T15:30:00Z,0,1,4,22,0,0,0,0,0,0,0,0,1,0,0,-4,0.0,12.1,6.0,1.6,1,0.0,0.02,0.02,0.1,70,-191380,396620,18307,209687,0,0,0,0
Cherki,MID,Man City,Man Utd,0,4,399,39,16,1,False,2026-09-13T15:30:00Z,0,1,4,45,0,0,0,0,0,0,0,0,0,0,0,4,1.6,6.6,4.0,1.2,1,0.03,0.06,0.09,0.2,78,-139414,3069702,314949,454363,0,0,1,1
Doku,MID,Man City,Man Utd,0,4,400,39,16,0,False,2026-09-13T15:30:00Z,0,1,4,0,0,0,0,0,0,0,0,0,0,0,0,0,0.0,0.0,0.0,0.0,0,0.0,0.0,0.0,0.0,74,-14480,77943,249,14729,0,0,0,0
Marmoush,FWD,Spurs,Everton,0,4,401,37,9,2,True,2026-09-12T16:30:00Z,0,0,4,76,0,0,1,0,0,0,0,0,0,0,0,9,3.2,11.6,14.0,2.9,1,0.02,0.03,0.05,1.08,70,6113,250023,46956,40843,0,5,0,5
Rodrigo,MID,Man City,Man Utd,0,4,402,39,16,0,False,2026-09-13T15:30:00Z,0,1,4,0,0,0,0,0,0,0,0,0,0,0,0,0,0.0,0.0,0.0,0.0,0,0.0,0.0,0.0,0.0,65,-87,1206,0,87,0,0,0,0
Sávio,MID,Spurs,Everton,0,4,403,37,9,3,True,2026-09-12T16:30:00Z,0,0,4,90,0,0,1,0,0,0,0,0,0,0,0,22,20.8,53.7,28.0,10.3,1,0.1,0.26,0.36,1.11,65,-583,75171,13225,13808,0,5,1,6
Reijnders,MID,Man City,Man Utd,0,4,404,39,16,0,False,2026-09-13T15:30:00Z,0,1,4,0,0,0,0,0,0,0,0,0,0,0,0,0,0.0,0.0,0.0,0.0,0,0.0,0.0,0.0,0.0,60,-541,3943,0,541,0,0,0,0
N.Gonzalez,MID,Newcastle,Leeds,0,4,405,40,13,1,False,2026-09-14T19:00:00Z,4,1,4,18,0,0,0,0,0,0,0,0,0,0,0,3,0.0,0.1,0.0,0.0,1,0.0,0.0,0.0,0.27,55,215,26871,3834,3619,0,1,0,1
Kovačić,MID,Man City,Man Utd,0,4,406,39,16,0,False,2026-09-13T15:30:00Z,0,1,4,0,0,0,0,0,0,0,0,0,0,0,0,0,0.0,0.0,0.0,0.0,0,0.0,0.0,0.0,0.0,54,-996,8409,425,1421,0,0,0,0
Echeverri,MID,Man City,Man Utd,0,4,407,39,16,0,False,2026-09-13T15:30:00Z,0,1,4,0,0,0,0,0,0,0,0,0,0,0,0,0,0.0,0.0,0.0,0.0,0,0.0,0.0,0.0,0.0,49,-350,1077,0,350,0,0,0,0
Phillips,MID,Man City,Man Utd,0,4,408,39,16,0,False,2026-09-13T15:30:00Z,0,1,4,0,0,0,0,0,0,0,0,0,0,0,0,0,0.0,0.0,0.0,0.0,0,0.0,0.0,0.0,0.0,50,-59,553,0,59,0,0,0,0
Mukasa,MID,Man City,Man Utd,0,4,409,39,16,0,False,2026-09-13T15:30:00Z,0,1,4,0,0,0,0,0,0,0,0,0,0,0,0,0,0.0,0.0,0.0,0.0,0,0.0,0.0,0.0,0.0,45,-3408,11304,0,3408,0,0,0,0
Monga,MID,Man City,Man Utd,0,4,410,39,16,0,False,2026-09-13T15:30:00Z,0,1,4,0,0,0,0,0,0,0,0,0,0,0,0,0,0.0,0.0,0.0,0.0,0,0.0,0.0,0.0,0.0,49,-363,989,0,363,0,0,0,0
Haaland,FWD,Man City,Man Utd,0,4,411,39,16,9,False,2026-09-13T15:30:00Z,0,1,4,90,1,0,1,0,0,0,0,0,0,0,3,36,34.0,1.6,37.0,7.3,1,0.87,0.01,0.88,1.0,155,45312,7610939,178187,132875,0,3,0,3
Lammens,GK,Man Utd,Man City,0,4,412,39,15,2,True,2026-09-13T15:30:00Z,0,1,4,90,0,0,0,1,0,0,0,0,0,1,0,5,6.6,0.0,0.0,0.7,1,0.0,0.0,0.0,1.1,50,-227696,1178768,11379,239075,0,5,1,0
Bayindir,GK,Man Utd,Man City,0,4,413,39,15,0,True,2026-09-13T15:30:00Z,0,1,4,0,0,0,0,0,0,0,0,0,0,0,0,0,0.0,0.0,0.0,0.0,0,0.0,0.0,0.0,0.0,45,-137,1335,0,137,0,0,0,0
Heaton,GK,Man Utd,Man City,0,4,414,39,15,0,True,2026-09-13T15:30:00Z,0,1,4,0,0,0,0,0,0,0,0,0,0,0,0,0,0.0,0.0,0.0,0.0,0,0.0,0.0,0.0,0.0,40,-119,8836,696,815,0,0,0,0
Dorgu,MID,Man Utd,Man City,0,4,415,39,15,4,True,2026-09-13T15:30:00Z,0,1,4,90,0,0,0,1,0,0,0,0,0,0,0,19,19.6,18.7,4.0,4.2,1,0.0,0.03,0.03,1.1,58,-16892,62553,2154,19046,6,3,3,12
De Ligt,DEF,Man Utd,Man City,0,4,416,39,15,0,True,2026-09-13T15:30:00Z,0,1,4,0,0,0,0,0,0,0,0,0,0,0,0,0,0.0,0.0,0.0,0.0,0,0.0,0.0,0.0,0.0,50,-177,2411,87,264,0,0,0,0
Dalot,DEF,Man Utd,Man City,0,4,417,39,15,2,True,2026-09-13T15:30:00Z,0,1,4,90,0,0,0,1,0,0,0,0,0,0,0,9,6.2,16.5,3.0,2.6,1,0.02,0.05,0.07,1.1,49,-32120,192489,3882,36002,1,9,2,3
Maguire,DEF,Man Utd,Man City,0,4,418,39,15,1,True,2026-09-13T15:30:00Z,0,1,4,90,0,0,0,1,0,0,0,1,0,0,0,4,9.4,1.6,11.0,2.2,1,0.12,0.01,0.13,1.1,49,-358924,1091541,17287,376211,1,6,4,5
Martinez,DEF,Man Utd,Man City,0,4,419,39,15,2,True,2026-09-13T15:30:00Z,0,1,4,90,0,0,0,1,0,0,0,0,0,0,0,14,20.2,3.4,7.0,3.1,1,0.03,0.08,0.11,1.1,50,-6006,130813,7461,13467,3,5,3,6
Yoro,DEF,Man Utd,Man City,0,4,420,39,15,0,True,2026-09-13T15:30:00Z,0,1,4,0,0,0,0,0,0,0,0,0,0,0,0,0,0.0,0.0,0.0,0.0,0,0.0,0.0,0.0,0.0,49,-6069,52988,894,6963,0,0,0,0
Heaven,DEF,Man Utd,Man City,0,4,421,39,15,0,True,2026-09-13T15:30:00Z,0,1,4,0,0,0,0,0,0,0,0,0,0,0,0,0,0.0,0.0,0.0,0.0,0,0.0,0.0,0.0,0.0,44,-5029,31486,769,5798,0,0,0,0
Mazraoui,DEF,Man Utd,Man City,0,4,422,39,15,0,True,2026-09-13T15:30:00Z,0,1,4,0,0,0,0,0,0,0,0,0,0,0,0,0,0.0,0.0,0.0,0.0,0,0.0,0.0,0.0,0.0,44,-8954,59306,2102,11056,0,0,0,0
Shaw,DEF,Man Utd,Man City,0,4,423,39,15,0,True,2026-09-13T15:30:00Z,0,1,4,0,0,0,0,0,0,0,0,0,0,0,0,0,0.0,0.0,0.0,0.0,0,0.0,0.0,0.0,0.0,44,-396169,1210238,21871,418040,0,0,0,0
Amass,DEF,Man Utd,Man City,0,4,424,39,15,0,True,2026-09-13T15:30:00Z,0,1,4,0,0,0,0,0,0,0,0,0,0,0,0,0,0.0,0.0,0.0,0.0,0,0.0,0.0,0.0,0.0,40,-300,21846,1680,1980,0,0,0,0
Fredricson,DEF,Man Utd,Man City,0,4,425,39,15,0,True,2026-09-13T15:30:00Z,0,1,4,0,0,0,0,0,0,0,0,0,0,0,0,0,0.0,0.0,0.0,0.0,0,0.0,0.0,0.0,0.0,40,-152,1428,0,152,0,0,0,0
B.Fernandes,MID,Man Utd,Man City,0,4,426,39,15,2,True,2026-09-13T15:30:00Z,0,1,4,90,0,0,0,1,0,0,0,0,0,0,0,17,17.0,31.4,7.0,5.5,1,0.03,0.33,0.36,1.1,120,-615807,4455713,123022,738829,2,4,1,7
Mbeumo,MID,Man Utd,Man City,0,4,427,39,15,2,True,2026-09-13T15:30:00Z,0,1,4,90,0,0,0,1,0,0,0,0,0,0,0,9,11.2,32.8,24.0,6.8,1,0.49,0.08,0.57,1.1,79,-362745,2456322,156650,519395,1,3,1,5
Cunha,MID,Man Utd,Man City,0,4,428,39,15,2,True,2026-09-13T15:30:00Z,0,1,4,90,0,0,0,1,0,0,0,0,0,0,0,8,2.4,14.3,15.0,3.2,1,0.11,0.03,0.14,1.1,79,-138505,680785,11751,150256,1,1,0,2
Rashford,MID,Man Utd,Man City,0,4,429,39,15,2,True,2026-09-13T15:30:00Z,0,1,4,82,0,0,0,1,0,0,0,0,0,0,0,6,5.4,14.1,29.0,4.9,1,0.12,0.08,0.2,1.08,70,-3479,172900,24764,28243,1,2,2,5
Mount,MID,Man Utd,Man City,0,4,430,39,15,0,True,2026-09-13T15:30:00Z,0,1,4,0,0,0,0,0,0,0,0,0,0,0,0,0,0.0,0.0,0.0,0.0,0,0.0,0.0,0.0,0.0,54,54,2733,272,218,0,0,0,0
Amad,MID,Man Utd,Man City,0,4,431,39,15,0,True,2026-09-13T15:30:00Z,0,1,4,0,0,0,0,0,0,0,0,0,0,0,0,0,0.0,0.0,0.0,0.0,0,0.0,0.0,0.0,0.0,58,-13432,38595,148,13580,0,0,0,0
Mainoo,MID,Man Utd,Man City,0,4,432,39,15,4,True,2026-09-13T15:30:00Z,0,1,4,90,0,0,0,1,0,0,0,0,0,0,0,20,19.8,37.2,1.0,5.8,1,0.03,0.07,0.1,1.1,55,17969,147734,30157,12188,0,9,4,13
Ugarte,MID,Man Utd,Man City,0,4,433,39,15,0,True,2026-09-13T15:30:00Z,0,1,4,0,0,0,0,0,0,0,0,0,0,0,0,0,0.0,0.0,0.0,0.0,0,0.0,0.0,0.0,0.0,50,-22,388,25,47,0,0,0,0
J.Fletcher,MID,Man Utd,Man City,0,4,434,39,15,0,True,2026-09-13T15:30:00Z,0,1,4,0,0,0,0,0,0,0,0,0,0,0,0,0,0.0,0.0,0.0,0.0,0,0.0,0.0,0.0,0.0,49,-67,1170,101,168,0,0,0,0
Lacey,MID,Man Utd,Man City,0,4,435,39,15,0,True,2026-09-13T15:30:00Z,0,1,4,0,0,0,0,0,0,0,0,0,0,0,0,0,0.0,0.0,0.0,0.0,0,0.0,0.0,0.0,0.0,49,-577,5384,197,774,0,0,0,0
Collyer,MID,Man Utd,Man City,0,4,436,39,15,0,True,2026-09-13T15:30:00Z,0,1,4,0,0,0,0,0,0,0,0,0,0,0,0,0,0.0,0.0,0.0,0.0,0,0.0,0.0,0.0,0.0,50,-257,1225,0,257,0,0,0,0
Bendito Mantato,MID,Man Utd,Man City,0,4,437,39,15,0,True,2026-09-13T15:30:00Z,0,1,4,0,0,0,0,0,0,0,0,0,0,0,0,0,0.0,0.0,0.0,0.0,0,0.0,0.0,0.0,0.0,45,-694,19130,1317,2011,0,0,0,0
Fletcher,MID,Man Utd,Man City,0,4,438,39,15,0,True,2026-09-13T15:30:00Z,0,1,4,0,0,0,0,0,0,0,0,0,0,0,0,0,0.0,0.0,0.0,0.0,0,0.0,0.0,0.0,0.0,45,-1858,31369,1320,3178,0,0,0,0
Šeško,FWD,Man Utd,Man City,0,4,439,39,15,1,True,2026-09-13T15:30:00Z,0,1,4,23,0,0,0,0,0,0,0,0,0,0,0,4,1.2,0.7,4.0,0.6,0,0.06,0.0,0.06,0.57,70,3627,182217,26345,22718,0,2,0,2
Zirkzee,FWD,Man Utd,Man City,0,4,440,39,15,1,True,2026-09-13T15:30:00Z,0,1,4,7,0,0,0,0,0,0,0,0,0,0,0,4,4.4,4.8,0.0,0.9,0,0.0,0.01,0.01,0.02,54,-4849,45127,3614,8463,0,2,1,3
Obi,FWD,Man Utd,Man City,0,4,441,39,15,0,True,2026-09-13T15:30:00Z,0,1,4,0,0,0,0,0,0,0,0,0,0,0,0,0,0.0,0.0,0.0,0.0,0,0.0,0.0,0.0,0.0,45,775,129085,15048,14273,0,0,0,0
Pope,GK,Newcastle,Leeds,0,4,442,40,13,0,False,2026-09-14T19:00:00Z,4,1,4,0,0,0,0,0,0,0,0,0,0,0,0,0,0.0,0.0,0.0,0.0,0,0.0,0.0,0.0,0.0,49,-8971,108982,3004,11975,0,0,0,0
Gillespie,GK,Newcastle,Leeds,0,4,443,40,13,0,False,2026-09-14T19:00:00Z,4,1,4,0,0,0,0,0,0,0,0,0,0,0,0,0,0.0,0.0,0.0,0.0,0,0.0,0.0,0.0,0.0,45,-150,3541,141,291,0,0,0,0
Jaouen,GK,Newcastle,Leeds,0,4,444,40,13,0,False,2026-09-14T19:00:00Z,4,1,4,0,0,0,0,0,0,0,0,0,0,0,0,0,0.0,0.0,0.0,0.0,0,0.0,0.0,0.0,0.0,45,-244,2484,97,341,0,0,0,0
Thiaw,DEF,Newcastle,Leeds,0,4,445,40,13,2,False,2026-09-14T19:00:00Z,4,1,4,90,0,0,0,4,0,0,0,0,0,0,0,-6,22.6,0.9,0.0,2.4,1,0.0,0.0,0.0,2.08,50,2995,227385,48297,45302,0,1,11,11
Schär,DEF,Newcastle,Leeds,0,4,446,40,13,0,False,2026-09-14T19:00:00Z,4,1,4,0,0,0,0,0,0,0,0,0,0,0,0,0,0.0,0.0,0.0,0.0,0,0.0,0.0,0.0,0.0,50,-2216,23553,1440,3656,0,0,0,0
Botman,DEF,Newcastle,Leeds,0,4,447,40,13,2,False,2026-09-14T19:00:00Z,4,1,4,90,0,0,0,4,0,0,0,0,0,0,0,2,31.2,0.3,0.0,3.2,1,0.0,0.0,0.0,2.08,50,1208,71884,9972,8764,2,4,15,17
Burn,DEF,Newcastle,Leeds,0,4,448,40,13,0,False,2026-09-14T19:00:00Z,4,1,4,0,0,0,0,0,0,0,0,0,0,0,0,0,0.0,0.0,0.0,0.0,0,0.0,0.0,0.0,0.0,49,-20317,96018,239,20556,0,0,0,0
Hall,DEF,Newcastle,Leeds,0,4,449,40,13,0,False,2026-09-14T19:00:00Z,4,1,4,90,0,0,0,4,0,0,0,0,0,0,0,9,21.0,3.9,7.0,3.2,1,0.02,0.01,0.03,2.08,52,448146,1512788,563772,115626,4,4,2,6
Livramento,DEF,Newcastle,Leeds,0,4,450,40,13,3,False,2026-09-14T19:00:00Z,4,1,4,32,0,1,0,1,0,0,0,1,0,0,0,9,4.8,3.8,4.0,1.3,0,0.0,0.01,0.01,0.16,49,2452,6615,3493,1041,2,4,1,3
A.Murphy,DEF,Newcastle,Leeds,0,4,451,40,13,0,False,2026-09-14T19:00:00Z,4,1,4,0,0,0,0,0,0,0,0,0,0,0,0,0,0.0,0.0,0.0,0.0,0,0.0,0.0,0.0,0.0,40,-957,6793,0,957,0,0,0,0
Bruno G.,MID,Arsenal,Sunderland,0,4,452,36,20,7,False,2026-09-12T19:00:00Z,0,2,4,45,1,0,0,0,0,0,0,0,0,0,1,29,35.4,3.9,11.0,5.0,0,0.09,0.14,0.23,1.57,68,-35502,181073,2351,37853,1,1,1,3
Barnes,MID,Newcastle,Leeds,0,4,453,40,13,2,False,2026-09-14T19:00:00Z,4,1,4,90,0,0,0,4,0,0,0,0,0,0,0,13,12.2,16.8,30.0,5.9,1,0.29,0.31,0.6,2.08,60,152668,290007,210527,57859,0,3,3,6
Elanga,MID,Newcastle,Leeds,0,4,454,40,13,0,False,2026-09-14T19:00:00Z,4,1,4,0,0,0,0,0,0,0,0,0,0,0,0,0,0.0,0.0,0.0,0.0,0,0.0,0.0,0.0,0.0,62,130728,1209834,326071,195343,0,0,0,0
Tonali,MID,Spurs,Everton,0,4,455,37,9,3,True,2026-09-12T16:30:00Z,0,0,4,90,0,0,1,0,0,0,0,0,0,0,0,16,12.2,30.7,6.0,4.9,1,0.09,0.31,0.4,1.11,54,-31266,265893,12899,44165,0,6,5,11
J.Ramsey,MID,Newcastle,Leeds,0,4,456,40,13,0,False,2026-09-14T19:00:00Z,4,1,4,0,0,0,0,0,0,0,0,0,0,0,0,0,0.0,0.0,0.0,0.0,0,0.0,0.0,0.0,0.0,49,6540,39795,11516,4976,0,0,0,0
J.Murphy,MID,Newcastle,Leeds,0,4,457,40,13,0,False,2026-09-14T19:00:00Z,4,1,4,56,0,0,0,3,0,0,0,1,0,0,0,2,1.2,3.7,2.0,0.7,1,0.0,0.14,0.14,1.91,59,-1103,13575,1062,2165,1,3,0,4
Joelinton,MID,Newcastle,Leeds,0,4,458,40,13,0,False,2026-09-14T19:00:00Z,4,1,4,0,0,0,0,0,0,0,0,0,0,0,0,0,0.0,0.0,0.0,0.0,0,0.0,0.0,0.0,0.0,54,-249,2032,33,282,0,0,0,0
L.Miley,MID,Newcastle,Leeds,0,4,459,40,13,0,False,2026-09-14T19:00:00Z,4,1,4,79,0,0,0,4,1,0,0,0,0,0,0,9,6.6,4.5,0.0,1.1,1,0.0,0.03,0.03,1.97,55,-528,8285,1045,1573,1,6,3,10
Willock,MID,Newcastle,Leeds,0,4,460,40,13,1,False,2026-09-14T19:00:00Z,4,1,4,32,0,0,0,1,0,0,0,0,0,0,0,8,7.6,13.3,18.0,3.9,0,0.12,0.06,0.18,0.16,50,6640,52306,16531,9891,1,2,1,4
Touré,MID,Newcastle,Leeds,0,4,461,40,13,6,False,2026-09-14T19:00:00Z,4,1,4,33,1,0,0,1,0,0,0,0,0,0,0,24,36.6,5.3,21.0,6.3,0,0.28,0.01,0.29,0.16,58,-3031,13401,376,3407,0,2,0,2
Steur,MID,Newcastle,Leeds,0,4,462,40,13,2,False,2026-09-14T19:00:00Z,4,1,4,71,0,0,0,4,0,0,0,0,0,0,0,14,12.0,20.2,0.0,3.2,0,0.0,0.03,0.03,1.81,49,-1064,8079,390,1454,2,2,3,7
Woltemade,FWD,Newcastle,Leeds,0,4,463,40,13,0,False,2026-09-14T19:00:00Z,4,1,4,0,0,0,0,0,0,0,0,0,0,0,0,0,0.0,0.0,0.0,0.0,0,0.0,0.0,0.0,0.0,59,-39340,66136,0,39340,0,0,0,0
Wissa,FWD,Newcastle,Leeds,0,4,464,40,13,2,False,2026-09-14T19:00:00Z,4,1,4,90,0,0,0,4,0,0,0,0,0,0,0,3,2.2,21.5,12.0,3.6,1,0.16,0.0,0.16,2.08,62,319416,1925334,578506,259090,1,2,2,5
Osula,FWD,Newcastle,Leeds,0,4,465,40,13,0,False,2026-09-14T19:00:00Z,4,1,4,0,0,0,0,0,0,0,0,0,0,0,0,0,0.0,0.0,0.0,0.0,0,0.0,0.0,0.0,0.0,59,-12652,41129,234,12886,0,0,0,0
Neave,FWD,Newcastle,Leeds,0,4,466,40,13,0,False,2026-09-14T19:00:00Z,4,1,4,0,0,0,0,0,0,0,0,0,0,0,0,0,0.0,0.0,0.0,0.0,0,0.0,0.0,0.0,0.0,45,-17854,66182,0,17854,0,0,0,0
Sels,GK,Nott'm Forest,Aston Villa,0,4,467,31,2,3,False,2026-09-12T14:00:00Z,1,2,4,90,0,0,0,1,0,0,0,0,0,5,0,19,35.0,0.0,0.0,3.5,1,0.0,0.0,0.0,0.82,50,2211,147158,15113,12902,0,11,2,0
John,GK,Nott'm Forest,Aston Villa,0,4,468,31,2,0,False,2026-09-12T14:00:00Z,1,2,4,0,0,0,0,0,0,0,0,0,0,0,0,0,0.0,0.0,0.0,0.0,0,0.0,0.0,0.0,0.0,45,-238,6251,173,411,0,0,0,0
N.Williams,DEF,Nott'm Forest,Aston Villa,0,4,469,31,2,2,False,2026-09-12T14:00:00Z,1,2,4,90,0,0,0,1,0,0,0,0,0,0,0,9,8.8,19.9,10.0,3.9,1,0.2,0.16,0.36,0.82,50,7392,864022,91886,84494,1,1,2,3
Morato,DEF,Nott'm Forest,Aston Villa,0,4,470,31,2,0,False,2026-09-12T14:00:00Z,1,2,4,0,0,0,0,0,0,0,0,0,0,0,0,0,0.0,0.0,0.0,0.0,0,0.0,0.0,0.0,0.0,50,-1122,2529,0,1122,0,0,0,0
Milenković,DEF,Nott'm Forest,Aston Villa,0,4,471,31,2,0,False,2026-09-12T14:00:00Z,1,2,4,0,0,0,0,0,0,0,0,0,0,0,0,0,0.0,0.0,0.0,0.0,0,0.0,0.0,0.0,0.0,55,-346,171183,9458,9804,0,0,0,0
Murillo,DEF,Nott'm Forest,Aston Villa,0,4,472,31,2,6,False,2026-09-12T14:00:00Z,1,2,4,90,0,1,0,1,0,0,0,1,0,0,0,18,33.0,10.9,0.0,4.4,1,0.0,0.01,0.01,0.82,55,5868,172739,15727,9859,2,6,10,12
Aina,DEF,Nott'm Forest,Aston Villa,0,4,473,31,2,2,False,2026-09-12T14:00:00Z,1,2,4,90,0,0,0,1,0,0,0,0,0,0,0,11,17.4,1.7,0.0,1.9,1,0.0,0.01,0.01,0.82,45,-43006,273323,8317,51323,3,2,5,8
Jair Cunha,DEF,Nott'm Forest,Aston Villa,0,4,474,31,2,0,False,2026-09-12T14:00:00Z,1,2,4,0,0,0,0,0,0,0,0,0,0,0,0,0,0.0,0.0,0.0,0.0,0,0.0,0.0,0.0,0.0,45,3885,24942,8098,4213,0,0,0,0
Savona,DEF,Nott'm Forest,Aston Villa,0,4,475,31,2,0,False,2026-09-12T14:00:00Z,1,2,4,0,0,0,0,0,0,0,0,0,0,0,0,0,0.0,0.0,0.0,0.0,0,0.0,0.0,0.0,0.0,45,16,263,56,40,0,0,0,0
O.Richards,DEF,Nott'm Forest,Aston Villa,0,4,476,31,2,0,False,2026-09-12T14:00:00Z,1,2,4,0,0,0,0,0,0,0,0,0,0,0,0,0,0.0,0.0,0.0,0.0,0,0.0,0.0,0.0,0.0,40,-831,23161,925,1756,0,0,0,0
Abbott,DEF,Nott'm Forest,Aston Villa,0,4,477,31,2,0,False,2026-09-12T14:00:00Z,1,2,4,0,0,0,0,0,0,0,0,0,0,0,0,0,0.0,0.0,0.0,0.0,0,0.0,0.0,0.0,0.0,40,-4322,18185,0,4322,0,0,0,0
Netz,DEF,Nott'm Forest,Aston Villa,0,4,478,31,2,0,False,2026-09-12T14:00:00Z,1,2,4,0,0,0,0,0,0,0,0,0,0,0,0,0,0.0,0.0,0.0,0.0,0,0.0,0.0,0.0,0.0,45,-264,3279,104,368,0,0,0,0
Bindon,DEF,Nott'm Forest,Aston Villa,0,4,479,31,2,0,False,2026-09-12T14:00:00Z,1,2,4,0,0,0,0,0,0,0,0,0,0,0,0,0,0.0,0.0,0.0,0.0,0,0.0,0.0,0.0,0.0,40,-2375,13436,0,2375,0,0,0,0
Gibbs-White,MID,Nott'm Forest,Aston Villa,0,4,480,31,2,8,False,2026-09-12T14:00:00Z,1,2,4,90,0,1,0,1,0,0,0,0,0,0,3,42,39.0,98.5,26.0,16.4,1,0.16,0.91,1.07,0.82,79,26861,1011180,175102,148241,1,3,0,4
Anderson,MID,Man City,Man Utd,0,4,481,39,16,5,False,2026-09-13T15:30:00Z,0,1,4,90,0,0,1,0,0,0,0,0,0,0,0,18,15.2,3.3,0.0,1.9,1,0.0,0.01,0.01,1.0,63,-76716,447292,16389,93105,3,6,5,14
Hudson-Odoi,MID,Nott'm Forest,Aston Villa,0,4,482,31,2,0,False,2026-09-12T14:00:00Z,1,2,4,0,0,0,0,0,0,0,0,0,0,0,0,0,0.0,0.0,0.0,0.0,0,0.0,0.0,0.0,0.0,59,-2586,17097,774,3360,0,0,0,0
Ndoye,MID,Nott'm Forest,Aston Villa,0,4,483,31,2,1,False,2026-09-12T14:00:00Z,1,2,4,74,0,0,0,1,0,0,0,1,0,0,0,1,0.0,12.5,38.0,4.7,1,0.7,0.25,0.95,0.73,55,-3202,67800,9828,13030,0,2,0,2
Hutchinson,MID,Nott'm Forest,Aston Villa,0,4,484,31,2,0,False,2026-09-12T14:00:00Z,1,2,4,0,0,0,0,0,0,0,0,0,0,0,0,0,0.0,0.0,0.0,0.0,0,0.0,0.0,0.0,0.0,54,-2676,8921,0,2676,0,0,0,0
Bakwa,MID,Nott'm Forest,Aston Villa,0,4,485,31,2,0,False,2026-09-12T14:00:00Z,1,2,4,0,0,0,0,0,0,0,0,0,0,0,0,0,0.0,0.0,0.0,0.0,0,0.0,0.0,0.0,0.0,55,-145,638,0,145,0,0,0,0
McAtee,MID,Nott'm Forest,Aston Villa,0,4,486,31,2,3,False,2026-09-12T14:00:00Z,1,2,4,81,0,0,0,1,0,0,0,1,0,0,0,18,14.8,27.3,10.0,5.2,1,0.03,0.38,0.41,0.73,55,546,9321,1956,1410,3,5,4,12
Dominguez,MID,Nott'm Forest,Aston Villa,0,4,487,31,2,0,False,2026-09-12T14:00:00Z,1,2,4,0,0,0,0,0,0,0,0,0,0,0,0,0,0.0,0.0,0.0,0.0,0,0.0,0.0,0.0,0.0,49,-569,6666,312,881,0,0,0,0
I.Sangaré,MID,Nott'm Forest,Aston Villa,0,4,488,31,2,1,False,2026-09-12T14:00:00Z,1,2,4,8,0,0,0,0,0,0,0,0,0,0,0,2,2.4,0.4,2.0,0.5,0,0.06,0.01,0.07,0.09,49,-9453,52561,2665,12118,1,0,1,2
Yates,MID,Nott'm Forest,Aston Villa,0,4,489,31,2,0,False,2026-09-12T14:00:00Z,1,2,4,0,0,0,0,0,0,0,0,0,0,0,0,0,0.0,0.0,0.0,0.0,0,0.0,0.0,0.0,0.0,45,-8348,144588,7645,15993,0,0,0,0
Wood,FWD,Nott'm Forest,Aston Villa,0,4,490,31,2,1,False,2026-09-12T14:00:00Z,1,2,4,1,0,0,0,0,0,0,0,0,0,0,0,3,0.0,0.0,0.0,0.0,0,0.0,0.0,0.0,0.09,59,-17430,108335,4564,21994,0,0,0,0
Igor Jesus,FWD,Nott'm Forest,Aston Villa,0,4,491,31,2,7,False,2026-09-12T14:00:00Z,1,2,4,15,1,0,0,0,0,0,0,0,0,0,2,34,36.4,11.0,17.0,6.4,0,0.13,0.01,0.14,0.09,59,-61409,253573,12811,74220,0,3,0,3
Awoniyi,FWD,Coventry City,Brighton,0,4,492,38,5,-2,True,2026-09-13T13:00:00Z,0,5,4,52,0,0,0,5,0,0,0,0,1,0,0,-5,0.0,10.9,10.0,1.9,1,0.06,0.01,0.07,1.37,55,-3108,69089,7191,10299,1,1,0,2
Kalimuendo,FWD,Nott'm Forest,Aston Villa,0,4,493,31,2,0,False,2026-09-12T14:00:00Z,1,2,4,0,0,0,0,0,0,0,0,0,0,0,0,0,0.0,0.0,0.0,0.0,0,0.0,0.0,0.0,0.0,54,281,5715,1150,869,0,0,0,0
Vicario,GK,Spurs,Everton,0,4,494,37,9,0,True,2026-09-12T16:30:00Z,0,0,4,0,0,0,0,0,0,0,0,0,0,0,0,0,0.0,0.0,0.0,0.0,0,0.0,0.0,0.0,0.0,45,-2498,16026,0,2498,0,0,0,0
Austin,GK,Spurs,Everton,0,4,495,37,9,0,True,2026-09-12T16:30:00Z,0,0,4,0,0,0,0,0,0,0,0,0,0,0,0,0,0.0,0.0,0.0,0.0,0,0.0,0.0,0.0,0.0,40,2998,108986,8583,5585,0,0,0,0
Kinsky,GK,Spurs,Everton,0,4,496,37,9,7,True,2026-09-12T16:30:00Z,0,0,4,90,0,0,1,0,0,0,0,0,0,3,0,29,19.8,0.0,0.0,2.0,1,0.0,0.0,0.0,1.11,45,-84513,1930350,146399,230912,0,3,4,0
Dubravka,GK,Spurs,Everton,0,4,497,37,9,0,True,2026-09-12T16:30:00Z,0,0,4,0,0,0,0,0,0,0,0,0,0,0,0,0,0.0,0.0,0.0,0.0,0,0.0,0.0,0.0,0.0,40,19545,1929614,144708,125163,0,0,0,0
Senesi,DEF,Spurs,Everton,0,4,498,37,9,0,True,2026-09-12T16:30:00Z,0,0,4,0,0,0,0,0,0,0,0,0,0,0,0,0,0.0,0.0,0.0,0.0,0,0.0,0.0,0.0,0.0,59,-104635,468891,4311,108946,0,0,0,0
Pedro Porro,DEF,Spurs,Everton,0,4,499,37,9,0,True,2026-09-12T16:30:00Z,0,0,4,0,0,0,0,0,0,0,0,0,0,0,0,0,0.0,0.0,0.0,0.0,0,0.0,0.0,0.0,0.0,55,-80703,1130296,48477,129180,0,0,0,0
Romero,DEF,Spurs,Everton,0,4,500,37,9,0,True,2026-09-12T16:30:00Z,0,0,4,0,0,0,0,0,0,0,0,0,0,0,0,0,0.0,0.0,0.0,0.0,0,0.0,0.0,0.0,0.0,50,-1362,10093,0,1362,0,0,0,0
Danso,DEF,Sunderland,Arsenal,0,4,501,36,1,1,True,2026-09-12T19:00:00Z,0,2,4,90,0,0,0,2,0,0,0,0,0,0,0,6,16.8,11.0,2.0,3.0,1,0.0,0.08,0.08,1.88,50,-179,16781,1568,1747,0,3,4,4
Robertson,DEF,Spurs,Everton,0,4,502,37,9,7,True,2026-09-12T16:30:00Z,0,0,4,90,0,0,1,0,0,0,0,0,0,0,1,30,10.8,31.5,8.0,5.0,1,0.07,0.09,0.16,1.11,44,-57673,278552,5647,63320,0,3,2,2
Van de Ven,DEF,Spurs,Everton,0,4,503,37,9,6,True,2026-09-12T16:30:00Z,0,0,4,90,0,0,1,0,0,0,0,0,0,0,0,27,15.0,3.1,0.0,1.8,1,0.0,0.02,0.02,1.11,50,10120,414668,33873,23753,0,4,6,6
Vuskovic,DEF,Brighton,Coventry City,0,4,504,38,7,6,False,2026-09-13T13:00:00Z,0,5,4,77,0,0,1,0,0,0,0,0,0,0,0,27,16.2,1.8,13.0,3.1,1,0.11,0.01,0.12,1.11,50,86436,369539,131383,44947,1,4,8,9
Spence,DEF,Spurs,Everton,0,4,505,37,9,0,True,2026-09-12T16:30:00Z,0,0,4,0,0,0,0,0,0,0,0,0,0,0,0,0,0.0,0.0,0.0,0.0,0,0.0,0.0,0.0,0.0,45,-5357,28187,0,5357,0,0,0,0
Udogie,DEF,Spurs,Everton,0,4,506,37,9,0,True,2026-09-12T16:30:00Z,0,0,4,0,0,0,0,0,0,0,0,0,0,0,0,0,0.0,0.0,0.0,0.0,0,0.0,0.0,0.0,0.0,45,-2914,41192,1478,4392,0,0,0,0
Phillips,DEF,Spurs,Everton,0,4,507,37,9,0,True,2026-09-12T16:30:00Z,0,0,4,0,0,0,0,0,0,0,0,0,0,0,0,0,0.0,0.0,0.0,0.0,0,0.0,0.0,0.0,0.0,45,-139,1474,0,139,0,0,0,0
Davies,DEF,Spurs,Everton,0,4,508,37,9,0,True,2026-09-12T16:30:00Z,0,0,4,0,0,0,0,0,0,0,0,0,0,0,0,0,0.0,0.0,0.0,0.0,0,0.0,0.0,0.0,0.0,40,-6385,93661,2570,8955,0,0,0,0
Byfield,DEF,Spurs,Everton,0,4,509,37,9,0,True,2026-09-12T16:30:00Z,0,0,4,0,0,0,0,0,0,0,0,0,0,0,0,0,0.0,0.0,0.0,0.0,0,0.0,0.0,0.0,0.0,40,56,6533,621,565,0,0,0,0
Rowswell,DEF,Spurs,Everton,0,4,510,37,9,0,True,2026-09-12T16:30:00Z,0,0,4,0,0,0,0,0,0,0,0,0,0,0,0,0,0.0,0.0,0.0,0.0,0,0.0,0.0,0.0,0.0,40,64,9696,824,760,0,0,0,0
Souza,DEF,Spurs,Everton,0,4,511,37,9,0,True,2026-09-12T16:30:00Z,0,0,4,0,0,0,0,0,0,0,0,0,0,0,0,0,0.0,0.0,0.0,0.0,0,0.0,0.0,0.0,0.0,40,-4759,20460,0,4759,0,0,0,0
Kudus,MID,Spurs,Everton,0,4,512,37,9,1,True,2026-09-12T16:30:00Z,0,0,4,27,0,0,0,0,0,0,0,0,0,0,0,8,6.0,12.8,6.0,2.5,0,0.0,0.05,0.05,0.44,65,545,14250,3198,2653,1,1,0,2
Xavi,MID,Spurs,Everton,0,4,513,37,9,0,True,2026-09-12T16:30:00Z,0,0,4,0,0,0,0,0,0,0,0,0,0,0,0,0,0.0,0.0,0.0,0.0,0,0.0,0.0,0.0,0.0,59,-108,1311,86,194,0,0,0,0
Tel,MID,Spurs,Everton,0,4,514,37,9,1,True,2026-09-12T16:30:00Z,0,0,4,27,0,0,0,0,0,0,0,0,0,0,0,3,0.6,3.2,9.0,1.3,0,0.01,0.09,0.1,0.44,58,-6570,26160,1812,8382,0,0,0,0
Maddison,MID,Spurs,Everton,0,4,515,37,9,1,True,2026-09-12T16:30:00Z,0,0,4,13,0,0,0,0,0,0,0,0,0,0,0,3,6.8,3.8,0.0,1.1,0,0.0,0.01,0.01,0.03,63,-13096,45874,447,13543,0,1,2,3
Bentancur,MID,Spurs,Everton,0,4,516,37,9,3,True,2026-09-12T16:30:00Z,0,0,4,62,0,0,1,0,0,0,0,0,0,0,0,15,22.6,7.9,0.0,3.1,1,0.0,0.04,0.04,0.67,55,-172,18318,1225,1397,3,2,5,10
Odobert,MID,Spurs,Everton,0,4,517,37,9,0,True,2026-09-12T16:30:00Z,0,0,4,0,0,0,0,0,0,0,0,0,0,0,0,0,0.0,0.0,0.0,0.0,0,0.0,0.0,0.0,0.0,55,18,143,36,18,0,0,0,0
P.M.Sarr,MID,Spurs,Everton,0,4,518,37,9,0,True,2026-09-12T16:30:00Z,0,0,4,0,0,0,0,0,0,0,0,0,0,0,0,0,0.0,0.0,0.0,0.0,0,0.0,0.0,0.0,0.0,49,-4648,10250,0,4648,0,0,0,0
Gallagher,MID,Spurs,Everton,0,4,519,37,9,0,True,2026-09-12T16:30:00Z,0,0,4,0,0,0,0,0,0,0,0,0,0,0,0,0,0.0,0.0,0.0,0.0,0,0.0,0.0,0.0,0.0,54,-1744,21226,812,2556,0,0,0,0
Bergvall,MID,Spurs,Everton,0,4,520,37,9,1,True,2026-09-12T16:30:00Z,0,0,4,27,0,0,0,0,0,0,0,0,0,0,0,8,8.0,7.9,7.0,2.3,0,0.06,0.25,0.31,0.44,54,-1664,16379,319,1983,1,2,1,4
Kulusevski,MID,Spurs,Everton,0,4,521,37,9,0,True,2026-09-12T16:30:00Z,0,0,4,0,0,0,0,0,0,0,0,0,0,0,0,0,0.0,0.0,0.0,0.0,0,0.0,0.0,0.0,0.0,65,-73,894,81,154,0,0,0,0
Gray,MID,Spurs,Everton,0,4,522,37,9,3,True,2026-09-12T16:30:00Z,0,0,4,84,0,0,1,0,0,0,0,0,0,0,0,13,9.6,6.7,10.0,2.6,1,0.09,0.03,0.12,1.08,50,-2439,19703,876,3315,2,5,4,11
Moore,MID,Spurs,Everton,0,4,523,37,9,0,True,2026-09-12T16:30:00Z,0,0,4,0,0,0,0,0,0,0,0,0,0,0,0,0,0.0,0.0,0.0,0.0,0,0.0,0.0,0.0,0.0,50,-5490,8137,0,5490,0,0,0,0
Olusesi,MID,Spurs,Everton,0,4,524,37,9,0,True,2026-09-12T16:30:00Z,0,0,4,0,0,0,0,0,0,0,0,0,0,0,0,0,0.0,0.0,0.0,0.0,0,0.0,0.0,0.0,0.0,44,5676,93913,13763,8087,0,0,0,0
Fernandes,MID,Spurs,Everton,0,4,525,37,9,3,True,2026-09-12T16:30:00Z,0,0,4,62,0,0,1,0,0,0,0,0,0,0,0,15,3.0,13.0,22.0,3.8,1,0.11,0.03,0.14,0.67,58,-27969,98672,1839,29808,2,2,0,4
Solanke,FWD,Spurs,Everton,0,4,526,37,9,2,True,2026-09-12T16:30:00Z,0,0,4,62,0,0,1,0,0,0,0,0,0,0,0,4,0.0,4.3,6.0,0.8,1,0.0,0.01,0.01,0.67,59,-14059,96682,5756,19815,0,2,0,2
Richarlison,FWD,Spurs,Everton,0,4,527,37,9,0,True,2026-09-12T16:30:00Z,0,0,4,0,0,0,0,0,0,0,0,0,0,0,0,0,0.0,0.0,0.0,0.0,0,0.0,0.0,0.0,0.0,59,-69368,94527,0,69368,0,0,0,0
Scarlett,FWD,Spurs,Everton,0,4,528,37,9,0,True,2026-09-12T16:30:00Z,0,0,4,0,0,0,0,0,0,0,0,0,0,0,0,0,0.0,0.0,0.0,0.0,0,0.0,0.0,0.0,0.0,45,-31099,142066,0,31099,0,0,0,0
Roefs,GK,Sunderland,Arsenal,0,4,529,36,1,2,True,2026-09-12T19:00:00Z,0,2,4,90,0,0,0,2,0,0,0,0,0,3,0,9,27.2,0.0,0.0,2.7,1,0.0,0.0,0.0,1.88,50,-47961,301456,2287,50248,0,3,1,0
Patterson,GK,Sunderland,Arsenal,0,4,530,36,1,0,True,2026-09-12T19:00:00Z,0,2,4,0,0,0,0,0,0,0,0,0,0,0,0,0,0.0,0.0,0.0,0.0,0,0.0,0.0,0.0,0.0,40,-986,13568,0,986,0,0,0,0
Ellborg,GK,Sunderland,Arsenal,0,4,531,36,1,0,True,2026-09-12T19:00:00Z,0,2,4,0,0,0,0,0,0,0,0,0,0,0,0,0,0.0,0.0,0.0,0.0,0,0.0,0.0,0.0,0.0,45,-491,8559,235,726,0,0,0,0
Ballard,DEF,Sunderland,Arsenal,0,4,532,36,1,0,True,2026-09-12T19:00:00Z,0,2,4,90,0,0,0,2,0,0,0,1,0,0,0,0,9.0,10.8,9.0,2.9,1,0.08,0.01,0.09,1.88,49,-96106,317274,7170,103276,1,3,5,6
Mukiele,DEF,Sunderland,Arsenal,0,4,533,36,1,0,True,2026-09-12T19:00:00Z,0,2,4,90,0,0,0,2,0,0,0,1,0,0,0,-5,10.4,4.9,46.0,6.1,1,0.7,0.02,0.72,1.88,55,-21852,227847,6912,28764,3,3,3,6
Hume,DEF,Sunderland,Arsenal,0,4,534,36,1,0,True,2026-09-12T19:00:00Z,0,2,4,0,0,0,0,0,0,0,0,0,0,0,0,0,0.0,0.0,0.0,0.0,0,0.0,0.0,0.0,0.0,44,-149674,392084,3636,153310,0,0,0,0
Alderete,DEF,Sunderland,Arsenal,0,4,535,36,1,0,True,2026-09-12T19:00:00Z,0,2,4,0,0,0,0,0,0,0,0,0,0,0,0,0,0.0,0.0,0.0,0.0,0,0.0,0.0,0.0,0.0,49,-6355,29356,401,6756,0,0,0,0
Reinildo,DEF,Sunderland,Arsenal,0,4,536,36,1,-2,True,2026-09-12T19:00:00Z,0,2,4,90,0,0,0,2,0,0,0,0,1,0,0,-12,0.0,1.4,0.0,0.0,1,0.0,0.01,0.01,1.09,45,-4352,37836,780,5132,1,3,6,7
Seelt,DEF,Sunderland,Arsenal,0,4,537,36,1,0,True,2026-09-12T19:00:00Z,0,2,4,0,0,0,0,0,0,0,0,0,0,0,0,0,0.0,0.0,0.0,0.0,0,0.0,0.0,0.0,0.0,45,-100,612,0,100,0,0,0,0
Hjelde,DEF,Sunderland,Arsenal,0,4,538,36,1,0,True,2026-09-12T19:00:00Z,0,2,4,0,0,0,0,0,0,0,0,0,0,0,0,0,0.0,0.0,0.0,0.0,0,0.0,0.0,0.0,0.0,40,-403,4107,0,403,0,0,0,0
O'Nien,DEF,Sunderland,Arsenal,0,4,539,36,1,0,True,2026-09-12T19:00:00Z,0,2,4,0,0,0,0,0,0,0,0,0,0,0,0,0,0.0,0.0,0.0,0.0,0,0.0,0.0,0.0,0.0,40,-31354,279659,2683,34037,0,0,0,0
Masuaku,DEF,Sunderland,Arsenal,0,4,540,36,1,0,True,2026-09-12T19:00:00Z,0,2,4,0,0,0,0,0,0,0,0,0,0,0,0,0,0.0,0.0,0.0,0.0,0,0.0,0.0,0.0,0.0,40,-1719,15823,0,1719,0,0,0,0
Meunier,DEF,Sunderland,Arsenal,0,4,541,36,1,2,True,2026-09-12T19:00:00Z,0,2,4,75,0,0,0,1,0,0,0,0,0,0,0,5,5.8,1.8,15.0,2.3,1,0.13,0.0,0.13,1.09,45,-1785,29243,781,2566,0,4,2,2
E.Le Fée,MID,Sunderland,Arsenal,0,4,542,36,1,0,True,2026-09-12T19:00:00Z,0,2,4,90,0,0,0,2,0,0,1,0,0,0,0,6,6.8,29.7,26.0,6.3,1,0.85,0.59,1.44,1.88,58,-137433,448859,9125,146558,0,4,0,4
Diarra,MID,Sunderland,Arsenal,0,4,543,36,1,0,True,2026-09-12T19:00:00Z,0,2,4,0,0,0,0,0,0,0,0,0,0,0,0,0,0.0,0.0,0.0,0.0,0,0.0,0.0,0.0,0.0,54,-1501,3263,27,1528,0,0,0,0
Xhaka,MID,Sunderland,Arsenal,0,4,544,36,1,1,True,2026-09-12T19:00:00Z,0,2,4,90,0,0,0,2,0,0,0,1,0,0,0,19,14.6,44.0,0.0,5.9,1,0.0,0.37,0.37,1.88,55,-37779,442948,23504,61283,1,8,2,11
Sadiki,MID,Sunderland,Arsenal,0,4,545,36,1,2,True,2026-09-12T19:00:00Z,0,2,4,90,0,0,0,2,0,0,0,0,0,0,0,11,11.0,1.3,1.0,1.3,1,0.04,0.0,0.04,1.88,49,-3819,26156,1090,4909,3,3,4,10
Adingra,MID,Sunderland,Arsenal,0,4,546,36,1,0,True,2026-09-12T19:00:00Z,0,2,4,0,0,0,0,0,0,0,0,0,0,0,0,0,0.0,0.0,0.0,0.0,0,0.0,0.0,0.0,0.0,49,-1088,3324,0,1088,0,0,0,0
Mundle,MID,Sunderland,Arsenal,0,4,547,36,1,0,True,2026-09-12T19:00:00Z,0,2,4,0,0,0,0,0,0,0,0,0,0,0,0,0,0.0,0.0,0.0,0.0,0,0.0,0.0,0.0,0.0,49,-146,691,53,199,0,0,0,0
Rigg,MID,Sunderland,Arsenal,0,4,548,36,1,0,True,2026-09-12T19:00:00Z,0,2,4,0,0,0,0,0,0,0,0,0,0,0,0,0,0.0,0.0,0.0,0.0,0,0.0,0.0,0.0,0.0,49,-504,5378,130,634,0,0,0,0
Talbi,MID,Sunderland,Arsenal,0,4,549,36,1,0,True,2026-09-12T19:00:00Z,0,2,4,0,0,0,0,0,0,0,0,0,0,0,0,0,0.0,0.0,0.0,0.0,0,0.0,0.0,0.0,0.0,54,-2338,15167,214,2552,0,0,0,0
Jocelin.T,MID,Sunderland,Arsenal,0,4,550,36,1,0,True,2026-09-12T19:00:00Z,0,2,4,0,0,0,0,0,0,0,0,0,0,0,0,0,0.0,0.0,0.0,0.0,0,0.0,0.0,0.0,0.0,50,-12,630,79,91,0,0,0,0
N.Angulo,MID,Sunderland,Arsenal,0,4,551,36,1,2,True,2026-09-12T19:00:00Z,0,2,4,69,0,0,0,1,0,0,0,0,0,0,0,7,2.2,0.9,2.0,0.5,1,0.0,0.0,0.0,0.81,50,-1700,14020,1450,3150,2,1,0,3
Brobbey,FWD,Sunderland,Arsenal,0,4,552,36,1,1,True,2026-09-12T19:00:00Z,0,2,4,90,0,0,0,2,0,0,0,1,0,0,0,4,0.0,11.5,14.0,2.4,1,0.0,0.01,0.01,1.88,58,-246486,701070,13895,260381,0,4,0,4
Isidor,FWD,Sunderland,Arsenal,0,4,553,36,1,1,True,2026-09-12T19:00:00Z,0,2,4,20,0,0,0,1,0,0,0,0,0,0,0,1,1.2,0.1,0.0,0.1,0,0.0,0.0,0.0,1.07,55,25312,163059,47557,22245,1,0,0,1
Van Oevelen,GK,Ipswich Town,Crystal Palace,0,4,554,34,8,0,False,2026-09-12T14:00:00Z,2,3,4,0,0,0,0,0,0,0,0,0,0,0,0,0,0.0,0.0,0.0,0.0,0,0.0,0.0,0.0,0.0,45,-302,2101,0,302,0,0,0,0
Matthews,GK,Crystal Palace,Ipswich Town,0,4,555,34,12,0,True,2026-09-12T14:00:00Z,2,3,4,0,0,0,0,0,0,0,0,0,0,0,0,0,0.0,0.0,0.0,0.0,0,0.0,0.0,0.0,0.0,40,-2537,187175,5212,7749,0,0,0,0
Targett,DEF,Hull City,Chelsea,0,4,556,33,6,0,False,2026-09-12T14:00:00Z,2,2,4,0,0,0,0,0,0,0,0,0,0,0,0,0,0.0,0.0,0.0,0.0,0,0.0,0.0,0.0,0.0,40,-14007,203969,5238,19245,0,0,0,0
Tzolis,MID,Arsenal,Sunderland,0,4,557,36,20,3,False,2026-09-12T19:00:00Z,0,2,4,80,0,0,1,0,0,0,0,0,0,0,0,10,3.8,7.3,2.0,1.3,1,0.0,0.13,0.13,1.41,64,-328555,1659753,82691,411246,1,1,1,3
Schlager,MID,Nott'm Forest,Aston Villa,0,4,558,31,2,3,False,2026-09-12T14:00:00Z,1,2,4,90,0,0,0,1,0,0,0,1,0,0,0,18,21.8,15.2,17.0,5.4,1,0.06,0.02,0.08,0.82,50,-224,10277,1040,1264,6,7,3,16
Bamba,MID,Newcastle,Leeds,0,4,559,40,13,1,False,2026-09-14T19:00:00Z,4,1,4,10,0,0,0,0,0,0,0,0,0,0,0,4,1.4,0.3,0.0,0.2,0,0.0,0.0,0.0,0.11,49,-1098,11166,539,1637,1,1,0,2
Penders,GK,Chelsea,Hull City,0,4,560,33,11,0,True,2026-09-12T14:00:00Z,2,2,4,0,0,0,0,0,0,0,0,0,0,0,0,0,0.0,0.0,0.0,0.0,0,0.0,0.0,0.0,0.0,44,-482,6637,321,803,0,0,0,0
Anselmino,DEF,Chelsea,Hull City,0,4,561,33,11,0,True,2026-09-12T14:00:00Z,2,2,4,0,0,0,0,0,0,0,0,0,0,0,0,0,0.0,0.0,0.0,0.0,0,0.0,0.0,0.0,0.0,45,10,2091,222,212,0,0,0,0
Maeda,MID,Ipswich Town,Crystal Palace,0,4,562,34,8,1,False,2026-09-12T14:00:00Z,2,3,4,27,0,0,0,1,0,0,0,0,0,0,0,1,0.0,2.3,0.0,0.0,0,0.0,0.0,0.0,0.41,54,-3657,29173,861,4518,0,0,0,0
Morita,MID,Hull City,Chelsea,0,4,563,33,6,0,False,2026-09-12T14:00:00Z,2,2,4,0,0,0,0,0,0,0,0,0,0,0,0,0,0.0,0.0,0.0,0.0,0,0.0,0.0,0.0,0.0,50,-369,2165,141,510,0,0,0,0
Scherpen,GK,Ipswich Town,Crystal Palace,0,4,564,34,8,1,False,2026-09-12T14:00:00Z,2,3,4,90,0,0,0,2,0,0,0,0,0,2,0,6,15.0,0.0,0.0,1.5,1,0.0,0.0,0.0,0.62,45,330,63943,5936,5606,0,9,3,0
M.Sangaré,MID,Brentford,Bournemouth,0,4,565,32,3,4,False,2026-09-12T14:00:00Z,2,2,4,90,0,0,0,2,0,0,0,0,0,0,0,19,18.2,9.4,0.0,2.8,1,0.0,0.28,0.28,1.75,57,-207682,1351673,106889,314571,6,6,1,13
Silva,DEF,Bournemouth,Brentford,0,4,566,32,4,3,True,2026-09-12T14:00:00Z,2,2,4,90,0,0,0,2,0,0,0,0,0,0,0,-2,18.0,5.3,11.0,3.4,1,0.58,0.23,0.81,0.5,50,-299,44292,5703,6002,0,5,10,10
Horníček,GK,Newcastle,Leeds,0,4,567,40,13,1,False,2026-09-14T19:00:00Z,4,1,4,90,0,0,0,4,0,0,0,0,0,3,0,2,29.4,0.0,0.0,2.9,1,0.0,0.0,0.0,2.08,50,29466,150531,58083,28617,0,4,3,0
Barco,MID,Chelsea,Hull City,0,4,568,33,11,0,True,2026-09-12T14:00:00Z,2,2,4,21,0,0,0,0,0,0,0,1,0,0,0,7,1.6,2.9,2.0,0.7,0,0.0,0.09,0.09,0.54,55,-591,13757,863,1454,0,1,1,2
Gonzalo,FWD,Fulham,Liverpool,0,4,569,35,14,2,False,2026-09-12T14:00:00Z,0,0,4,76,0,0,1,0,0,0,0,0,0,0,0,5,4.4,10.9,10.0,2.5,1,0.2,0.03,0.23,0.81,60,-70216,405535,38609,108825,0,2,1,3
Palacios,MID,Fulham,Liverpool,0,4,570,35,14,0,False,2026-09-12T14:00:00Z,0,0,4,0,0,0,0,0,0,0,0,0,0,0,0,0,0.0,0.0,0.0,0.0,0,0.0,0.0,0.0,0.0,55,-683,18348,1449,2132,0,0,0,0
Florentino,MID,Ipswich Town,Crystal Palace,0,4,571,34,8,1,False,2026-09-12T14:00:00Z,2,3,4,13,0,0,0,0,0,0,0,0,0,0,0,8,9.0,21.3,2.0,3.2,0,0.0,0.01,0.01,0.27,49,-906,9156,327,1233,1,0,1,2
Tzolakis,GK,Hull City,Chelsea,0,4,572,33,6,2,False,2026-09-12T14:00:00Z,2,2,4,90,0,0,0,2,0,0,0,0,0,5,0,15,29.4,0.0,0.0,2.9,1,0.0,0.0,0.0,0.91,46,171110,1074132,238858,67748,0,15,2,0
Sanchez,DEF,Bournemouth,Brentford,0,4,573,32,4,0,True,2026-09-12T14:00:00Z,2,2,4,0,0,0,0,0,0,0,0,0,0,0,0,0,0.0,0.0,0.0,0.0,0,0.0,0.0,0.0,0.0,45,-1322,18893,285,1607,0,0,0,0
Hjertø-Dahl,MID,Hull City,Chelsea,0,4,574,33,6,0,False,2026-09-12T14:00:00Z,2,2,4,0,0,0,0,0,0,0,0,0,0,0,0,0,0.0,0.0,0.0,0.0,0,0.0,0.0,0.0,0.0,49,-421,6454,444,865,0,0,0,0
Yirenkyi,MID,Coventry City,Brighton,0,4,575,38,5,1,True,2026-09-13T13:00:00Z,0,5,4,17,0,0,0,2,0,0,0,0,0,0,0,3,0.0,10.5,0.0,1.0,0,0.0,0.01,0.01,0.64,49,-2489,18325,641,3130,0,0,0,0
Stroud,MID,Hull City,Chelsea,0,4,576,33,6,1,False,2026-09-12T14:00:00Z,2,2,4,59,0,0,0,1,0,0,0,0,0,0,0,3,0.0,1.8,1.0,0.2,1,0.01,0.0,0.01,0.26,50,-410,8779,621,1031,2,3,0,5
Tomiyasu,DEF,Crystal Palace,Ipswich Town,0,4,577,34,12,0,True,2026-09-12T14:00:00Z,2,3,4,53,0,0,0,2,0,0,0,0,0,0,0,6,10.2,1.3,4.0,1.6,0,0.0,0.01,0.01,1.29,45,-2574,31339,625,3199,1,3,4,5
Mudryk,MID,Spurs,Everton,0,4,578,37,9,0,True,2026-09-12T16:30:00Z,0,0,4,0,0,0,0,0,0,0,0,0,0,0,0,0,0.0,0.0,0.0,0.0,0,0.0,0.0,0.0,0.0,54,-670,6691,1620,2290,0,0,0,0
Araujo,DEF,Liverpool,Fulham,0,4,579,35,10,6,True,2026-09-12T14:00:00Z,0,0,4,71,0,0,1,0,0,0,0,0,0,0,0,24,9.8,1.8,2.0,1.4,1,0.0,0.0,0.0,0.6,54,41974,292366,59861,17887,1,5,3,4
Charles,MID,Fulham,Liverpool,0,4,580,35,14,5,False,2026-09-12T14:00:00Z,0,0,4,90,0,0,1,0,0,0,0,0,0,0,0,19,29.0,3.4,0.0,3.2,1,0.0,0.02,0.02,1.28,50,-636,7397,295,931,1,8,8,17
Diomande,DEF,Nott'm Forest,Aston Villa,0,4,581,31,2,4,False,2026-09-12T14:00:00Z,1,2,4,90,0,0,0,1,0,0,0,0,0,0,0,10,24.6,0.4,11.0,3.6,1,0.11,0.0,0.11,0.82,54,-6555,56566,1486,8041,1,3,13,14
Madjo,FWD,Aston Villa,Nott'm Forest,0,4,582,31,18,0,True,2026-09-12T14:00:00Z,1,2,4,0,0,0,0,0,0,0,0,0,0,0,0,0,0.0,0.0,0.0,0.0,0,0.0,0.0,0.0,0.0,55,-5489,26815,357,5846,0,0,0,0
Chavarria,DEF,Chelsea,Hull City,0,4,583,33,11,1,True,2026-09-12T14:00:00Z,2,2,4,45,0,0,0,0,0,0,0,0,0,0,0,4,2.0,1.7,2.0,0.6,0,0.0,0.01,0.01,0.94,49,-1611,16748,686,2297,0,1,1,1
Hamer,MID,Coventry City,Brighton,0,4,584,38,5,0,True,2026-09-13T13:00:00Z,0,5,4,0,0,0,0,0,0,0,0,0,0,0,0,0,0.0,0.0,0.0,0.0,0,0.0,0.0,0.0,0.0,54,-1142,10937,147,1289,0,0,0,0
Herrington,DEF,Hull City,Chelsea,0,4,585,33,6,1,False,2026-09-12T14:00:00Z,2,2,4,31,0,0,0,1,0,0,0,0,0,0,0,-1,1.6,0.4,0.0,0.2,0,0.0,0.01,0.01,0.64,40,-2456,62794,2136,4592,0,0,1,1
Mendy,DEF,Hull City,Chelsea,0,4,586,33,6,1,False,2026-09-12T14:00:00Z,2,2,4,58,0,0,0,1,0,0,0,0,0,0,0,3,12.6,0.2,0.0,1.3,1,0.0,0.0,0.0,0.26,41,246029,895270,316492,70463,2,0,5,7
Rulli,GK,Man City,Man Utd,0,4,587,39,16,0,False,2026-09-13T15:30:00Z,0,1,4,0,0,0,0,0,0,0,0,0,0,0,0,0,0.0,0.0,0.0,0.0,0,0.0,0.0,0.0,0.0,50,-127,2136,129,256,0,0,0,0
Khalaili,DEF,Crystal Palace,Ipswich Town,0,4,588,34,12,7,True,2026-09-12T14:00:00Z,2,3,4,90,1,0,0,3,0,0,0,0,0,0,0,4,40.4,16.0,31.0,8.7,1,0.22,0.14,0.36,1.68,50,17022,41054,22369,5347,2,4,3,5
Gourna-Douath,MID,Hull City,Chelsea,0,4,589,33,6,0,False,2026-09-12T14:00:00Z,2,2,4,0,0,0,0,0,0,0,0,0,0,0,0,0,0.0,0.0,0.0,0.0,0,0.0,0.0,0.0,0.0,50,-111,2686,172,283,0,0,0,0
Benda,GK,Nott'm Forest,Aston Villa,0,4,590,31,2,0,False,2026-09-12T14:00:00Z,1,2,4,0,0,0,0,0,0,0,0,0,0,0,0,0,0.0,0.0,0.0,0.0,0,0.0,0.0,0.0,0.0,45,-80,7551,543,623,0,0,0,0
Enciso,MID,Ipswich Town,Crystal Palace,0,4,591,34,8,2,False,2026-09-12T14:00:00Z,2,3,4,90,0,0,0,2,0,0,0,0,0,0,0,7,2.2,13.8,13.0,2.9,1,0.05,0.2,0.25,0.62,55,12977,96833,28533,15556,0,4,1,5
Ouattara,DEF,Ipswich Town,Crystal Palace,0,4,592,34,8,1,False,2026-09-12T14:00:00Z,2,3,4,2,0,0,0,0,0,0,0,0,0,0,0,5,2.2,0.2,0.0,0.2,0,0.0,0.0,0.0,0.0,40,-2585,97893,3046,5631,1,1,0,1
Dedić,DEF,Newcastle,Leeds,0,4,593,40,13,0,False,2026-09-14T19:00:00Z,4,1,4,57,0,0,0,3,0,0,0,0,0,0,0,-3,10.4,2.7,0.0,1.3,1,0.0,0.0,0.0,1.91,45,-7549,313784,107522,115071,3,4,3,6
David,FWD,Brighton,Coventry City,0,4,594,38,7,0,False,2026-09-13T13:00:00Z,0,5,4,0,0,0,0,0,0,0,0,0,0,0,0,0,0.0,0.0,0.0,0.0,0,0.0,0.0,0.0,0.0,60,-2415,24399,2799,5214,0,0,0,0
Gozo,MID,Crystal Palace,Ipswich Town,0,4,595,34,12,1,True,2026-09-12T14:00:00Z,2,3,4,6,0,0,0,1,0,0,0,0,0,0,0,3,0.0,0.3,0.0,0.0,0,0.0,0.0,0.0,0.48,50,-88,1406,110,198,0,0,0,0
Ruggeri,DEF,Aston Villa,Nott'm Forest,0,4,596,31,18,0,True,2026-09-12T14:00:00Z,1,2,4,0,0,0,0,0,0,0,0,0,0,0,0,0,0.0,0.0,0.0,0.0,0,0.0,0.0,0.0,0.0,45,-993,9485,272,1265,0,0,0,0
Suzuki,GK,Aston Villa,Nott'm Forest,0,4,597,31,18,2,True,2026-09-12T14:00:00Z,1,2,4,90,0,0,0,2,0,0,0,0,0,5,0,17,38.6,0.0,0.0,3.9,1,0.0,0.01,0.01,2.28,50,64651,206678,83655,19004,0,9,2,0
Elvedi,DEF,Leeds,Newcastle,0,4,598,40,17,2,True,2026-09-14T19:00:00Z,4,1,4,90,0,0,0,1,0,0,0,0,0,0,0,8,18.6,0.9,10.0,3.0,1,0.05,0.0,0.05,0.88,45,1498,4919,2774,1276,1,3,8,9
Cherif,FWD,Coventry City,Brighton,0,4,599,38,5,1,True,2026-09-13T13:00:00Z,0,5,4,30,0,0,0,3,0,0,0,0,0,0,0,3,1.0,0.2,0.0,0.1,0,0.0,0.0,0.0,1.43,50,-281,10369,1323,1604,0,0,1,1
Osman,MID,Brighton,Coventry City,0,4,600,38,7,1,False,2026-09-13T13:00:00Z,0,5,4,12,0,0,0,0,0,0,0,0,0,0,0,2,0.0,1.1,13.0,1.2,0,0.05,0.01,0.06,0.22,50,-148,1793,153,301,0,1,0,1
Williams-Barnett,MID,Spurs,Everton,0,4,601,37,9,0,True,2026-09-12T16:30:00Z,0,0,4,0,0,0,0,0,0,0,0,0,0,0,0,0,0.0,0.0,0.0,0.0,0,0.0,0.0,0.0,0.0,45,403,14941,2324,1921,0,0,0,0
Humphreys,MID,Ipswich Town,Crystal Palace,0,4,602,34,8,0,False,2026-09-12T14:00:00Z,2,3,4,0,0,0,0,0,0,0,0,0,0,0,0,0,0.0,0.0,0.0,0.0,0,0.0,0.0,0.0,0.0,45,-968,2961,0,968,0,0,0,0
Lienou,DEF,Leeds,Newcastle,0,4,603,40,17,0,True,2026-09-14T19:00:00Z,4,1,4,0,0,0,0,0,0,0,0,0,0,0,0,0,0.0,0.0,0.0,0.0,0,0.0,0.0,0.0,0.0,40,388,11191,1426,1038,0,0,0,0
Cresswell,MID,Leeds,Newcastle,0,4,604,40,17,0,True,2026-09-14T19:00:00Z,4,1,4,0,0,0,0,0,0,0,0,0,0,0,0,0,0.0,0.0,0.0,0.0,0,0.0,0.0,0.0,0.0,45,1252,15793,3443,2191,0,0,0,0
Yalcouyé,MID,Brighton,Coventry City,0,4,605,38,7,8,False,2026-09-13T13:00:00Z,0,5,4,64,1,0,1,0,0,0,0,0,0,0,0,29,47.4,12.8,43.0,10.3,1,0.67,0.01,0.68,1.11,45,125140,374976,185444,60304,2,2,2,6
Rowe,DEF,Aston Villa,Nott'm Forest,0,4,606,31,18,0,True,2026-09-12T14:00:00Z,1,2,4,0,0,0,0,0,0,0,0,0,0,0,0,0,0.0,0.0,0.0,0.0,0,0.0,0.0,0.0,0.0,40,1187,18103,2914,1727,0,0,0,0
Lynch,MID,Aston Villa,Nott'm Forest,0,4,607,31,18,0,True,2026-09-12T14:00:00Z,1,2,4,0,0,0,0,0,0,0,0,0,0,0,0,0,0.0,0.0,0.0,0.0,0,0.0,0.0,0.0,0.0,45,-2922,8828,0,2922,0,0,0,0
Jebbison,FWD,Bournemouth,Brentford,0,4,608,32,4,0,True,2026-09-12T14:00:00Z,2,2,4,0,0,0,0,0,0,0,0,0,0,0,0,0,0.0,0.0,0.0,0.0,0,0.0,0.0,0.0,0.0,50,1502,11375,3390,1888,0,0,0,0
Shahar,DEF,Newcastle,Leeds,0,4,609,40,13,0,False,2026-09-14T19:00:00Z,4,1,4,0,0,0,0,0,0,0,0,0,0,0,0,0,0.0,0.0,0.0,0.0,0,0.0,0.0,0.0,0.0,40,-1044,26576,3372,4416,0,0,0,0
De Fougerolles,DEF,Fulham,Liverpool,0,4,610,35,14,0,False,2026-09-12T14:00:00Z,0,0,4,0,0,0,0,0,0,0,0,0,0,0,0,0,0.0,0.0,0.0,0.0,0,0.0,0.0,0.0,0.0,40,-750,9207,515,1265,0,0,0,0
Wan-Bissaka,DEF,Aston Villa,Nott'm Forest,0,4,611,31,18,3,True,2026-09-12T14:00:00Z,1,2,4,90,0,0,0,2,0,0,0,0,0,0,0,11,26.0,13.3,0.0,3.9,1,0.0,0.06,0.06,2.28,45,1842,19667,4076,2234,5,1,7,12
Methalie,DEF,Sunderland,Arsenal,0,4,612,36,1,0,True,2026-09-12T19:00:00Z,0,2,4,0,0,0,0,0,0,0,0,0,0,0,0,0,0.0,0.0,0.0,0.0,0,0.0,0.0,0.0,0.0,45,-16,710,187,203,0,0,0,0
Ahoka,MID,Sunderland,Arsenal,0,4,613,36,1,0,True,2026-09-12T19:00:00Z,0,2,4,0,0,0,0,0,0,0,0,0,0,0,0,0,0.0,0.0,0.0,0.0,0,0.0,0.0,0.0,0.0,45,2550,29307,6933,4383,0,0,0,0
Hadjam,DEF,Brighton,Coventry City,0,4,614,38,7,0,False,2026-09-13T13:00:00Z,0,5,4,0,0,0,0,0,0,0,0,0,0,0,0,0,0.0,0.0,0.0,0.0,0,0.0,0.0,0.0,0.0,45,-135,4155,425,560,0,0,0,0
Di Gregorio,GK,Bournemouth,Brentford,0,4,615,32,4,0,True,2026-09-12T14:00:00Z,2,2,4,0,0,0,0,0,0,0,0,0,0,0,0,0,0.0,0.0,0.0,0.0,0,0.0,0.0,0.0,0.0,45,229,3698,755,526,0,0,0,0
Bouaddi,MID,Man City,Man Utd,0,4,616,39,16,0,False,2026-09-13T15:30:00Z,0,1,4,0,0,0,0,0,0,0,0,0,0,0,0,0,0.0,0.0,0.0,0.0,0,0.0,0.0,0.0,0.0,55,937,18618,4899,3962,0,0,0,0
Cho,MID,Hull City,Chelsea,0,4,617,33,6,1,False,2026-09-12T14:00:00Z,2,2,4,30,0,0,0,1,0,0,0,0,0,0,0,3,7.2,18.5,21.0,4.7,0,0.47,0.16,0.63,0.64,50,147,1116,339,192,0,1,1,2
Goretzka,MID,Aston Villa,Nott'm Forest,0,4,618,31,18,0,True,2026-09-12T14:00:00Z,1,2,4,0,0,0,0,0,0,0,0,0,0,0,0,0,0.0,0.0,0.0,0.0,0,0.0,0.0,0.0,0.0,60,-1201,4178,901,2102,0,0,0,0
Palacios,MID,Ipswich Town,Crystal Palace,0,4,619,34,8,4,False,2026-09-12T14:00:00Z,2,3,4,90,0,0,0,2,0,0,0,0,0,0,0,14,18.0,5.9,2.0,2.6,1,0.0,0.04,0.04,0.62,50,1408,3376,2317,909,3,5,5,13
Diouf,DEF,Brentford,Bournemouth,0,4,620,32,3,1,False,2026-09-12T14:00:00Z,2,2,4,30,0,0,0,0,0,0,0,0,0,0,0,4,3.4,1.0,0.0,0.4,0,0.0,0.01,0.01,0.5,45,-31,10030,1940,1971,0,1,1,1
McAidoo,MID,Man City,Man Utd,0,4,621,39,16,0,False,2026-09-13T15:30:00Z,0,1,4,0,0,0,0,0,0,0,0,0,0,0,0,0,0.0,0.0,0.0,0.0,0,0.0,0.0,0.0,0.0,45,1361,13105,3586,2225,0,0,0,0
Braithwaite,DEF,Man City,Man Utd,0,4,622,39,16,0,False,2026-09-13T15:30:00Z,0,1,4,0,0,0,0,0,0,0,0,0,0,0,0,0,0.0,0.0,0.0,0.0,0,0.0,0.0,0.0,0.0,40,1899,20693,4620,2721,0,0,0,0
Bentley,GK,Coventry City,Brighton,0,4,623,38,5,0,True,2026-09-13T13:00:00Z,0,5,4,0,0,0,0,0,0,0,0,0,0,0,0,0,0.0,0.0,0.0,0.0,0,0.0,0.0,0.0,0.0,40,25889,56982,36983,11094,0,0,0,0
Cozier-Duberry,MID,Brighton,Coventry City,0,4,624,38,7,0,False,2026-09-13T13:00:00Z,0,5,4,0,0,0,0,0,0,0,0,0,0,0,0,0,0.0,0.0,0.0,0.0,0,0.0,0.0,0.0,0.0,50,-40,61,0,40,0,0,0,0
Cairns,GK,Leeds,Newcastle,0,4,625,40,17,0,True,2026-09-14T19:00:00Z,4,1,4,0,0,0,0,0,0,0,0,0,0,0,0,0,0.0,0.0,0.0,0.0,0,0.0,0.0,0.0,0.0,40,3754,20648,6067,2313,0,0,0,0
Zepa,MID,Fulham,Liverpool,0,4,626,35,14,0,False,2026-09-12T14:00:00Z,0,0,4,0,0,0,0,0,0,0,0,0,0,0,0,0,0.0,0.0,0.0,0.0,0,0.0,0.0,0.0,0.0,45,4635,39436,11161,6526,0,0,0,0
Barcola,MID,Liverpool,Fulham,0,4,627,35,10,3,True,2026-09-12T14:00:00Z,0,0,4,71,0,0,1,0,0,0,0,0,0,0,0,9,5.6,13.6,8.0,2.7,1,0.21,0.03,0.24,0.6,80,70941,238639,116804,45863,3,2,0,5
Allan,MID,Man City,Man Utd,0,4,628,39,16,0,False,2026-09-13T15:30:00Z,0,1,4,0,0,0,0,0,0,0,0,0,0,0,0,0,0.0,0.0,0.0,0.0,0,0.0,0.0,0.0,0.0,60,117,671,309,192,0,0,0,0
Zetterer,GK,Leeds,Newcastle,0,4,629,40,17,0,True,2026-09-14T19:00:00Z,4,1,4,0,0,0,0,0,0,0,0,0,0,0,0,0,0.0,0.0,0.0,0.0,0,0.0,0.0,0.0,0.0,40,18112,65838,23210,5098,0,0,0,0
Harwood-Bellis,DEF,Aston Villa,Nott'm Forest,0,4,630,31,18,0,True,2026-09-12T14:00:00Z,1,2,4,0,0,0,0,0,0,0,0,0,0,0,0,0,0.0,0.0,0.0,0.0,0,0.0,0.0,0.0,0.0,45,388,1586,653,265,0,0,0,0
Mbaye,MID,Aston Villa,Nott'm Forest,0,4,631,31,18,1,True,2026-09-12T14:00:00Z,1,2,4,27,0,0,0,1,0,0,0,0,0,0,0,6,9.0,15.2,19.0,4.3,0,0.02,0.13,0.15,0.86,60,1207,5917,2787,1580,1,1,0,2
Ansah,FWD,Hull City,Chelsea,0,4,632,33,6,0,False,2026-09-12T14:00:00Z,2,2,4,0,0,0,0,0,0,0,0,0,0,0,0,0,0.0,0.0,0.0,0.0,0,0.0,0.0,0.0,0.0,50,1122,4222,2674,1552,0,0,0,0
Ahanor,DEF,Crystal Palace,Ipswich Town,0,4,633,34,12,3,True,2026-09-12T14:00:00Z,2,3,4,90,0,0,0,3,0,0,0,0,0,0,0,10,24.6,11.9,4.0,4.1,1,0.0,0.01,0.01,1.68,45,668,1153,848,180,2,4,9,11
Fernandez-Pardo,FWD,Newcastle,Leeds,0,4,634,40,13,1,False,2026-09-14T19:00:00Z,4,1,4,57,0,0,0,3,0,0,0,0,0,0,0,5,2.2,10.9,4.0,1.7,1,0.0,0.01,0.01,1.91,60,4168,10646,6117,1949,1,1,0,2
Larsson,MID,Fulham,Liverpool,0,4,635,35,14,1,False,2026-09-12T14:00:00Z,0,0,4,13,0,0,0,0,0,0,0,0,0,0,0,3,0.0,0.5,0.0,0.1,0,0.0,0.01,0.01,0.46,50,185,614,266,81,0,1,0,1
Ángel,MID,Fulham,Liverpool,0,4,636,35,14,0,False,2026-09-12T14:00:00Z,0,0,4,0,0,0,0,0,0,0,0,0,0,0,0,0,0.0,0.0,0.0,0.0,0,0.0,0.0,0.0,0.0,50,79,306,133,54,0,0,0,0
Vaz,FWD,Hull City,Chelsea,0,4,637,33,6,1,False,2026-09-12T14:00:00Z,2,2,4,8,0,0,0,0,0,0,0,0,0,0,0,3,0.0,0.5,0.0,0.0,0,0.0,0.0,0.0,0.18,50,2411,5168,3312,901,0,1,0,1
Norton-Cuffy,DEF,Hull City,Chelsea,0,4,638,33,6,0,False,2026-09-12T14:00:00Z,2,2,4,8,0,0,0,0,0,0,0,1,0,0,0,0,0.0,0.3,7.0,0.7,0,0.05,0.0,0.05,0.18,40,10672,34986,14148,3476,0,2,0,0
Andrés,MID,Brighton,Coventry City,0,4,639,38,7,4,False,2026-09-13T13:00:00Z,0,5,4,25,0,1,0,0,0,0,0,0,0,0,0,10,18.8,13.1,2.0,3.4,0,0.24,0.01,0.25,0.22,55,318,812,513,195,1,1,2,4
Flemming,FWD,Ipswich Town,Crystal Palace,0,4,640,34,8,5,False,2026-09-12T14:00:00Z,2,3,4,27,1,0,0,1,0,0,0,0,0,0,0,32,35.0,1.3,44.0,8.0,0,0.52,0.0,0.52,0.41,55,1835,4207,2524,689,0,1,1,2
Bard,DEF,Leeds,Newcastle,0,4,641,40,17,1,True,2026-09-14T19:00:00Z,4,1,4,18,0,0,0,1,0,0,0,0,0,0,0,1,4.4,10.3,0.0,1.5,0,0.0,0.0,0.0,0.3,45,217,576,322,105,1,2,1,2
Thomas,MID,Hull City,Chelsea,0,4,642,33,6,1,False,2026-09-12T14:00:00Z,2,2,4,30,0,0,0,1,0,0,0,0,0,0,0,6,5.6,14.8,4.0,2.4,0,0.02,0.03,0.05,0.64,55,606,1526,883,277,0,4,0,4
Chilwell,DEF,Crystal Palace,Ipswich Town,0,4,643,34,12,1,True,2026-09-12T14:00:00Z,2,3,4,13,0,0,0,1,0,0,0,0,0,0,0,1,0.2,3.5,4.0,0.8,0,0.12,0.01,0.13,0.55,45,32853,62478,38522,5669,0,0,1,1
Timber,MID,Crystal Palace,Ipswich Town,0,4,644,34,12,4,True,2026-09-12T14:00:00Z,2,3,4,90,0,0,0,3,0,0,0,0,0,0,0,24,25.2,4.9,27.0,5.7,1,0.1,0.03,0.13,1.68,50,1293,2570,1757,464,8,6,2,16
Mouzakitis,MID,Hull City,Chelsea,0,4,645,33,6,0,False,2026-09-12T14:00:00Z,2,2,4,0,0,0,0,0,0,0,0,0,0,0,0,0,0.0,0.0,0.0,0.0,0,0.0,0.0,0.0,0.0,50,180,598,270,90,0,0,0,0
Fofana,MID,Sunderland,Arsenal,0,4,646,36,1,1,True,2026-09-12T19:00:00Z,0,2,4,14,0,0,0,1,0,0,0,0,0,0,0,2,0.0,0.8,6.0,0.6,0,0.0,0.0,0.0,0.79,55,636,3125,1193,557,0,0,0,0
Osorio,MID,Crystal Palace,Ipswich Town,0,4,647,34,12,0,True,2026-09-12T14:00:00Z,2,3,4,0,0,0,0,0,0,0,0,0,0,0,0,0,0.0,0.0,0.0,0.0,0,0.0,0.0,0.0,0.0,55,263,903,378,115,0,0,0,0
Bahoya,MID,Leeds,Newcastle,0,4,648,40,17,0,True,2026-09-14T19:00:00Z,4,1,4,0,0,0,0,0,0,0,0,0,0,0,0,0,0.0,0.0,0.0,0.0,0,0.0,0.0,0.0,0.0,50,392,1465,754,362,0,0,0,0
Maitland-Niles,DEF,Everton,Spurs,0,4,649,37,19,6,False,2026-09-12T16:30:00Z,0,0,4,74,0,0,1,0,0,0,0,0,0,0,0,23,10.0,12.0,1.0,2.3,1,0.03,0.14,0.17,0.43,45,14703,30581,18405,3702,2,4,3,5
Affengruber,DEF,Fulham,Liverpool,0,4,650,35,14,8,False,2026-09-12T14:00:00Z,0,0,4,90,0,0,1,0,0,0,0,0,0,0,0,23,18.6,3.3,0.0,2.2,1,0.0,0.0,0.0,1.28,45,172,573,274,102,1,3,11,12
J.Angulo,FWD,Sunderland,Arsenal,0,4,651,36,1,0,True,2026-09-12T19:00:00Z,0,2,4,0,0,0,0,0,0,0,0,0,0,0,0,0,0.0,0.0,0.0,0.0,0,0.0,0.0,0.0,0.0,45,22849,53783,32385,9536,0,0,0,0
Azeez,MID,Brighton,Coventry City,0,4,652,38,7,0,False,2026-09-13T13:00:00Z,0,5,4,0,0,0,0,0,0,0,0,0,0,0,0,0,0.0,0.0,0.0,0.0,0,0.0,0.0,0.0,0.0,55,62,315,121,59,0,0,0,0
Samba,MID,Man City,Man Utd,0,4,653,39,16,0,False,2026-09-13T15:30:00Z,0,1,4,0,0,0,0,0,0,0,0,0,0,0,0,0,0.0,0.0,0.0,0.0,0,0.0,0.0,0.0,0.0,45,2090,5002,2898,808,0,0,0,0
Graham,MID,Everton,Spurs,0,4,654,37,19,0,False,2026-09-12T16:30:00Z,0,0,4,0,0,0,0,0,0,0,0,0,0,0,0,0,0.0,0.0,0.0,0.0,0,0.0,0.0,0.0,0.0,45,7400,17369,9461,2061,0,0,0,0
Gboho,MID,Coventry City,Brighton,0,4,655,38,5,0,True,2026-09-13T13:00:00Z,0,5,4,0,0,0,0,0,0,0,0,0,0,0,0,0,0.0,0.0,0.0,0.0,0,0.0,0.0,0.0,0.0,55,58,72,65,7,0,0,0,0
Mfuni,DEF,Coventry City,Brighton,0,4,656,38,5,0,True,2026-09-13T13:00:00Z,0,5,4,0,0,0,0,0,0,0,0,0,0,0,0,0,0.0,0.0,0.0,0.0,0,0.0,0.0,0.0,0.0,40,2544,7468,2811,267,0,0,0,0
Nunes,MID,Brentford,Bournemouth,0,4,657,32,3,0,False,2026-09-12T14:00:00Z,2,2,4,0,0,0,0,0,0,0,0,0,0,0,0,0,0.0,0.0,0.0,0.0,0,0.0,0.0,0.0,0.0,45,0,0,0,0,0,0,0,0
Ibrahim,MID,Brighton,Coventry City,0,4,658,38,7,0,False,2026-09-13T13:00:00Z,0,5,4,0,0,0,0,0,0,0,0,0,0,0,0,0,0.0,0.0,0.0,0.0,0,0.0,0.0,0.0,0.0,45,0,0,0,0,0,0,0,0
Miley,MID,Newcastle,Leeds,0,4,659,40,13,0,False,2026-09-14T19:00:00Z,4,1,4,0,0,0,0,0,0,0,0,0,0,0,0,0,0.0,0.0,0.0,0.0,0,0.0,0.0,0.0,0.0,45,0,0,0,0,0,0,0,0
Raya,GK,Arsenal,Brighton,0,5,1,42,5,1,False,2026-09-19T14:00:00Z,3,0,5,90,0,0,0,3,0,0,0,0,0,2,0,6,0.0,0.0,0.0,0.0,1,0.00,0.00,0.00,1.31,60,212570,4487209,279598,67028,1,14,0,0
Arrizabalaga,GK,Arsenal,Brighton,0,5,2,42,5,0,False,2026-09-19T14:00:00Z,3,0,5,0,0,0,0,0,0,0,0,0,0,0,0,0,0.0,0.0,0.0,0.0,0,0.00,0.00,0.00,0.00,49,-378,7555,181,559,0,0,0,0
Meslier,GK,Arsenal,Brighton,0,5,3,42,5,0,False,2026-09-19T14:00:00Z,3,0,5,0,0,0,0,0,0,0,0,0,0,0,0,0,0.0,0.0,0.0,0.0,0,0.00,0.00,0.00,0.00,49,-115,3038,86,201,0,0,0,0
Gabriel,DEF,Arsenal,Brighton,0,5,4,42,5,1,False,2026-09-19T14:00:00Z,3,0,5,90,0,0,0,3,0,0,0,0,0,0,0,6,0.0,0.0,0.0,0.0,1,0.00,0.14,0.14,1.31,80,-70779,2494884,48033,118812,3,4,6,9
J.Timber,DEF,Arsenal,Brighton,0,5,5,42,5,0,False,2026-09-19T14:00:00Z,3,0,5,59,0,0,0,3,0,0,0,0,0,0,0,-6,0.0,0.0,0.0,0.0,1,0.00,0.02,0.02,0.61,65,16270,32012,20088,3818,2,2,0,2
Saliba,DEF,Arsenal,Brighton,0,5,6,42,5,0,False,2026-09-19T14:00:00Z,3,0,5,0,0,0,0,0,0,0,0,0,0,0,0,0,0.0,0.0,0.0,0.0,0,0.00,0.00,0.00,0.00,59,-1605,21924,399,2004,0,0,0,0
Lewis-Skelly,MID,Arsenal,Brighton,0,5,7,42,5,0,False,2026-09-19T14:00:00Z,3,0,5,0,0,0,0,0,0,0,0,0,0,0,0,0,0.0,0.0,0.0,0.0,0,0.00,0.00,0.00,0.00,55,-7916,64229,3227,11143,0,0,0,0
Calafiori,DEF,Arsenal,Brighton,0,5,8,42,5,1,False,2026-09-19T14:00:00Z,3,0,5,90,0,0,0,3,0,0,0,0,0,0,0,-3,0.0,0.0,0.0,0.0,1,0.07,0.03,0.10,1.31,58,183297,5451521,266900,83603,3,5,2,5
Hincapie,DEF,Arsenal,Brighton,0,5,9,42,5,0,False,2026-09-19T14:00:00Z,3,0,5,0,0,0,0,0,0,0,0,0,0,0,0,0,0.0,0.0,0.0,0.0,0,0.00,0.00,0.00,0.00,53,-13089,98376,2559,15648,0,0,0,0
White,DEF,Arsenal,Brighton,0,5,10,42,5,0,False,2026-09-19T14:00:00Z,3,0,5,0,0,0,0,0,0,0,0,0,0,0,0,0,0.0,0.0,0.0,0.0,0,0.00,0.00,0.00,0.00,55,-218227,573621,21167,239394,0,0,0,0
Mosquera,DEF,Arsenal,Brighton,0,5,11,42,5,0,False,2026-09-19T14:00:00Z,3,0,5,0,0,0,0,0,0,0,0,0,0,0,0,0,0.0,0.0,0.0,0.0,0,0.00,0.00,0.00,0.00,53,-81401,181804,476,81877,0,0,0,0
Saka,MID,Arsenal,Brighton,0,5,12,42,5,2,False,2026-09-19T14:00:00Z,3,0,5,80,0,0,0,3,0,0,0,0,0,0,0,14,0.0,0.0,0.0,0.0,1,0.34,0.55,0.89,1.00,95,156317,1461185,221246,64929,1,1,0,2
Rice,MID,Arsenal,Brighton,0,5,13,42,5,1,False,2026-09-19T14:00:00Z,3,0,5,90,0,0,0,3,0,0,0,1,0,0,0,13,0.0,0.0,0.0,0.0,1,0.02,0.06,0.08,1.31,74,-54820,1344452,28685,83505,2,4,2,8
Eze,MID,Arsenal,Brighton,0,5,14,42,5,1,False,2026-09-19T14:00:00Z,3,0,5,17,0,0,0,0,0,0,0,0,0,0,0,5,0.0,0.0,0.0,0.0,0,0.00,0.02,0.02,0.54,63,-15015,113499,3026,18041,0,0,0,0
Ødegaard,MID,Arsenal,Brighton,0,5,15,42,5,2,False,2026-09-19T14:00:00Z,3,0,5,72,0,0,0,3,0,0,0,0,0,0,0,10,0.0,0.0,0.0,0.0,1,0.07,0.02,0.09,0.77,68,194248,2167651,326276,132028,0,1,1,2
Madueke,MID,Arsenal,Brighton,0,5,16,42,5,0,False,2026-09-19T14:00:00Z,3,0,5,0,0,0,0,0,0,0,0,0,0,0,0,0,0.0,0.0,0.0,0.0,0,0.00,0.00,0.00,0.00,62,-2443,22229,1193,3636,0,0,0,0
Merino,MID,Arsenal,Brighton,0,5,17,42,5,1,False,2026-09-19T14:00:00Z,3,0,5,30,0,0,0,0,0,0,0,0,0,0,0,4,0.0,0.0,0.0,0.0,0,0.00,0.13,0.13,0.70,58,-4969,42609,1345,6314,0,3,1,4
Martinelli,MID,Arsenal,Brighton,0,5,18,42,5,0,False,2026-09-19T14:00:00Z,3,0,5,0,0,0,0,0,0,0,0,0,0,0,0,0,0.0,0.0,0.0,0.0,0,0.00,0.00,0.00,0.00,63,-1499,7867,0,1499,0,0,0,0
Zubimendi,MID,Arsenal,Brighton,0,5,19,42,5,1,False,2026-09-19T14:00:00Z,3,0,5,30,0,0,0,0,0,0,0,0,0,0,0,2,0.0,0.0,0.0,0.0,0,0.13,0.00,0.13,0.70,53,-7918,64585,1444,9362,0,0,1,1
Dowman,MID,Arsenal,Brighton,0,5,20,42,5,1,False,2026-09-19T14:00:00Z,3,0,5,9,0,0,0,0,0,0,0,0,0,0,0,4,0.0,0.0,0.0,0.0,0,0.00,0.08,0.08,0.31,53,-172,7252,878,1050,0,0,0,0
Nørgaard,MID,Everton,Ipswich Town,0,5,21,43,12,0,True,2026-09-19T14:00:00Z,1,0,5,0,0,0,0,0,0,0,0,0,0,0,0,0,0.0,0.0,0.0,0.0,0,0.00,0.00,0.00,0.00,49,-737,4666,46,783,0,0,0,0
Nwaneri,MID,Arsenal,Brighton,0,5,22,42,5,0,False,2026-09-19T14:00:00Z,3,0,5,0,0,0,0,0,0,0,0,0,0,0,0,0,0.0,0.0,0.0,0.0,0,0.00,0.00,0.00,0.00,54,-116,680,0,116,0,0,0,0
Fábio Vieira,MID,Arsenal,Brighton,0,5,23,42,5,0,False,2026-09-19T14:00:00Z,3,0,5,0,0,0,0,0,0,0,0,0,0,0,0,0,0.0,0.0,0.0,0.0,0,0.00,0.00,0.00,0.00,55,-88,633,0,88,0,0,0,0
Nelson,MID,Arsenal,Brighton,0,5,24,42,5,0,False,2026-09-19T14:00:00Z,3,0,5,0,0,0,0,0,0,0,0,0,0,0,0,0,0.0,0.0,0.0,0.0,0,0.00,0.00,0.00,0.00,55,-66,500,0,66,0,0,0,0
Gyökeres,FWD,Arsenal,Brighton,0,5,25,42,5,1,False,2026-09-19T14:00:00Z,3,0,5,17,0,0,0,0,0,0,0,0,0,0,0,5,0.0,0.0,0.0,0.0,0,0.00,0.23,0.23,0.54,72,-51870,342393,5156,57026,0,0,0,0
Havertz,FWD,Arsenal,Brighton,0,5,26,42,5,2,False,2026-09-19T14:00:00Z,3,0,5,90,0,0,0,3,0,0,0,0,0,0,0,5,0.0,0.0,0.0,0.0,1,0.78,0.02,0.80,1.31,76,44371,915557,147342,102971,0,1,2,3
G.Jesus,FWD,Arsenal,Brighton,0,5,27,42,5,0,False,2026-09-19T14:00:00Z,3,0,5,0,0,0,0,0,0,0,0,0,0,0,0,0,0.0,0.0,0.0,0.0,0,0.00,0.00,0.00,0.00,59,-2292,16588,0,2292,0,0,0,0
Martinez,GK,Chelsea,Brentford,0,5,28,41,4,2,False,2026-09-18T19:00:00Z,3,0,5,90,0,0,0,3,0,0,0,0,0,3,0,7,0.0,0.0,0.0,0.0,1,0.00,0.00,0.00,2.65,50,-32803,524629,20981,53784,0,6,0,0
M.Bizot,GK,Aston Villa,Spurs,0,5,29,48,19,0,False,2026-09-19T11:30:00Z,2,3,5,0,0,0,0,0,0,0,0,0,0,0,0,0,0.0,0.0,0.0,0.0,0,0.00,0.00,0.00,0.00,45,-1076,13259,416,1492,0,0,0,0
Digne,DEF,Aston Villa,Spurs,0,5,30,48,19,0,False,2026-09-19T11:30:00Z,2,3,5,0,0,0,0,0,0,0,0,0,0,0,0,0,0.0,0.0,0.0,0.0,0,0.00,0.00,0.00,0.00,45,-431,5450,0,431,0,0,0,0
Konsa,DEF,Arsenal,Brighton,0,5,31,42,5,1,False,2026-09-19T14:00:00Z,3,0,5,90,0,0,0,3,0,0,0,0,0,0,0,2,0.0,0.0,0.0,0.0,1,0.23,0.01,0.24,1.31,45,277564,2062931,343094,65530,0,3,4,4
Cash,DEF,Aston Villa,Spurs,0,5,32,48,19,-1,False,2026-09-19T11:30:00Z,2,3,5,45,0,0,0,2,0,0,0,1,0,0,0,-7,0.0,0.0,0.0,0.0,0,0.00,0.00,0.00,0.92,44,-105428,542880,5264,110692,0,0,3,3
Mings,DEF,Aston Villa,Spurs,0,5,33,48,19,3,False,2026-09-19T11:30:00Z,2,3,5,90,0,0,0,2,0,0,0,0,0,0,0,10,0.0,0.0,0.0,0.0,1,0.00,0.00,0.00,1.56,45,-1624,41769,3533,5157,1,3,12,13
Pau,DEF,Aston Villa,Spurs,0,5,34,48,19,0,False,2026-09-19T11:30:00Z,2,3,5,0,0,0,0,0,0,0,0,0,0,0,0,0,0.0,0.0,0.0,0.0,0,0.00,0.00,0.00,0.00,45,-9138,34289,237,9375,0,0,0,0
Bogarde,MID,Aston Villa,Spurs,0,5,35,48,19,0,False,2026-09-19T11:30:00Z,2,3,5,0,0,0,0,0,0,0,0,0,0,0,0,0,0.0,0.0,0.0,0.0,0,0.00,0.00,0.00,0.00,50,-487,6803,474,961,0,0,0,0
Maatsen,DEF,Aston Villa,Spurs,0,5,36,48,19,0,False,2026-09-19T11:30:00Z,2,3,5,0,0,0,0,0,0,0,0,0,0,0,0,0,0.0,0.0,0.0,0.0,0,0.00,0.00,0.00,0.00,45,-30695,58351,548,31243,0,0,0,0
Lindelöf,DEF,Aston Villa,Spurs,0,5,37,48,19,1,False,2026-09-19T11:30:00Z,2,3,5,90,0,0,0,2,0,0,0,0,0,0,0,1,0.0,0.0,0.0,0.0,1,0.00,0.00,0.00,1.56,45,-415,33907,3502,3917,0,2,6,6
A.García,DEF,Aston Villa,Spurs,0,5,38,48,19,0,False,2026-09-19T11:30:00Z,2,3,5,0,0,0,0,0,0,0,0,0,0,0,0,0,0.0,0.0,0.0,0.0,0,0.00,0.00,0.00,0.00,40,-7021,171537,7152,14173,0,0,0,0
Nedeljkovic,DEF,Aston Villa,Spurs,0,5,39,48,19,0,False,2026-09-19T11:30:00Z,2,3,5,0,0,0,0,0,0,0,0,0,0,0,0,0,0.0,0.0,0.0,0.0,0,0.00,0.00,0.00,0.00,40,-1273,14409,0,1273,0,0,0,0
Rogers,MID,Chelsea,Brentford,0,5,40,41,4,2,False,2026-09-18T19:00:00Z,3,0,5,90,0,0,0,3,0,0,0,0,0,0,0,17,0.0,0.0,0.0,0.0,1,0.33,0.07,0.40,2.65,77,628130,4380885,697514,69384,0,6,2,8
Buendía,MID,Aston Villa,Spurs,0,5,41,48,19,12,False,2026-09-19T11:30:00Z,2,3,5,90,1,0,0,2,0,0,0,0,0,0,3,50,0.0,0.0,0.0,0.0,1,0.14,0.07,0.21,1.56,59,-16876,94622,6405,23281,7,6,2,15
Guessand,MID,Crystal Palace,Leeds,0,5,42,44,13,0,False,2026-09-20T13:00:00Z,0,0,5,0,0,0,0,0,0,0,0,0,0,0,0,0,0.0,0.0,0.0,0.0,0,0.00,0.00,0.00,0.00,54,-483,4188,319,802,0,0,0,0
Tielemans,MID,Man Utd,Fulham,0,5,43,50,10,4,False,2026-09-20T15:30:00Z,1,1,5,90,0,0,0,1,0,0,0,0,0,0,0,22,0.0,0.0,0.0,0.0,1,0.09,0.20,0.29,1.62,58,-17007,165689,8170,25177,3,8,2,13
Bailey,MID,Aston Villa,Spurs,0,5,44,48,19,0,False,2026-09-19T11:30:00Z,2,3,5,0,0,0,0,0,0,0,0,0,0,0,0,0,0.0,0.0,0.0,0.0,0,0.00,0.00,0.00,0.00,54,-1648,6080,0,1648,0,0,0,0
McGinn,MID,Aston Villa,Spurs,0,5,45,48,19,6,False,2026-09-19T11:30:00Z,2,3,5,83,0,1,1,0,0,0,0,0,0,0,0,19,0.0,0.0,0.0,0.0,1,0.00,0.04,0.04,0.78,54,-5772,240695,18814,24586,0,4,2,6
Barkley,MID,Aston Villa,Spurs,0,5,46,48,19,1,False,2026-09-19T11:30:00Z,2,3,5,6,0,0,0,2,0,0,0,0,0,0,0,3,0.0,0.0,0.0,0.0,0,0.00,0.00,0.00,0.78,50,-1310,28594,2694,4004,0,3,1,4
Kamara,MID,Aston Villa,Spurs,0,5,47,48,19,6,False,2026-09-19T11:30:00Z,2,3,5,83,0,1,1,0,0,0,0,0,0,0,0,26,0.0,0.0,0.0,0.0,1,0.12,0.01,0.13,0.78,50,-2746,32641,1988,4734,2,3,1,6
Onana,MID,Aston Villa,Spurs,0,5,48,48,19,0,False,2026-09-19T11:30:00Z,2,3,5,0,0,0,0,0,0,0,0,0,0,0,0,0,0.0,0.0,0.0,0.0,0,0.00,0.00,0.00,0.00,49,-137,1654,66,203,0,0,0,0
Iling Jr,MID,Aston Villa,Spurs,0,5,49,48,19,0,False,2026-09-19T11:30:00Z,2,3,5,0,0,0,0,0,0,0,0,0,0,0,0,0,0.0,0.0,0.0,0.0,0,0.00,0.00,0.00,0.00,50,-20,169,0,20,0,0,0,0
Burrowes,MID,Aston Villa,Spurs,0,5,50,48,19,0,False,2026-09-19T11:30:00Z,2,3,5,0,0,0,0,0,0,0,0,0,0,0,0,0,0.0,0.0,0.0,0.0,0,0.00,0.00,0.00,0.00,45,-5269,63804,1961,7230,0,0,0,0
George Hemmings,MID,Aston Villa,Spurs,0,5,51,48,19,1,False,2026-09-19T11:30:00Z,2,3,5,18,0,0,0,2,0,0,0,0,0,0,0,2,0.0,0.0,0.0,0.0,0,0.00,0.00,0.00,0.87,45,-3198,135094,14076,17274,0,0,0,0
Alysson,MID,Aston Villa,Spurs,0,5,52,48,19,0,False,2026-09-19T11:30:00Z,2,3,5,0,0,0,0,0,0,0,0,0,0,0,0,0,0.0,0.0,0.0,0.0,0,0.00,0.00,0.00,0.00,50,983,6101,1608,625,0,0,0,0
Manzambi,MID,Aston Villa,Spurs,0,5,53,48,19,13,False,2026-09-19T11:30:00Z,2,3,5,71,1,1,1,0,0,0,0,0,0,0,2,45,0.0,0.0,0.0,0.0,1,0.44,0.16,0.60,0.68,59,853,14639,1843,990,1,4,2,7
Gomes,MID,Aston Villa,Spurs,0,5,54,48,19,4,False,2026-09-19T11:30:00Z,2,3,5,90,0,0,0,2,0,0,0,0,0,0,0,13,0.0,0.0,0.0,0.0,1,0.00,0.02,0.02,1.56,55,137,4213,464,327,5,3,5,13
Watkins,FWD,Aston Villa,Spurs,0,5,55,48,19,0,False,2026-09-19T11:30:00Z,2,3,5,0,0,0,0,0,0,0,0,0,0,0,0,0,0.0,0.0,0.0,0.0,0,0.00,0.00,0.00,0.00,78,-35250,284909,0,35250,0,0,0,0
Abraham,FWD,Aston Villa,Spurs,0,5,56,48,19,1,False,2026-09-19T11:30:00Z,2,3,5,2,0,0,0,1,0,0,0,0,0,0,0,3,0.0,0.0,0.0,0.0,0,0.00,0.00,0.00,0.43,55,1415,19806,4340,2925,0,0,0,0
Petrović,GK,Bournemouth,Liverpool,0,5,57,49,14,2,True,2026-09-20T13:00:00Z,0,1,5,90,0,0,0,1,0,0,0,0,0,2,0,12,0.0,0.0,0.0,0.0,1,0.00,0.00,0.00,1.65,45,-19421,325591,7119,26540,0,12,0,0
Forster,GK,Bournemouth,Liverpool,0,5,58,49,14,0,True,2026-09-20T13:00:00Z,0,1,5,0,0,0,0,0,0,0,0,0,0,0,0,0,0.0,0.0,0.0,0.0,0,0.00,0.00,0.00,0.00,40,6886,391157,22505,15619,0,0,0,0
Dennis,GK,Bournemouth,Liverpool,0,5,59,49,14,0,True,2026-09-20T13:00:00Z,0,1,5,0,0,0,0,0,0,0,0,0,0,0,0,0,0.0,0.0,0.0,0.0,0,0.00,0.00,0.00,0.00,40,-1059,13258,0,1059,0,0,0,0
Hill,DEF,Bournemouth,Liverpool,0,5,60,49,14,4,True,2026-09-20T13:00:00Z,0,1,5,90,0,0,0,1,0,0,0,0,0,0,0,15,0.0,0.0,0.0,0.0,1,0.00,0.02,0.02,1.65,55,-8309,80776,3321,11630,4,3,11,15
Truffert,DEF,Bournemouth,Liverpool,0,5,61,49,14,2,True,2026-09-20T13:00:00Z,0,1,5,90,0,0,0,1,0,0,0,0,0,0,0,6,0.0,0.0,0.0,0.0,1,0.02,0.06,0.08,1.65,55,-27978,334232,6520,34498,2,3,5,7
Diakité,DEF,Bournemouth,Liverpool,0,5,62,49,14,0,True,2026-09-20T13:00:00Z,0,1,5,0,0,0,0,0,0,0,0,0,0,0,0,0,0.0,0.0,0.0,0.0,0,0.00,0.00,0.00,0.00,50,-1312,17170,916,2228,0,0,0,0
Milosavljević,DEF,Bournemouth,Liverpool,0,5,63,49,14,0,True,2026-09-20T13:00:00Z,0,1,5,0,0,0,0,0,0,0,0,0,0,0,0,0,0.0,0.0,0.0,0.0,0,0.00,0.00,0.00,0.00,49,-21,843,74,95,0,0,0,0
Smith,DEF,Bournemouth,Liverpool,0,5,64,49,14,2,True,2026-09-20T13:00:00Z,0,1,5,74,0,0,0,1,0,0,0,0,0,0,0,3,0.0,0.0,0.0,0.0,1,0.00,0.02,0.02,1.40,45,-1163,13093,818,1981,0,2,0,0
J.Araujo,DEF,Bournemouth,Liverpool,0,5,65,49,14,0,True,2026-09-20T13:00:00Z,0,1,5,0,0,0,0,0,0,0,0,0,0,0,0,0,0.0,0.0,0.0,0.0,0,0.00,0.00,0.00,0.00,44,-50,1281,101,151,0,0,0,0
Soler,DEF,Bournemouth,Liverpool,0,5,66,49,14,0,True,2026-09-20T13:00:00Z,0,1,5,0,0,0,0,0,0,0,0,0,0,0,0,0,0.0,0.0,0.0,0.0,0,0.00,0.00,0.00,0.00,40,-57,28923,2347,2404,0,0,0,0
Rayan,MID,Bournemouth,Liverpool,0,5,67,49,14,2,True,2026-09-20T13:00:00Z,0,1,5,87,0,0,0,1,0,0,0,0,0,0,0,17,0.0,0.0,0.0,0.0,1,0.00,0.35,0.35,1.40,64,-30627,173374,4733,35360,2,1,1,4
Tavernier,MID,Bournemouth,Liverpool,0,5,68,49,14,2,True,2026-09-20T13:00:00Z,0,1,5,74,0,0,0,1,0,0,0,0,0,0,0,14,0.0,0.0,0.0,0.0,1,0.00,0.11,0.11,1.40,61,257318,709800,318303,60985,3,3,0,6
Scott,MID,Bournemouth,Liverpool,0,5,69,49,14,2,True,2026-09-20T13:00:00Z,0,1,5,90,0,0,0,1,0,0,0,0,0,0,0,17,0.0,0.0,0.0,0.0,1,0.12,0.07,0.19,1.65,61,-5057,624564,72063,77120,0,8,0,8
Kluivert,MID,Bournemouth,Liverpool,0,5,70,49,14,0,True,2026-09-20T13:00:00Z,0,1,5,0,0,0,0,0,0,0,0,0,0,0,0,0,0.0,0.0,0.0,0.0,0,0.00,0.00,0.00,0.00,60,3462,110738,14541,11079,0,0,0,0
Cook,MID,Bournemouth,Liverpool,0,5,71,49,14,1,True,2026-09-20T13:00:00Z,0,1,5,15,0,0,0,0,0,0,0,0,0,0,0,3,0.0,0.0,0.0,0.0,0,0.00,0.00,0.00,0.25,50,-2898,19112,841,3739,0,1,1,2
Gannon-Doak,MID,Bournemouth,Liverpool,0,5,72,49,14,1,True,2026-09-20T13:00:00Z,0,1,5,2,0,0,0,0,0,0,0,0,0,0,0,3,0.0,0.0,0.0,0.0,0,0.00,0.02,0.02,0.25,49,-515,6412,338,853,0,0,0,0
Adams,MID,Bournemouth,Liverpool,0,5,73,49,14,4,True,2026-09-20T13:00:00Z,0,1,5,87,0,0,0,1,0,0,0,0,0,0,0,13,0.0,0.0,0.0,0.0,1,0.00,0.04,0.04,1.40,50,-871,29052,2995,3866,2,6,5,13
Brooks,MID,Bournemouth,Liverpool,0,5,74,49,14,1,True,2026-09-20T13:00:00Z,0,1,5,15,0,0,0,0,0,0,0,0,0,0,0,4,0.0,0.0,0.0,0.0,0,0.00,0.06,0.06,0.25,50,-394,5709,503,897,0,2,0,2
Christie,MID,Bournemouth,Liverpool,0,5,75,49,14,2,True,2026-09-20T13:00:00Z,0,1,5,74,0,0,0,1,0,0,0,0,0,0,0,0,0.0,0.0,0.0,0.0,1,0.50,0.01,0.51,1.40,50,-118,3511,541,659,0,5,0,5
Tóth.A,MID,Bournemouth,Liverpool,0,5,76,49,14,1,True,2026-09-20T13:00:00Z,0,1,5,2,0,0,0,0,0,0,0,0,0,0,0,3,0.0,0.0,0.0,0.0,0,0.00,0.00,0.00,0.25,49,-80,1445,62,142,0,0,0,0
Adli,MID,Bournemouth,Liverpool,0,5,77,49,14,0,True,2026-09-20T13:00:00Z,0,1,5,0,0,0,0,0,0,0,0,0,0,0,0,0,0.0,0.0,0.0,0.0,0,0.00,0.00,0.00,0.00,49,-184,1387,25,209,0,0,0,0
Kroupi.Jr,MID,Bournemouth,Liverpool,0,5,78,49,14,0,True,2026-09-20T13:00:00Z,0,1,5,0,0,0,0,0,0,0,0,0,0,0,0,0,0.0,0.0,0.0,0.0,0,0.00,0.00,0.00,0.00,74,-1688,19554,141,1829,0,0,0,0
Evanilson,FWD,Bournemouth,Liverpool,0,5,79,49,14,2,True,2026-09-20T13:00:00Z,0,1,5,90,0,0,0,1,0,0,0,0,0,0,0,12,0.0,0.0,0.0,0.0,1,0.16,0.01,0.17,1.65,60,-2578,350510,44404,46982,2,2,1,5
Enes Ünal,FWD,Bournemouth,Liverpool,0,5,80,49,14,0,True,2026-09-20T13:00:00Z,0,1,5,0,0,0,0,0,0,0,0,0,0,0,0,0,0.0,0.0,0.0,0.0,0,0.00,0.00,0.00,0.00,55,-121,1665,0,121,0,0,0,0
Rodríguez,FWD,Bournemouth,Liverpool,0,5,81,49,14,0,True,2026-09-20T13:00:00Z,0,1,5,0,0,0,0,0,0,0,0,0,0,0,0,0,0.0,0.0,0.0,0.0,0,0.00,0.00,0.00,0.00,60,-435,12687,939,1374,0,0,0,0
Kelleher,GK,Brentford,Chelsea,0,5,82,41,6,6,True,2026-09-18T19:00:00Z,3,0,5,90,0,0,1,0,0,0,0,0,0,2,0,27,0.0,0.0,0.0,0.0,1,0.00,0.00,0.00,0.83,50,-53924,649762,9126,63050,0,8,2,0
Valdimarsson,GK,Brentford,Chelsea,0,5,83,41,6,0,True,2026-09-18T19:00:00Z,3,0,5,0,0,0,0,0,0,0,0,0,0,0,0,0,0.0,0.0,0.0,0.0,0,0.00,0.00,0.00,0.00,45,-567,10440,317,884,0,0,0,0
Collins,DEF,Brentford,Chelsea,0,5,84,41,6,0,True,2026-09-18T19:00:00Z,3,0,5,0,0,0,0,0,0,0,0,0,0,0,0,0,0.0,0.0,0.0,0.0,0,0.00,0.00,0.00,0.00,54,-39288,111916,104,39392,0,0,0,0
Van den Berg,DEF,Brentford,Chelsea,0,5,85,41,6,0,True,2026-09-18T19:00:00Z,3,0,5,0,0,0,0,0,0,0,0,0,0,0,0,0,0.0,0.0,0.0,0.0,0,0.00,0.00,0.00,0.00,49,-729,6772,37,766,0,0,0,0
Lewis-Potter,MID,Brentford,Chelsea,0,5,86,41,6,3,True,2026-09-18T19:00:00Z,3,0,5,80,0,0,1,0,0,0,0,0,0,0,0,15,0.0,0.0,0.0,0.0,1,0.15,0.01,0.16,0.70,55,-36251,187862,6251,42502,1,3,5,9
Ajer,DEF,Brentford,Chelsea,0,5,87,41,6,7,True,2026-09-18T19:00:00Z,3,0,5,90,0,0,1,0,0,0,0,0,0,0,1,29,0.0,0.0,0.0,0.0,1,0.00,0.05,0.05,0.83,45,-65023,417707,8947,73970,0,3,9,9
Kayode,DEF,Brentford,Chelsea,0,5,88,41,6,6,True,2026-09-18T19:00:00Z,3,0,5,68,0,0,1,0,0,0,0,0,0,0,0,20,0.0,0.0,0.0,0.0,1,0.00,0.07,0.07,0.55,46,-116375,819720,18236,134611,1,2,1,2
Henry,DEF,Brentford,Chelsea,0,5,89,41,6,0,True,2026-09-18T19:00:00Z,3,0,5,0,0,0,0,0,0,0,0,0,0,0,0,0,0.0,0.0,0.0,0.0,0,0.00,0.00,0.00,0.00,44,-1238,20442,410,1648,0,0,0,0
Hickey,DEF,Brentford,Chelsea,0,5,90,41,6,1,True,2026-09-18T19:00:00Z,3,0,5,21,0,0,0,0,0,0,0,0,0,0,0,5,0.0,0.0,0.0,0.0,0,0.00,0.01,0.01,0.28,45,-261,7505,329,590,0,0,4,4
Pinnock,DEF,Coventry City,Nott'm Forest,0,5,91,47,18,8,False,2026-09-19T16:30:00Z,0,1,5,90,0,0,1,0,0,0,0,0,0,0,0,24,0.0,0.0,0.0,0.0,1,0.00,0.00,0.00,1.10,45,-312,7218,402,714,0,1,19,19
Ji-soo,DEF,Brentford,Chelsea,0,5,92,41,6,0,True,2026-09-18T19:00:00Z,3,0,5,0,0,0,0,0,0,0,0,0,0,0,0,0,0.0,0.0,0.0,0.0,0,0.00,0.00,0.00,0.00,45,-94,1849,69,163,0,0,0,0
Schuster,DEF,Brentford,Chelsea,0,5,93,41,6,14,True,2026-09-18T19:00:00Z,3,0,5,90,0,1,1,0,0,0,0,0,0,0,3,43,0.0,0.0,0.0,0.0,1,0.00,0.52,0.52,0.83,45,-726,15098,349,1075,1,3,15,16
Schade,MID,Brentford,Chelsea,0,5,94,41,6,9,True,2026-09-18T19:00:00Z,3,0,5,90,0,2,1,0,0,0,0,0,0,0,0,27,0.0,0.0,0.0,0.0,1,0.54,0.02,0.56,0.83,61,367021,847173,425579,58558,1,4,2,7
O.Dango,MID,Brentford,Chelsea,0,5,95,41,6,1,True,2026-09-18T19:00:00Z,3,0,5,9,0,0,0,0,0,0,0,0,0,0,0,2,0.0,0.0,0.0,0.0,0,0.00,0.00,0.00,0.13,63,-13619,52273,1029,14648,0,0,0,0
Damsgaard,MID,Brentford,Chelsea,0,5,96,41,6,3,True,2026-09-18T19:00:00Z,3,0,5,86,0,0,1,0,0,0,0,0,0,0,0,15,0.0,0.0,0.0,0.0,1,0.04,0.28,0.32,0.70,54,-6452,45391,1526,7978,4,4,2,10
Jensen,MID,Brentford,Chelsea,0,5,97,41,6,0,True,2026-09-18T19:00:00Z,3,0,5,0,0,0,0,0,0,0,0,0,0,0,0,0,0.0,0.0,0.0,0.0,0,0.00,0.00,0.00,0.00,54,-1881,10766,16,1897,0,0,0,0
Janelt,MID,Brentford,Chelsea,0,5,98,41,6,3,True,2026-09-18T19:00:00Z,3,0,5,90,0,0,1,0,0,0,0,0,0,0,0,13,0.0,0.0,0.0,0.0,1,0.03,0.04,0.07,0.83,50,13473,273119,47235,33762,3,4,2,9
Milambo,MID,Brentford,Chelsea,0,5,99,41,6,0,True,2026-09-18T19:00:00Z,3,0,5,0,0,0,0,0,0,0,0,0,0,0,0,0,0.0,0.0,0.0,0.0,0,0.00,0.00,0.00,0.00,50,-13,193,20,33,0,0,0,0
Carvalho,MID,Brentford,Chelsea,0,5,100,41,6,6,True,2026-09-18T19:00:00Z,3,0,5,3,1,0,0,0,0,0,0,0,0,0,0,23,0.0,0.0,0.0,0.0,0,0.43,0.00,0.43,0.13,50,-77,2231,265,342,0,0,0,0
Henderson,MID,Chelsea,Brentford,0,5,101,41,4,2,False,2026-09-18T19:00:00Z,3,0,5,90,0,0,0,3,0,0,0,0,0,0,0,16,0.0,0.0,0.0,0.0,1,0.00,0.08,0.08,2.65,49,-383,2692,45,428,1,7,2,10
Yarmoliuk,MID,Brentford,Chelsea,0,5,102,41,6,3,True,2026-09-18T19:00:00Z,3,0,5,68,0,0,1,0,0,0,0,0,0,0,0,19,0.0,0.0,0.0,0.0,1,0.03,0.06,0.09,0.55,48,-7524,72210,1926,9450,2,5,3,10
Dasilva,MID,Brentford,Chelsea,0,5,103,41,6,0,True,2026-09-18T19:00:00Z,3,0,5,0,0,0,0,0,0,0,0,0,0,0,0,0,0.0,0.0,0.0,0.0,0,0.00,0.00,0.00,0.00,49,-282,1428,11,293,0,0,0,0
Onyeka,MID,Coventry City,Nott'm Forest,0,5,104,47,18,3,False,2026-09-19T16:30:00Z,0,1,5,90,0,0,1,0,0,0,0,0,0,0,0,10,0.0,0.0,0.0,0.0,1,0.00,0.00,0.00,1.10,49,-1263,10664,346,1609,2,3,4,9
Anthony,MID,Brentford,Chelsea,0,5,105,41,6,10,True,2026-09-18T19:00:00Z,3,0,5,80,1,0,1,0,0,0,0,0,0,0,2,31,0.0,0.0,0.0,0.0,1,0.96,0.02,0.98,0.70,59,-1462,13639,635,2097,0,1,1,2
Thiago,FWD,Brentford,Chelsea,0,5,106,41,6,5,True,2026-09-18T19:00:00Z,3,0,5,90,1,0,1,0,0,0,0,1,0,0,0,26,0.0,0.0,0.0,0.0,1,0.72,0.03,0.75,0.83,78,-189492,958105,32439,221931,1,2,0,3
Furo,FWD,Brentford,Chelsea,0,5,107,41,6,0,True,2026-09-18T19:00:00Z,3,0,5,0,0,0,0,0,0,0,0,0,0,0,0,0,0.0,0.0,0.0,0.0,0,0.00,0.00,0.00,0.00,45,-13858,104422,6535,20393,0,0,0,0
Wilson,FWD,Brentford,Chelsea,0,5,108,41,6,0,True,2026-09-18T19:00:00Z,3,0,5,0,0,0,0,0,0,0,0,0,0,0,0,0,0.0,0.0,0.0,0.0,0,0.00,0.00,0.00,0.00,55,-4371,33179,1671,6042,0,0,0,0
Verbruggen,GK,Brighton,Arsenal,0,5,109,42,1,6,True,2026-09-19T14:00:00Z,3,0,5,90,0,0,1,0,0,0,0,0,0,2,0,27,0.0,0.0,0.0,0.0,1,0.00,0.00,0.00,1.63,45,-47432,2292499,89072,136504,0,4,0,0
Rushworth,GK,Coventry City,Nott'm Forest,0,5,110,47,18,11,False,2026-09-19T16:30:00Z,0,1,5,90,0,1,1,0,0,0,0,0,0,2,2,38,0.0,0.0,0.0,0.0,1,0.00,0.00,0.00,1.10,45,-11924,84063,928,12852,0,10,0,0
Steele,GK,Brighton,Arsenal,0,5,111,42,1,0,True,2026-09-19T14:00:00Z,3,0,5,0,0,0,0,0,0,0,0,0,0,0,0,0,0.0,0.0,0.0,0.0,0,0.00,0.00,0.00,0.00,40,-988,463243,20424,21412,0,0,0,0
Van Hecke,DEF,Spurs,Aston Villa,0,5,112,48,2,6,True,2026-09-19T11:30:00Z,2,3,5,90,1,0,0,3,0,0,0,1,0,0,0,17,0.0,0.0,0.0,0.0,1,0.35,0.30,0.65,1.16,49,-3149,721559,40803,43952,3,4,6,9
F.Kadıoğlu,DEF,Brighton,Arsenal,0,5,113,42,1,5,True,2026-09-19T14:00:00Z,3,0,5,75,0,0,1,0,0,0,0,1,0,0,0,18,0.0,0.0,0.0,0.0,1,0.04,0.02,0.06,0.89,44,-13983,170937,4277,18260,0,3,3,3
Boscagli,DEF,Brighton,Arsenal,0,5,114,42,1,6,True,2026-09-19T14:00:00Z,3,0,5,90,0,0,1,0,0,0,0,0,0,0,0,24,0.0,0.0,0.0,0.0,1,0.01,0.02,0.03,1.63,45,-1117,28873,1382,2499,2,2,5,7
De Cuyper,DEF,Brighton,Arsenal,0,5,115,42,1,6,True,2026-09-19T14:00:00Z,3,0,5,90,0,0,1,0,0,0,0,1,0,0,1,30,0.0,0.0,0.0,0.0,1,0.02,0.23,0.25,1.63,49,287563,2649636,410558,122995,4,4,3,7
Dunk,DEF,Brighton,Arsenal,0,5,116,42,1,0,True,2026-09-19T14:00:00Z,3,0,5,0,0,0,0,0,0,0,0,0,0,0,0,0,0.0,0.0,0.0,0.0,0,0.00,0.00,0.00,0.00,45,16492,165566,28113,11621,0,0,0,0
Coppola,DEF,Brighton,Arsenal,0,5,117,42,1,0,True,2026-09-19T14:00:00Z,3,0,5,0,0,0,0,0,0,0,0,0,0,0,0,0,0.0,0.0,0.0,0.0,0,0.00,0.00,0.00,0.00,45,-33,2071,180,213,0,0,0,0
Igor,DEF,Brighton,Arsenal,0,5,118,42,1,0,True,2026-09-19T14:00:00Z,3,0,5,0,0,0,0,0,0,0,0,0,0,0,0,0,0.0,0.0,0.0,0.0,0,0.00,0.00,0.00,0.00,45,-883,4271,0,883,0,0,0,0
Costinha,DEF,Brighton,Arsenal,0,5,119,42,1,1,True,2026-09-19T14:00:00Z,3,0,5,14,0,0,0,0,0,0,0,0,0,0,0,2,0.0,0.0,0.0,0.0,0,0.00,0.14,0.14,0.74,45,-90,3724,216,306,0,0,1,1
Svoboda,DEF,Brighton,Arsenal,0,5,120,42,1,1,True,2026-09-19T14:00:00Z,3,0,5,4,0,0,0,0,0,0,0,0,0,0,0,5,0.0,0.0,0.0,0.0,0,0.00,0.00,0.00,0.14,50,-310,5657,647,957,1,1,0,1
Mitoma,MID,Brighton,Arsenal,0,5,121,42,1,0,True,2026-09-19T14:00:00Z,3,0,5,0,0,0,0,0,0,0,0,0,0,0,0,0,0.0,0.0,0.0,0.0,0,0.00,0.00,0.00,0.00,59,-229,3148,63,292,0,0,0,0
Minteh,MID,Brighton,Arsenal,0,5,122,42,1,0,True,2026-09-19T14:00:00Z,3,0,5,0,0,0,0,0,0,0,0,0,0,0,0,0,0.0,0.0,0.0,0.0,0,0.00,0.00,0.00,0.00,59,-448,3397,28,476,0,0,0,0
Hinshelwood,MID,Brighton,Arsenal,0,5,123,42,1,0,True,2026-09-19T14:00:00Z,3,0,5,0,0,0,0,0,0,0,0,0,0,0,0,0,0.0,0.0,0.0,0.0,0,0.00,0.00,0.00,0.00,59,-26541,66553,128,26669,0,0,0,0
Groß,MID,Brighton,Arsenal,0,5,124,42,1,14,True,2026-09-19T14:00:00Z,3,0,5,90,1,1,1,0,0,0,0,0,0,0,3,47,0.0,0.0,0.0,0.0,1,0.11,0.25,0.36,1.63,57,499051,2264407,604409,105358,1,1,3,5
Georginio,FWD,Brighton,Arsenal,0,5,125,42,1,1,True,2026-09-19T14:00:00Z,3,0,5,14,0,0,0,0,0,0,0,0,0,0,0,2,0.0,0.0,0.0,0.0,0,0.09,0.01,0.10,0.74,54,-10169,49762,2315,12484,0,2,0,2
O'Riley,MID,Brighton,Arsenal,0,5,126,42,1,1,True,2026-09-19T14:00:00Z,3,0,5,4,0,0,0,0,0,0,0,0,0,0,0,2,0.0,0.0,0.0,0.0,0,0.28,0.00,0.28,0.14,54,-662,10353,577,1239,0,0,2,2
Gomez,MID,Brighton,Arsenal,0,5,127,42,1,8,True,2026-09-19T14:00:00Z,3,0,5,85,0,1,1,0,0,0,0,0,0,0,0,19,0.0,0.0,0.0,0.0,1,0.00,0.02,0.02,1.48,50,-68669,439801,13377,82046,5,7,1,13
Buonanotte,MID,Brighton,Arsenal,0,5,128,42,1,0,True,2026-09-19T14:00:00Z,3,0,5,0,0,0,0,0,0,0,0,0,0,0,0,0,0.0,0.0,0.0,0.0,0,0.00,0.00,0.00,0.00,50,-17,206,0,17,0,0,0,0
Ayari,MID,Brighton,Arsenal,0,5,129,42,1,3,True,2026-09-19T14:00:00Z,3,0,5,90,0,0,1,0,0,0,0,0,0,0,0,7,0.0,0.0,0.0,0.0,1,0.11,0.08,0.19,1.63,54,-939,39428,3453,4392,1,4,2,7
Wieffer,DEF,Brighton,Arsenal,0,5,130,42,1,0,True,2026-09-19T14:00:00Z,3,0,5,0,0,0,0,0,0,0,0,0,0,0,0,0,0.0,0.0,0.0,0.0,0,0.00,0.00,0.00,0.00,49,-6902,20558,57,6959,0,0,0,0
Baleba,MID,Man Utd,Fulham,0,5,131,50,10,0,False,2026-09-20T15:30:00Z,1,1,5,0,0,0,0,0,0,0,0,0,0,0,0,0,0.0,0.0,0.0,0.0,0,0.00,0.00,0.00,0.00,49,-1080,12600,636,1716,0,0,0,0
Howell,MID,Brighton,Arsenal,0,5,132,42,1,0,True,2026-09-19T14:00:00Z,3,0,5,0,0,0,0,0,0,0,0,0,0,0,0,0,0.0,0.0,0.0,0.0,0,0.00,0.00,0.00,0.00,45,-395,3291,0,395,0,0,0,0
Watson,MID,Brighton,Arsenal,0,5,133,42,1,0,True,2026-09-19T14:00:00Z,3,0,5,0,0,0,0,0,0,0,0,0,0,0,0,0,0.0,0.0,0.0,0.0,0,0.00,0.00,0.00,0.00,50,-10,112,0,10,0,0,0,0
Oriola,MID,Brighton,Arsenal,0,5,134,42,1,0,True,2026-09-19T14:00:00Z,3,0,5,0,0,0,0,0,0,0,0,0,0,0,0,0,0.0,0.0,0.0,0.0,0,0.00,0.00,0.00,0.00,45,-2152,26306,890,3042,0,0,0,0
Yohanna,MID,Brighton,Arsenal,0,5,135,42,1,0,True,2026-09-19T14:00:00Z,3,0,5,0,0,0,0,0,0,0,0,0,0,0,0,0,0.0,0.0,0.0,0.0,0,0.00,0.00,0.00,0.00,49,-1161,3954,35,1196,0,0,0,0
Welbeck,FWD,Chelsea,Brentford,0,5,136,41,4,2,False,2026-09-18T19:00:00Z,3,0,5,70,0,0,0,1,0,0,0,0,0,0,0,8,0.0,0.0,0.0,0.0,1,0.00,0.08,0.08,1.45,59,20936,114052,34909,13973,1,2,1,4
Tzimas,FWD,Brighton,Arsenal,0,5,137,42,1,0,True,2026-09-19T14:00:00Z,3,0,5,0,0,0,0,0,0,0,0,0,0,0,0,0,0.0,0.0,0.0,0.0,0,0.00,0.00,0.00,0.00,54,-21,710,63,84,0,0,0,0
Kostoulas,FWD,Brighton,Arsenal,0,5,138,42,1,10,True,2026-09-19T14:00:00Z,3,0,5,75,1,1,1,0,0,0,0,1,0,0,2,40,0.0,0.0,0.0,0.0,1,0.18,0.01,0.19,0.89,55,42079,105077,57158,15079,1,3,0,4
Ferguson,FWD,Brighton,Arsenal,0,5,139,42,1,0,True,2026-09-19T14:00:00Z,3,0,5,0,0,0,0,0,0,0,0,0,0,0,0,0,0.0,0.0,0.0,0.0,0,0.00,0.00,0.00,0.00,50,-162,3174,242,404,0,0,0,0
Sánchez,GK,Chelsea,Brentford,0,5,140,41,4,0,False,2026-09-18T19:00:00Z,3,0,5,0,0,0,0,0,0,0,0,0,0,0,0,0,0.0,0.0,0.0,0.0,0,0.00,0.00,0.00,0.00,49,-15548,79688,0,15548,0,0,0,0
Jörgensen,GK,Chelsea,Brentford,0,5,141,41,4,0,False,2026-09-18T19:00:00Z,3,0,5,0,0,0,0,0,0,0,0,0,0,0,0,0,0.0,0.0,0.0,0.0,0,0.00,0.00,0.00,0.00,50,-52,889,0,52,0,0,0,0
James,DEF,Chelsea,Brentford,0,5,142,41,4,0,False,2026-09-18T19:00:00Z,3,0,5,0,0,0,0,0,0,0,0,0,0,0,0,0,0.0,0.0,0.0,0.0,0,0.00,0.00,0.00,0.00,54,-120634,704792,18198,138832,0,0,0,0
Chalobah,DEF,Chelsea,Brentford,0,5,143,41,4,0,False,2026-09-18T19:00:00Z,3,0,5,0,0,0,0,0,0,0,0,0,0,0,0,0,0.0,0.0,0.0,0.0,0,0.00,0.00,0.00,0.00,55,-705,7643,0,705,0,0,0,0
Gusto,DEF,Chelsea,Brentford,0,5,144,41,4,0,False,2026-09-18T19:00:00Z,3,0,5,0,0,0,0,0,0,0,0,0,0,0,0,0,0.0,0.0,0.0,0.0,0,0.00,0.00,0.00,0.00,50,-9281,107892,4607,13888,0,0,0,0
Fofana,DEF,Chelsea,Brentford,0,5,145,41,4,4,False,2026-09-18T19:00:00Z,3,0,5,70,0,0,0,1,0,0,0,0,0,0,0,11,0.0,0.0,0.0,0.0,1,0.00,0.00,0.00,1.45,50,-112,18869,3337,3449,2,4,13,15
B.Badiashile,DEF,Chelsea,Brentford,0,5,146,41,4,0,False,2026-09-18T19:00:00Z,3,0,5,0,0,0,0,0,0,0,0,0,0,0,0,0,0.0,0.0,0.0,0.0,0,0.00,0.00,0.00,0.00,45,-128,1061,0,128,0,0,0,0
Tosin,DEF,Spurs,Aston Villa,0,5,147,48,2,0,True,2026-09-19T11:30:00Z,2,3,5,0,0,0,0,0,0,0,0,0,0,0,0,0,0.0,0.0,0.0,0.0,0,0.00,0.00,0.00,0.00,44,-600,16621,437,1037,0,0,0,0
Hato,DEF,Chelsea,Brentford,0,5,148,41,4,0,False,2026-09-18T19:00:00Z,3,0,5,0,0,0,0,0,0,0,0,0,0,0,0,0,0.0,0.0,0.0,0.0,0,0.00,0.00,0.00,0.00,45,-16858,93559,4867,21725,0,0,0,0
Colwill,DEF,Chelsea,Brentford,0,5,149,41,4,1,False,2026-09-18T19:00:00Z,3,0,5,90,0,0,0,3,0,0,0,0,0,0,0,1,0.0,0.0,0.0,0.0,1,0.00,0.01,0.01,2.65,49,-16952,97080,2003,18955,0,4,7,7
M.Sarr,DEF,Chelsea,Brentford,0,5,150,41,4,0,False,2026-09-18T19:00:00Z,3,0,5,0,0,0,0,0,0,0,0,0,0,0,0,0,0.0,0.0,0.0,0.0,0,0.00,0.00,0.00,0.00,45,-455,3038,0,455,0,0,0,0
Acheampong,DEF,Chelsea,Brentford,0,5,151,41,4,0,False,2026-09-18T19:00:00Z,3,0,5,19,0,0,0,2,0,0,0,0,0,0,0,-4,0.0,0.0,0.0,0.0,0,0.00,0.01,0.01,1.20,45,-4505,38029,1529,6034,1,0,0,1
Palestra,DEF,Chelsea,Brentford,0,5,152,41,4,0,False,2026-09-18T19:00:00Z,3,0,5,0,0,0,0,0,0,0,0,0,0,0,0,0,0.0,0.0,0.0,0.0,0,0.00,0.00,0.00,0.00,53,-20665,68735,260,20925,0,0,0,0
Disasi,DEF,Crystal Palace,Leeds,0,5,153,44,13,0,False,2026-09-20T13:00:00Z,0,0,5,0,0,0,0,0,0,0,0,0,0,0,0,0,0.0,0.0,0.0,0.0,0,0.00,0.00,0.00,0.00,45,-5081,7522,157,5238,0,0,0,0
Palmer,MID,Chelsea,Brentford,0,5,154,41,4,2,False,2026-09-18T19:00:00Z,3,0,5,90,0,0,0,3,0,0,0,0,0,0,0,21,0.0,0.0,0.0,0.0,1,0.13,0.18,0.31,2.65,97,25953,2932358,192540,166587,3,2,1,6
Enzo,MID,Man City,Sunderland,0,5,155,45,20,7,True,2026-09-20T13:00:00Z,5,3,5,90,1,0,0,3,0,0,0,0,0,0,0,33,0.0,0.0,0.0,0.0,1,0.04,0.26,0.30,3.57,69,23625,380480,56551,32926,0,4,1,5
Neto,MID,Chelsea,Brentford,0,5,156,41,4,2,False,2026-09-18T19:00:00Z,3,0,5,86,0,0,0,2,0,0,0,0,0,0,0,13,0.0,0.0,0.0,0.0,1,0.16,0.05,0.21,2.22,65,-6221,151580,15985,22206,3,3,0,6
Estêvão,MID,Chelsea,Brentford,0,5,157,41,4,1,False,2026-09-18T19:00:00Z,3,0,5,3,0,0,0,1,0,0,0,0,0,0,0,3,0.0,0.0,0.0,0.0,0,0.00,0.00,0.00,0.43,63,-7152,74742,2997,10149,0,0,0,0
Gittens,MID,Chelsea,Brentford,0,5,158,41,4,0,False,2026-09-18T19:00:00Z,3,0,5,0,0,0,0,0,0,0,0,0,0,0,0,0,0.0,0.0,0.0,0.0,0,0.00,0.00,0.00,0.00,59,-209,2922,198,407,0,0,0,0
Caicedo,MID,Chelsea,Brentford,0,5,159,41,4,0,False,2026-09-18T19:00:00Z,3,0,5,0,0,0,0,0,0,0,0,0,0,0,0,0,0.0,0.0,0.0,0.0,0,0.00,0.00,0.00,0.00,53,-31135,120861,584,31719,0,0,0,0
Garnacho,MID,Aston Villa,Spurs,0,5,160,48,19,0,False,2026-09-19T11:30:00Z,2,3,5,0,0,0,0,0,0,0,0,0,0,0,0,0,0.0,0.0,0.0,0.0,0,0.00,0.00,0.00,0.00,58,-6202,35129,839,7041,0,0,0,0
Lavia,MID,Chelsea,Brentford,0,5,161,41,4,0,False,2026-09-18T19:00:00Z,3,0,5,0,0,0,0,0,0,0,0,0,0,0,0,0,0.0,0.0,0.0,0.0,0,0.00,0.00,0.00,0.00,50,-1482,24300,2931,4413,0,0,0,0
Andrey Santos,MID,Man Utd,Fulham,0,5,162,50,10,0,False,2026-09-20T15:30:00Z,1,1,5,0,0,0,0,0,0,0,0,0,0,0,0,0,0.0,0.0,0.0,0.0,0,0.00,0.00,0.00,0.00,48,-9593,64624,2868,12461,0,0,0,0
D.Essugo,MID,Chelsea,Brentford,0,5,163,41,4,0,False,2026-09-18T19:00:00Z,3,0,5,0,0,0,0,0,0,0,0,0,0,0,0,0,0.0,0.0,0.0,0.0,0,0.00,0.00,0.00,0.00,45,-2058,10348,0,2058,0,0,0,0
Quenda,MID,Chelsea,Brentford,0,5,164,41,4,1,False,2026-09-18T19:00:00Z,3,0,5,19,0,0,0,2,0,0,0,0,0,0,0,3,0.0,0.0,0.0,0.0,0,0.03,0.01,0.04,1.20,53,-378,3422,155,533,0,0,0,0
João Pedro,FWD,Chelsea,Brentford,0,5,165,41,4,0,False,2026-09-18T19:00:00Z,3,0,5,0,0,0,0,0,0,0,0,0,0,0,0,0,0.0,0.0,0.0,0.0,0,0.00,0.00,0.00,0.00,78,-487412,7300631,261391,748803,0,0,0,0
N.Jackson,FWD,Aston Villa,Spurs,0,5,166,48,19,6,False,2026-09-19T11:30:00Z,2,3,5,87,1,0,0,1,0,0,0,1,0,0,1,31,0.0,0.0,0.0,0.0,1,0.44,0.02,0.46,1.13,65,-17305,125508,18834,36139,0,3,1,4
Delap,FWD,Nott'm Forest,Coventry City,0,5,167,47,7,1,True,2026-09-19T16:30:00Z,0,1,5,90,0,0,0,1,0,0,0,1,0,0,0,9,0.0,0.0,0.0,0.0,1,0.13,0.21,0.34,0.67,55,200788,344489,222393,21605,1,5,2,8
Marc Guiu,FWD,Chelsea,Brentford,0,5,168,41,4,0,False,2026-09-18T19:00:00Z,3,0,5,0,0,0,0,0,0,0,0,0,0,0,0,0,0.0,0.0,0.0,0.0,0,0.00,0.00,0.00,0.00,50,-4081,21634,0,4081,0,0,0,0
Mheuka,FWD,Chelsea,Brentford,0,5,169,41,4,0,False,2026-09-18T19:00:00Z,3,0,5,0,0,0,0,0,0,0,0,0,0,0,0,0,0.0,0.0,0.0,0.0,0,0.00,0.00,0.00,0.00,45,3579,54118,9469,5890,0,0,0,0
Emegha,FWD,Chelsea,Brentford,0,5,170,41,4,0,False,2026-09-18T19:00:00Z,3,0,5,0,0,0,0,0,0,0,0,0,0,0,0,0,0.0,0.0,0.0,0.0,0,0.00,0.00,0.00,0.00,50,-2659,12321,122,2781,0,0,0,0
Dovin,GK,Coventry City,Nott'm Forest,0,5,171,47,18,0,False,2026-09-19T16:30:00Z,0,1,5,0,0,0,0,0,0,0,0,0,0,0,0,0,0.0,0.0,0.0,0.0,0,0.00,0.00,0.00,0.00,40,-10379,112931,0,10379,0,0,0,0
Wilson,GK,Coventry City,Nott'm Forest,0,5,172,47,18,0,False,2026-09-19T16:30:00Z,0,1,5,0,0,0,0,0,0,0,0,0,0,0,0,0,0.0,0.0,0.0,0.0,0,0.00,0.00,0.00,0.00,44,-1300,39278,436,1736,0,0,0,0
Thomas,DEF,Coventry City,Nott'm Forest,0,5,173,47,18,9,False,2026-09-19T16:30:00Z,0,1,5,90,0,0,1,0,0,0,0,0,0,0,1,37,0.0,0.0,0.0,0.0,1,0.06,0.04,0.10,1.10,40,-45227,932075,30974,76201,1,3,12,13
Kitching,DEF,Coventry City,Nott'm Forest,0,5,174,47,18,0,False,2026-09-19T16:30:00Z,0,1,5,0,0,0,0,0,0,0,0,0,0,0,0,0,0.0,0.0,0.0,0.0,0,0.00,0.00,0.00,0.00,40,-5337,38582,0,5337,0,0,0,0
van Ewijk,DEF,Coventry City,Nott'm Forest,0,5,175,47,18,0,False,2026-09-19T16:30:00Z,0,1,5,0,0,0,0,0,0,0,0,0,0,0,0,0,0.0,0.0,0.0,0.0,0,0.00,0.00,0.00,0.00,40,-100781,1016866,13159,113940,0,0,0,0
Dasilva,DEF,Coventry City,Nott'm Forest,0,5,176,47,18,15,False,2026-09-19T16:30:00Z,0,1,5,90,1,0,1,0,0,0,0,0,0,0,3,40,0.0,0.0,0.0,0.0,1,0.32,0.04,0.36,1.10,40,-4010,73323,903,4913,0,4,4,4
Kesler-Hayden,DEF,Coventry City,Nott'm Forest,0,5,177,47,18,0,False,2026-09-19T16:30:00Z,0,1,5,0,0,0,0,0,0,0,0,0,0,0,0,0,0.0,0.0,0.0,0.0,0,0.00,0.00,0.00,0.00,40,-317,3839,186,503,0,0,0,0
Bidwell,DEF,Coventry City,Nott'm Forest,0,5,178,47,18,0,False,2026-09-19T16:30:00Z,0,1,5,0,0,0,0,0,0,0,0,0,0,0,0,0,0.0,0.0,0.0,0.0,0,0.00,0.00,0.00,0.00,40,-211,8565,493,704,0,0,0,0
Latibeaudiere,DEF,Coventry City,Nott'm Forest,0,5,179,47,18,1,False,2026-09-19T16:30:00Z,0,1,5,1,0,0,0,0,0,0,0,0,0,0,0,3,0.0,0.0,0.0,0.0,0,0.00,0.00,0.00,0.02,40,-170,3922,155,325,0,0,2,2
Woolfenden,DEF,Coventry City,Nott'm Forest,0,5,180,47,18,0,False,2026-09-19T16:30:00Z,0,1,5,0,0,0,0,0,0,0,0,0,0,0,0,0,0.0,0.0,0.0,0.0,0,0.00,0.00,0.00,0.00,40,-1023,12244,255,1278,0,0,0,0
Brau,DEF,Coventry City,Nott'm Forest,0,5,181,47,18,0,False,2026-09-19T16:30:00Z,0,1,5,0,0,0,0,0,0,0,0,0,0,0,0,0,0.0,0.0,0.0,0.0,0,0.00,0.00,0.00,0.00,40,-280,2378,0,280,0,0,0,0
Amenda,DEF,Coventry City,Nott'm Forest,0,5,182,47,18,0,False,2026-09-19T16:30:00Z,0,1,5,0,0,0,0,0,0,0,0,0,0,0,0,0,0.0,0.0,0.0,0.0,0,0.00,0.00,0.00,0.00,40,-7286,71956,1397,8683,0,0,0,0
Rudoni,MID,Coventry City,Nott'm Forest,0,5,183,47,18,5,False,2026-09-19T16:30:00Z,0,1,5,73,0,0,1,0,0,0,0,0,0,0,0,16,0.0,0.0,0.0,0.0,1,0.09,0.20,0.29,0.85,49,-1195,10665,549,1744,1,8,4,13
Grimes,MID,Coventry City,Nott'm Forest,0,5,184,47,18,3,False,2026-09-19T16:30:00Z,0,1,5,90,0,0,1,0,0,0,0,0,0,0,0,17,0.0,0.0,0.0,0.0,1,0.02,0.06,0.08,1.10,49,-1624,13370,594,2218,3,3,4,10
Sakamoto,MID,Coventry City,Nott'm Forest,0,5,185,47,18,0,False,2026-09-19T16:30:00Z,0,1,5,0,0,0,0,0,0,0,0,0,0,0,0,0,0.0,0.0,0.0,0.0,0,0.00,0.00,0.00,0.00,48,-850,6925,142,992,0,0,0,0
Mason-Clark,MID,Coventry City,Nott'm Forest,0,5,186,47,18,1,False,2026-09-19T16:30:00Z,0,1,5,45,0,0,0,0,0,0,0,0,0,0,0,6,0.0,0.0,0.0,0.0,1,0.02,0.05,0.07,0.60,54,-836,8948,100,936,0,2,0,2
Eccles,MID,Coventry City,Nott'm Forest,0,5,187,47,18,0,False,2026-09-19T16:30:00Z,0,1,5,0,0,0,0,0,0,0,0,0,0,0,0,0,0.0,0.0,0.0,0.0,0,0.00,0.00,0.00,0.00,49,-314,1002,17,331,0,0,0,0
Torp,MID,Coventry City,Nott'm Forest,0,5,188,47,18,0,False,2026-09-19T16:30:00Z,0,1,5,0,0,0,0,0,0,0,0,0,0,0,0,0,0.0,0.0,0.0,0.0,0,0.00,0.00,0.00,0.00,54,-1090,10920,52,1142,0,0,0,0
Shepherd,MID,Coventry City,Nott'm Forest,0,5,189,47,18,0,False,2026-09-19T16:30:00Z,0,1,5,0,0,0,0,0,0,0,0,0,0,0,0,0,0.0,0.0,0.0,0.0,0,0.00,0.00,0.00,0.00,44,-251,30329,2708,2959,0,0,0,0
Tchaouna,MID,Coventry City,Nott'm Forest,0,5,190,47,18,1,False,2026-09-19T16:30:00Z,0,1,5,45,0,0,0,0,0,0,0,0,0,0,0,5,0.0,0.0,0.0,0.0,0,0.04,0.00,0.04,0.50,54,-1058,10419,39,1097,0,2,1,3
Borges Rodrigues,MID,Coventry City,Nott'm Forest,0,5,191,47,18,0,False,2026-09-19T16:30:00Z,0,1,5,0,0,0,0,0,0,0,0,0,0,0,0,0,0.0,0.0,0.0,0.0,0,0.00,0.00,0.00,0.00,45,-1935,9331,0,1935,0,0,0,0
Andrews,MID,Coventry City,Nott'm Forest,0,5,192,47,18,0,False,2026-09-19T16:30:00Z,0,1,5,0,0,0,0,0,0,0,0,0,0,0,0,0,0.0,0.0,0.0,0.0,0,0.00,0.00,0.00,0.00,45,-5803,31304,0,5803,0,0,0,0
Wright,FWD,Coventry City,Nott'm Forest,0,5,193,47,18,0,False,2026-09-19T16:30:00Z,0,1,5,0,0,0,0,0,0,0,0,0,0,0,0,0,0.0,0.0,0.0,0.0,0,0.00,0.00,0.00,0.00,54,-1150,7895,97,1247,0,0,0,0
Thomas-Asante,FWD,Coventry City,Nott'm Forest,0,5,194,47,18,4,False,2026-09-19T16:30:00Z,0,1,5,90,0,0,1,0,0,0,0,0,0,0,0,16,0.0,0.0,0.0,0.0,1,0.13,0.01,0.13,1.10,50,-4476,81447,8488,12964,3,7,6,16
Simms,FWD,Coventry City,Nott'm Forest,0,5,195,47,18,1,False,2026-09-19T16:30:00Z,0,1,5,16,0,0,0,0,0,0,0,0,0,0,0,3,0.0,0.0,0.0,0.0,0,0.00,0.00,0.00,0.24,50,-10520,72122,2905,13425,0,0,0,0
Markelo,FWD,Coventry City,Nott'm Forest,0,5,196,47,18,0,False,2026-09-19T16:30:00Z,0,1,5,0,0,0,0,0,0,0,0,0,0,0,0,0,0.0,0.0,0.0,0.0,0,0.00,0.00,0.00,0.00,50,-105,704,0,105,0,0,0,0
Bassette,FWD,Coventry City,Nott'm Forest,0,5,197,47,18,0,False,2026-09-19T16:30:00Z,0,1,5,0,0,0,0,0,0,0,0,0,0,0,0,0,0.0,0.0,0.0,0.0,0,0.00,0.00,0.00,0.00,45,-273,2648,0,273,0,0,0,0
Henderson,GK,Crystal Palace,Leeds,0,5,198,44,13,0,False,2026-09-20T13:00:00Z,0,0,5,0,0,0,0,0,0,0,0,0,0,0,0,0,0.0,0.0,0.0,0.0,0,0.00,0.00,0.00,0.00,50,-59712,148996,210,59922,0,0,0,0
Benitez,GK,Crystal Palace,Leeds,0,5,199,44,13,6,False,2026-09-20T13:00:00Z,0,0,5,90,0,0,1,0,0,0,0,0,0,2,0,26,0.0,0.0,0.0,0.0,1,0.00,0.00,0.00,1.31,45,618,12323,1413,795,0,4,1,0
Lacroix,DEF,Chelsea,Brentford,0,5,200,41,4,3,False,2026-09-18T19:00:00Z,3,0,5,90,0,0,0,3,0,0,0,0,0,0,0,-1,0.0,0.0,0.0,0.0,1,0.13,0.01,0.14,2.65,60,-111183,749577,9497,120680,1,3,11,12
Muñoz,DEF,Nott'm Forest,Coventry City,0,5,201,47,7,2,True,2026-09-19T16:30:00Z,0,1,5,82,0,0,0,1,0,0,0,0,0,0,0,5,0.0,0.0,0.0,0.0,1,0.12,0.02,0.14,0.67,54,48095,706118,100431,52336,1,3,2,3
Richards,DEF,Crystal Palace,Leeds,0,5,202,44,13,8,False,2026-09-20T13:00:00Z,0,0,5,90,0,0,1,0,0,0,0,0,0,0,0,29,0.0,0.0,0.0,0.0,1,0.00,0.01,0.01,1.31,50,-7644,63648,1854,9498,2,3,8,10
Canvot,DEF,Crystal Palace,Leeds,0,5,203,44,13,8,False,2026-09-20T13:00:00Z,0,0,5,90,0,0,1,0,0,0,0,0,0,0,0,26,0.0,0.0,0.0,0.0,1,0.00,0.12,0.12,1.31,49,-4457,20646,259,4716,1,5,9,10
Mitchell,DEF,Crystal Palace,Leeds,0,5,204,44,13,7,False,2026-09-20T13:00:00Z,0,0,5,90,0,0,1,0,0,0,0,0,0,0,1,30,0.0,0.0,0.0,0.0,1,0.00,0.02,0.02,1.31,45,-51939,647215,21781,73720,5,8,3,8
Sosa,DEF,Crystal Palace,Leeds,0,5,205,44,13,0,False,2026-09-20T13:00:00Z,0,0,5,0,0,0,0,0,0,0,0,0,0,0,0,0,0.0,0.0,0.0,0.0,0,0.00,0.00,0.00,0.00,45,-274,1673,0,274,0,0,0,0
Chadi Riad,DEF,Crystal Palace,Leeds,0,5,206,44,13,0,False,2026-09-20T13:00:00Z,0,0,5,0,0,0,0,0,0,0,0,0,0,0,0,0,0.0,0.0,0.0,0.0,0,0.00,0.00,0.00,0.00,44,-330,2215,53,383,0,0,0,0
Mingueza,DEF,Crystal Palace,Leeds,0,5,207,44,13,0,False,2026-09-20T13:00:00Z,0,0,5,0,0,0,0,0,0,0,0,0,0,0,0,0,0.0,0.0,0.0,0.0,0,0.00,0.00,0.00,0.00,44,-708,6288,250,958,0,0,0,0
Sarr,MID,Crystal Palace,Leeds,0,5,208,44,13,1,False,2026-09-20T13:00:00Z,0,0,5,8,0,0,0,0,0,0,0,0,0,0,0,3,0.0,0.0,0.0,0.0,0,0.00,0.01,0.01,0.06,62,-10945,67923,1443,12388,0,0,0,0
Johnson,MID,Everton,Ipswich Town,0,5,209,43,12,3,True,2026-09-19T14:00:00Z,1,0,5,65,0,0,1,0,0,0,0,0,0,0,0,6,0.0,0.0,0.0,0.0,1,0.82,0.00,0.82,1.06,59,847,13882,2308,1461,3,4,1,8
Wharton,MID,Crystal Palace,Leeds,0,5,210,44,13,2,False,2026-09-20T13:00:00Z,0,0,5,90,0,0,1,0,0,0,0,1,0,0,0,13,0.0,0.0,0.0,0.0,1,0.07,0.22,0.29,1.31,55,-9048,82270,2827,11875,2,1,4,7
Yeremy,MID,Crystal Palace,Leeds,0,5,211,44,13,2,False,2026-09-20T13:00:00Z,0,0,5,81,0,0,1,0,0,0,0,1,0,0,0,10,0.0,0.0,0.0,0.0,1,0.16,0.15,0.31,1.26,55,-12233,38017,1928,14161,0,3,2,5
Hughes,MID,Crystal Palace,Leeds,0,5,212,44,13,0,False,2026-09-20T13:00:00Z,0,0,5,0,0,0,0,0,0,0,0,0,0,0,0,0,0.0,0.0,0.0,0.0,0,0.00,0.00,0.00,0.00,44,-71924,838201,29011,100935,0,0,0,0
Lerma,MID,Crystal Palace,Leeds,0,5,213,44,13,0,False,2026-09-20T13:00:00Z,0,0,5,45,0,0,0,0,0,0,0,1,0,0,0,3,0.0,0.0,0.0,0.0,0,0.26,0.00,0.26,0.77,49,-677,7985,179,856,2,3,6,11
Kamada,MID,Crystal Palace,Leeds,0,5,214,44,13,3,False,2026-09-20T13:00:00Z,0,0,5,90,0,0,1,0,0,0,0,0,0,0,0,12,0.0,0.0,0.0,0.0,1,0.42,0.03,0.45,1.31,50,14554,59125,22401,7847,1,9,0,10
Devenny,MID,Crystal Palace,Leeds,0,5,215,44,13,0,False,2026-09-20T13:00:00Z,0,0,5,0,0,0,0,0,0,0,0,0,0,0,0,0,0.0,0.0,0.0,0.0,0,0.00,0.00,0.00,0.00,50,-124,537,0,124,0,0,0,0
Esse,MID,Crystal Palace,Leeds,0,5,216,44,13,0,False,2026-09-20T13:00:00Z,0,0,5,0,0,0,0,0,0,0,0,0,0,0,0,0,0.0,0.0,0.0,0.0,0,0.00,0.00,0.00,0.00,50,-405,1807,0,405,0,0,0,0
M.França,MID,Crystal Palace,Leeds,0,5,217,44,13,0,False,2026-09-20T13:00:00Z,0,0,5,0,0,0,0,0,0,0,0,0,0,0,0,0,0.0,0.0,0.0,0.0,0,0.00,0.00,0.00,0.00,49,-675,1249,0,675,0,0,0,0
Doucouré,MID,Crystal Palace,Leeds,0,5,218,44,13,0,False,2026-09-20T13:00:00Z,0,0,5,0,0,0,0,0,0,0,0,0,0,0,0,0,0.0,0.0,0.0,0.0,0,0.00,0.00,0.00,0.00,49,-576,5232,272,848,0,0,0,0
J.Rak-Sakyi,MID,Crystal Palace,Leeds,0,5,219,44,13,0,False,2026-09-20T13:00:00Z,0,0,5,0,0,0,0,0,0,0,0,0,0,0,0,0,0.0,0.0,0.0,0.0,0,0.00,0.00,0.00,0.00,49,-101,390,0,101,0,0,0,0
Cardines,DEF,Crystal Palace,Leeds,0,5,220,44,13,0,False,2026-09-20T13:00:00Z,0,0,5,0,0,0,0,0,0,0,0,0,0,0,0,0,0.0,0.0,0.0,0.0,0,0.00,0.00,0.00,0.00,45,-8,132,0,8,0,0,0,0
Drakes-Thomas,MID,Crystal Palace,Leeds,0,5,221,44,13,0,False,2026-09-20T13:00:00Z,0,0,5,0,0,0,0,0,0,0,0,0,0,0,0,0,0.0,0.0,0.0,0.0,0,0.00,0.00,0.00,0.00,45,-630,7788,360,990,0,0,0,0
Strand Larsen,FWD,Crystal Palace,Leeds,0,5,222,44,13,2,False,2026-09-20T13:00:00Z,0,0,5,81,0,0,1,0,0,0,0,0,0,0,0,10,0.0,0.0,0.0,0.0,1,0.04,0.17,0.21,1.26,60,4053,69381,15191,11138,0,0,3,3
Mateta,FWD,Crystal Palace,Leeds,0,5,223,44,13,0,False,2026-09-20T13:00:00Z,0,0,5,0,0,0,0,0,0,0,0,0,0,0,0,0,0.0,0.0,0.0,0.0,0,0.00,0.00,0.00,0.00,63,-29302,148086,232,29534,0,0,0,0
Nketiah,FWD,Crystal Palace,Leeds,0,5,224,44,13,1,False,2026-09-20T13:00:00Z,0,0,5,8,0,0,0,0,0,0,0,0,0,0,0,2,0.0,0.0,0.0,0.0,0,0.00,0.02,0.02,0.06,55,-21953,55856,1026,22979,0,1,0,1
Uche,FWD,Crystal Palace,Leeds,0,5,225,44,13,0,False,2026-09-20T13:00:00Z,0,0,5,0,0,0,0,0,0,0,0,0,0,0,0,0,0.0,0.0,0.0,0.0,0,0.00,0.00,0.00,0.00,50,0,0,0,0,0,0,0,0
Pickford,GK,Everton,Ipswich Town,0,5,226,43,12,8,True,2026-09-19T14:00:00Z,1,0,5,90,0,0,1,0,0,0,0,0,0,4,1,34,0.0,0.0,0.0,0.0,1,0.00,0.00,0.00,1.44,55,36703,1016911,77729,41026,0,7,1,0
Travers,GK,Everton,Ipswich Town,0,5,227,43,12,0,True,2026-09-19T14:00:00Z,1,0,5,0,0,0,0,0,0,0,0,0,0,0,0,0,0.0,0.0,0.0,0.0,0,0.00,0.00,0.00,0.00,50,114,4152,576,462,0,0,0,0
King,GK,Everton,Ipswich Town,0,5,228,43,12,0,True,2026-09-19T14:00:00Z,1,0,5,0,0,0,0,0,0,0,0,0,0,0,0,0,0.0,0.0,0.0,0.0,0,0.00,0.00,0.00,0.00,45,-53,4710,243,296,0,0,0,0
Tarkowski,DEF,Everton,Ipswich Town,0,5,229,43,12,14,True,2026-09-19T14:00:00Z,1,0,5,90,0,1,1,0,0,0,0,0,0,0,3,43,0.0,0.0,0.0,0.0,1,0.01,0.01,0.02,1.44,61,243664,1610335,292865,49201,1,5,11,12
Branthwaite,DEF,Everton,Ipswich Town,0,5,230,43,12,8,True,2026-09-19T14:00:00Z,1,0,5,90,0,0,1,0,0,0,0,0,0,0,0,27,0.0,0.0,0.0,0.0,1,0.00,0.00,0.00,1.44,55,36903,255437,50096,13193,0,3,14,14
Keane,DEF,Everton,Ipswich Town,0,5,231,43,12,0,True,2026-09-19T14:00:00Z,1,0,5,0,0,0,0,0,0,0,0,0,0,0,0,0,0.0,0.0,0.0,0.0,0,0.00,0.00,0.00,0.00,48,-10126,83228,2083,12209,0,0,0,0
O'Brien,DEF,Everton,Ipswich Town,0,5,232,43,12,1,True,2026-09-19T14:00:00Z,1,0,5,1,0,0,0,0,0,0,0,0,0,0,0,3,0.0,0.0,0.0,0.0,0,0.00,0.00,0.00,0.16,49,-1516,31104,1257,2773,0,1,1,1
Mykolenko,DEF,Everton,Ipswich Town,0,5,233,43,12,5,True,2026-09-19T14:00:00Z,1,0,5,90,0,0,1,0,0,0,0,1,0,0,0,29,0.0,0.0,0.0,0.0,1,0.04,0.02,0.06,1.44,45,214484,463207,238606,24122,3,11,3,6
Patterson,DEF,Everton,Ipswich Town,0,5,234,43,12,0,True,2026-09-19T14:00:00Z,1,0,5,0,0,0,0,0,0,0,0,0,0,0,0,0,0.0,0.0,0.0,0.0,0,0.00,0.00,0.00,0.00,45,-321,1666,0,321,0,0,0,0
Aznou,DEF,Everton,Ipswich Town,0,5,235,43,12,0,True,2026-09-19T14:00:00Z,1,0,5,0,0,0,0,0,0,0,0,0,0,0,0,0,0.0,0.0,0.0,0.0,0,0.00,0.00,0.00,0.00,40,-1647,10301,0,1647,0,0,0,0
Dewsbury-Hall,MID,Everton,Ipswich Town,0,5,236,43,12,3,True,2026-09-19T14:00:00Z,1,0,5,90,0,0,1,0,0,0,0,0,0,0,0,10,0.0,0.0,0.0,0.0,1,0.37,0.34,0.71,1.28,65,156556,731679,216116,59560,2,5,0,7
Ndiaye,MID,Man City,Sunderland,0,5,237,45,20,5,True,2026-09-20T13:00:00Z,5,3,5,74,0,1,0,3,0,0,0,0,0,0,0,31,0.0,0.0,0.0,0.0,1,0.10,0.14,0.24,3.15,59,-147652,784775,43488,191140,0,3,1,4
Grealish,MID,Everton,Ipswich Town,0,5,238,43,12,3,True,2026-09-19T14:00:00Z,1,0,5,78,0,0,1,0,0,0,0,0,0,0,0,22,0.0,0.0,0.0,0.0,1,0.00,0.30,0.30,1.06,65,4275,48806,10313,6038,0,7,0,7
Garner,MID,Everton,Ipswich Town,0,5,239,43,12,3,True,2026-09-19T14:00:00Z,1,0,5,90,0,0,1,0,0,0,0,0,0,0,0,14,0.0,0.0,0.0,0.0,1,0.16,0.04,0.20,1.44,60,9028,25087,12252,3224,0,5,4,9
Iroegbunam,MID,Hull City,Newcastle,0,5,240,46,17,1,False,2026-09-19T14:00:00Z,2,1,5,45,0,0,0,0,0,0,0,0,0,0,0,6,0.0,0.0,0.0,0.0,0,0.12,0.01,0.13,0.25,50,101,1818,374,273,2,5,0,7
McNeil,MID,Crystal Palace,Leeds,0,5,241,44,13,0,False,2026-09-20T13:00:00Z,0,0,5,0,0,0,0,0,0,0,0,0,0,0,0,0,0.0,0.0,0.0,0.0,0,0.00,0.00,0.00,0.00,54,-1374,12442,185,1559,0,0,0,0
George,MID,Everton,Ipswich Town,0,5,242,43,12,1,True,2026-09-19T14:00:00Z,1,0,5,11,0,0,0,0,0,0,0,0,0,0,0,4,0.0,0.0,0.0,0.0,0,0.03,0.01,0.04,0.38,55,39603,111866,50560,10957,0,2,0,2
Alcaraz,MID,Everton,Ipswich Town,0,5,243,43,12,0,True,2026-09-19T14:00:00Z,1,0,5,0,0,0,0,0,0,0,0,0,0,0,0,0,0.0,0.0,0.0,0.0,0,0.00,0.00,0.00,0.00,49,-492,7950,539,1031,0,0,0,0
Armstrong,MID,Everton,Ipswich Town,0,5,244,43,12,2,True,2026-09-19T14:00:00Z,1,0,5,90,0,0,1,0,0,0,0,1,0,0,0,13,0.0,0.0,0.0,0.0,1,0.12,0.37,0.49,1.44,50,-2908,43182,5950,8858,2,2,1,5
Dibling,MID,Everton,Ipswich Town,0,5,245,43,12,1,True,2026-09-19T14:00:00Z,1,0,5,24,0,0,0,0,0,0,0,0,0,0,0,10,0.0,0.0,0.0,0.0,0,0.17,0.16,0.33,0.38,54,-87,3032,288,375,0,0,0,0
Röhl,MID,Everton,Ipswich Town,0,5,246,43,12,0,True,2026-09-19T14:00:00Z,1,0,5,0,0,0,0,0,0,0,0,0,0,0,0,0,0.0,0.0,0.0,0.0,0,0.00,0.00,0.00,0.00,49,-971,4100,285,1256,0,0,0,0
Hackney,MID,Everton,Ipswich Town,0,5,247,43,12,1,True,2026-09-19T14:00:00Z,1,0,5,1,0,0,0,0,0,0,0,0,0,0,0,3,0.0,0.0,0.0,0.0,0,0.00,0.00,0.00,0.16,55,-1236,20687,726,1962,0,0,0,0
Beto,FWD,Everton,Ipswich Town,0,5,248,43,12,0,True,2026-09-19T14:00:00Z,1,0,5,0,0,0,0,0,0,0,0,0,0,0,0,0,0.0,0.0,0.0,0.0,0,0.00,0.00,0.00,0.00,54,-25316,72058,0,25316,0,0,0,0
Barry,FWD,Everton,Ipswich Town,0,5,249,43,12,6,True,2026-09-19T14:00:00Z,1,0,5,90,1,0,1,0,0,0,0,0,0,0,0,28,0.0,0.0,0.0,0.0,1,0.52,0.01,0.53,1.44,56,177881,908127,262211,84330,0,3,2,5
Leno,GK,Fulham,Man Utd,0,5,250,50,16,3,True,2026-09-20T15:30:00Z,1,1,5,90,0,0,0,1,0,0,0,0,0,5,0,18,0.0,0.0,0.0,0.0,1,0.00,0.00,0.00,1.60,45,19961,335875,37373,17412,0,8,2,0
Lecomte,GK,Fulham,Man Utd,0,5,251,50,16,0,True,2026-09-20T15:30:00Z,1,1,5,0,0,0,0,0,0,0,0,0,0,0,0,0,0.0,0.0,0.0,0.0,0,0.00,0.00,0.00,0.00,40,-651,123460,3635,4286,0,0,0,0
McNally,GK,Fulham,Man Utd,0,5,252,50,16,0,True,2026-09-20T15:30:00Z,1,1,5,0,0,0,0,0,0,0,0,0,0,0,0,0,0.0,0.0,0.0,0.0,0,0.00,0.00,0.00,0.00,40,-908,12542,0,908,0,0,0,0
Andersen,DEF,Fulham,Man Utd,0,5,253,50,16,1,True,2026-09-20T15:30:00Z,1,1,5,10,0,0,0,1,0,0,0,0,0,0,0,0,0.0,0.0,0.0,0.0,0,0.00,0.00,0.00,0.36,50,-246,14092,1831,2077,0,0,5,5
Robinson,DEF,Fulham,Man Utd,0,5,254,50,16,2,True,2026-09-20T15:30:00Z,1,1,5,90,0,0,0,1,0,0,0,0,0,0,0,19,0.0,0.0,0.0,0.0,1,0.00,0.09,0.09,1.60,45,290,147666,11569,11279,3,4,4,7
J.Cuenca,DEF,Fulham,Man Utd,0,5,255,50,16,0,True,2026-09-20T15:30:00Z,1,1,5,0,0,0,0,0,0,0,0,0,0,0,0,0,0.0,0.0,0.0,0.0,0,0.00,0.00,0.00,0.00,45,-243,2849,89,332,0,0,0,0
Tete,DEF,Fulham,Man Utd,0,5,256,50,16,0,True,2026-09-20T15:30:00Z,1,1,5,0,0,0,0,0,0,0,0,0,0,0,0,0,0.0,0.0,0.0,0.0,0,0.00,0.00,0.00,0.00,44,-1747,20252,326,2073,0,0,0,0
Bassey,DEF,Fulham,Man Utd,0,5,257,50,16,6,True,2026-09-20T15:30:00Z,1,1,5,90,0,1,0,1,0,0,0,0,0,0,1,26,0.0,0.0,0.0,0.0,1,0.06,0.01,0.07,1.60,45,-255,72972,3658,3913,2,7,6,8
Castagne,DEF,Fulham,Man Utd,0,5,258,50,16,1,True,2026-09-20T15:30:00Z,1,1,5,90,0,0,0,1,0,0,0,1,0,0,0,3,0.0,0.0,0.0,0.0,1,0.00,0.01,0.01,1.60,45,6515,92417,14129,7614,0,4,9,9
Diop,DEF,Ipswich Town,Everton,0,5,259,43,9,4,False,2026-09-19T14:00:00Z,1,0,5,90,0,0,0,1,0,0,0,0,0,0,0,13,0.0,0.0,0.0,0.0,1,0.06,0.01,0.07,2.24,40,-93272,1423347,19674,112946,0,4,10,10
Wilson,MID,Leeds,Crystal Palace,0,5,260,44,8,0,True,2026-09-20T13:00:00Z,0,0,5,0,0,0,0,0,0,0,0,0,0,0,0,0,0.0,0.0,0.0,0.0,0,0.00,0.00,0.00,0.00,62,-75090,220557,3457,78547,0,0,0,0
Iwobi,MID,Fulham,Man Utd,0,5,261,50,16,5,True,2026-09-20T15:30:00Z,1,1,5,70,0,0,1,0,0,0,0,0,0,0,2,27,0.0,0.0,0.0,0.0,1,0.19,0.41,0.60,1.12,54,-6504,70405,3075,9579,1,5,1,7
Smith Rowe,MID,Fulham,Man Utd,0,5,262,50,16,0,True,2026-09-20T15:30:00Z,1,1,5,0,0,0,0,0,0,0,0,0,0,0,0,0,0.0,0.0,0.0,0.0,0,0.00,0.00,0.00,0.00,54,-2909,26201,582,3491,0,0,0,0
Kevin,MID,Fulham,Man Utd,0,5,263,50,16,1,True,2026-09-20T15:30:00Z,1,1,5,19,0,0,0,1,0,0,0,0,0,0,0,6,0.0,0.0,0.0,0.0,0,0.04,0.00,0.04,0.49,53,-75,4353,596,671,0,1,1,2
Bobb,MID,Fulham,Man Utd,0,5,264,50,16,3,True,2026-09-20T15:30:00Z,1,1,5,70,0,0,1,0,0,0,0,0,0,0,0,6,0.0,0.0,0.0,0.0,1,0.22,0.09,0.31,1.12,55,-1134,30671,2742,3876,2,3,1,6
Berge,MID,Fulham,Man Utd,0,5,265,50,16,3,True,2026-09-20T15:30:00Z,1,1,5,76,0,0,1,0,0,0,0,0,0,0,0,16,0.0,0.0,0.0,0.0,1,0.05,0.02,0.07,1.18,49,-1553,31167,1643,3196,0,0,2,2
Cairney,MID,Fulham,Man Utd,0,5,266,50,16,0,True,2026-09-20T15:30:00Z,1,1,5,0,0,0,0,0,0,0,0,0,0,0,0,0,0.0,0.0,0.0,0.0,0,0.00,0.00,0.00,0.00,49,-46,305,15,61,0,0,0,0
Lukić,MID,Ipswich Town,Everton,0,5,267,43,9,2,False,2026-09-19T14:00:00Z,1,0,5,72,0,0,0,1,0,0,0,0,0,0,0,14,0.0,0.0,0.0,0.0,1,0.00,0.25,0.25,1.76,50,-916,10737,469,1385,1,3,2,6
King,MID,Fulham,Man Utd,0,5,268,50,16,2,True,2026-09-20T15:30:00Z,1,1,5,79,0,0,1,0,0,0,0,1,0,0,0,10,0.0,0.0,0.0,0.0,1,0.38,0.03,0.41,1.25,55,78271,214660,104721,26450,0,4,1,5
Sessegnon,DEF,Fulham,Man Utd,0,5,269,50,16,0,True,2026-09-20T15:30:00Z,1,1,5,0,0,0,0,0,0,0,0,0,0,0,0,0,0.0,0.0,0.0,0.0,0,0.00,0.00,0.00,0.00,44,-5062,29229,228,5290,0,0,0,0
Reed,MID,Fulham,Man Utd,0,5,270,50,16,0,True,2026-09-20T15:30:00Z,1,1,5,0,0,0,0,0,0,0,0,0,0,0,0,0,0.0,0.0,0.0,0.0,0,0.00,0.00,0.00,0.00,44,-430,130240,16215,16645,0,0,0,0
Muniz,FWD,Fulham,Man Utd,0,5,271,50,16,0,True,2026-09-20T15:30:00Z,1,1,5,10,0,0,0,1,0,0,0,1,0,0,0,-1,0.0,0.0,0.0,0.0,0,0.00,0.00,0.00,0.36,54,-2843,44522,3484,6327,0,0,1,1
Kusi-Asare,FWD,Fulham,Man Utd,0,5,272,50,16,0,True,2026-09-20T15:30:00Z,1,1,5,0,0,0,0,0,0,0,0,0,0,0,0,0,0.0,0.0,0.0,0.0,0,0.00,0.00,0.00,0.00,45,-40658,610960,30186,70844,0,0,0,0
Phillips,GK,Hull City,Newcastle,0,5,273,46,17,0,False,2026-09-19T14:00:00Z,2,1,5,0,0,0,0,0,0,0,0,0,0,0,0,0,0.0,0.0,0.0,0.0,0,0.00,0.00,0.00,0.00,40,-1640,154014,5096,6736,0,0,0,0
Butland,GK,Hull City,Newcastle,0,5,274,46,17,0,False,2026-09-19T14:00:00Z,2,1,5,0,0,0,0,0,0,0,0,0,0,0,0,0,0.0,0.0,0.0,0.0,0,0.00,0.00,0.00,0.00,45,-460,7533,109,569,0,0,0,0
Cartwright,GK,Hull City,Newcastle,0,5,275,46,17,0,False,2026-09-19T14:00:00Z,2,1,5,0,0,0,0,0,0,0,0,0,0,0,0,0,0.0,0.0,0.0,0.0,0,0.00,0.00,0.00,0.00,40,-41,714,0,41,0,0,0,0
Lo-Tutala,GK,Hull City,Newcastle,0,5,276,46,17,0,False,2026-09-19T14:00:00Z,2,1,5,0,0,0,0,0,0,0,0,0,0,0,0,0,0.0,0.0,0.0,0.0,0,0.00,0.00,0.00,0.00,40,-135,2510,0,135,0,0,0,0
Egan,DEF,Hull City,Newcastle,0,5,277,46,17,1,False,2026-09-19T14:00:00Z,2,1,5,77,0,0,0,2,0,0,0,0,0,0,0,2,0.0,0.0,0.0,0.0,1,0.01,0.00,0.01,1.31,41,76284,776181,120781,44497,2,1,2,4
Hughes,DEF,Hull City,Newcastle,0,5,278,46,17,0,False,2026-09-19T14:00:00Z,2,1,5,0,0,0,0,0,0,0,0,0,0,0,0,0,0.0,0.0,0.0,0.0,0,0.00,0.00,0.00,0.00,39,9741,32994,15378,5637,0,0,0,0
Ajayi,DEF,Hull City,Newcastle,0,5,279,46,17,1,False,2026-09-19T14:00:00Z,2,1,5,90,0,0,0,2,0,0,0,0,0,0,0,5,0.0,0.0,0.0,0.0,1,0.01,0.01,0.02,1.44,42,162949,1547412,250066,87117,2,5,2,4
Coyle,DEF,Hull City,Newcastle,0,5,280,46,17,1,False,2026-09-19T14:00:00Z,2,1,5,90,0,0,0,2,0,0,0,0,0,0,0,3,0.0,0.0,0.0,0.0,1,0.00,0.04,0.04,1.44,40,7516,74510,11929,4413,1,3,1,2
Drameh,DEF,Hull City,Newcastle,0,5,281,46,17,0,False,2026-09-19T14:00:00Z,2,1,5,0,0,0,0,0,0,0,0,0,0,0,0,0,0.0,0.0,0.0,0.0,0,0.00,0.00,0.00,0.00,40,-664,4645,0,664,0,0,0,0
Giles,DEF,Hull City,Newcastle,0,5,282,46,17,0,False,2026-09-19T14:00:00Z,2,1,5,90,0,0,0,2,0,0,0,1,0,0,0,-1,0.0,0.0,0.0,0.0,1,0.00,0.08,0.08,1.44,40,118366,326502,141201,22835,1,2,4,5
Jacob,DEF,Hull City,Newcastle,0,5,283,46,17,0,False,2026-09-19T14:00:00Z,2,1,5,0,0,0,0,0,0,0,0,0,0,0,0,0,0.0,0.0,0.0,0.0,0,0.00,0.00,0.00,0.00,40,-94,831,0,94,0,0,0,0
McCarthy,DEF,Hull City,Newcastle,0,5,284,46,17,0,False,2026-09-19T14:00:00Z,2,1,5,0,0,0,0,0,0,0,0,0,0,0,0,0,0.0,0.0,0.0,0.0,0,0.00,0.00,0.00,0.00,40,425,10301,1366,941,0,0,0,0
McNair,DEF,Hull City,Newcastle,0,5,285,46,17,0,False,2026-09-19T14:00:00Z,2,1,5,0,0,0,0,0,0,0,0,0,0,0,0,0,0.0,0.0,0.0,0.0,0,0.00,0.00,0.00,0.00,40,-192,12664,725,917,0,0,0,0
Belloumi,MID,Hull City,Newcastle,0,5,286,46,17,4,False,2026-09-19T14:00:00Z,2,1,5,82,0,1,0,2,0,0,0,1,0,0,0,22,0.0,0.0,0.0,0.0,1,0.35,0.31,0.66,1.31,51,329008,497698,362918,33910,6,5,0,11
Millar,MID,Hull City,Newcastle,0,5,287,46,17,0,False,2026-09-19T14:00:00Z,2,1,5,0,0,0,0,0,0,0,0,0,0,0,0,0,0.0,0.0,0.0,0.0,0,0.00,0.00,0.00,0.00,50,-1008,3415,0,1008,0,0,0,0
Dowell,MID,Hull City,Newcastle,0,5,288,46,17,0,False,2026-09-19T14:00:00Z,2,1,5,0,0,0,0,0,0,0,0,0,0,0,0,0,0.0,0.0,0.0,0.0,0,0.00,0.00,0.00,0.00,45,-2921,33164,1553,4474,0,0,0,0
Crooks,MID,Hull City,Newcastle,0,5,289,46,17,0,False,2026-09-19T14:00:00Z,2,1,5,45,0,0,0,2,0,0,0,1,0,0,0,6,0.0,0.0,0.0,0.0,1,0.00,0.12,0.12,1.19,45,-2230,51411,4076,6306,2,0,0,2
Slater,MID,Hull City,Newcastle,0,5,290,46,17,2,False,2026-09-19T14:00:00Z,2,1,5,77,0,0,0,2,0,0,0,0,0,0,0,9,0.0,0.0,0.0,0.0,1,0.13,0.03,0.16,1.31,45,-886,597244,62686,63572,0,2,1,3
Matazo,MID,Hull City,Newcastle,0,5,291,46,17,0,False,2026-09-19T14:00:00Z,2,1,5,0,0,0,0,0,0,0,0,0,0,0,0,0,0.0,0.0,0.0,0.0,0,0.00,0.00,0.00,0.00,45,-23,638,67,90,0,0,0,0
Ömür,MID,Hull City,Newcastle,0,5,292,46,17,0,False,2026-09-19T14:00:00Z,2,1,5,0,0,0,0,0,0,0,0,0,0,0,0,0,0.0,0.0,0.0,0.0,0,0.00,0.00,0.00,0.00,49,-24,1845,288,312,0,0,0,0
Kamara,MID,Hull City,Newcastle,0,5,293,46,17,0,False,2026-09-19T14:00:00Z,2,1,5,0,0,0,0,0,0,0,0,0,0,0,0,0,0.0,0.0,0.0,0.0,0,0.00,0.00,0.00,0.00,50,-22,193,0,22,0,0,0,0
Zambrano,MID,Hull City,Newcastle,0,5,294,46,17,0,False,2026-09-19T14:00:00Z,2,1,5,0,0,0,0,0,0,0,0,0,0,0,0,0,0.0,0.0,0.0,0.0,0,0.00,0.00,0.00,0.00,45,63,10217,1214,1151,0,0,0,0
McBurnie,FWD,Hull City,Newcastle,0,5,295,46,17,1,False,2026-09-19T14:00:00Z,2,1,5,90,0,0,0,2,0,0,0,1,0,0,0,5,0.0,0.0,0.0,0.0,1,0.36,0.02,0.38,1.44,55,6823,213941,35498,28675,0,3,3,6
Akintola,MID,Hull City,Newcastle,0,5,296,46,17,0,False,2026-09-19T14:00:00Z,2,1,5,0,0,0,0,0,0,0,0,0,0,0,0,0,0.0,0.0,0.0,0.0,0,0.00,0.00,0.00,0.00,50,-1213,2690,0,1213,0,0,0,0
Gyabi,MID,Hull City,Newcastle,0,5,297,46,17,0,False,2026-09-19T14:00:00Z,2,1,5,0,0,0,0,0,0,0,0,0,0,0,0,0,0.0,0.0,0.0,0.0,0,0.00,0.00,0.00,0.00,45,-156,1875,61,217,0,0,0,0
Destan,FWD,Hull City,Newcastle,0,5,298,46,17,0,False,2026-09-19T14:00:00Z,2,1,5,0,0,0,0,0,0,0,0,0,0,0,0,0,0.0,0.0,0.0,0.0,0,0.00,0.00,0.00,0.00,45,-2761,19933,0,2761,0,0,0,0
Burstow,FWD,Hull City,Newcastle,0,5,299,46,17,0,False,2026-09-19T14:00:00Z,2,1,5,0,0,0,0,0,0,0,0,0,0,0,0,0,0.0,0.0,0.0,0.0,0,0.00,0.00,0.00,0.00,45,-365,3535,0,365,0,0,0,0
Walton,GK,Ipswich Town,Everton,0,5,300,43,9,2,False,2026-09-19T14:00:00Z,1,0,5,90,0,0,0,1,0,0,0,0,0,1,0,10,0.0,0.0,0.0,0.0,1,0.00,0.01,0.01,2.24,44,-1343,41812,763,2106,0,17,2,0
Palmer,GK,Ipswich Town,Everton,0,5,301,43,9,0,False,2026-09-19T14:00:00Z,1,0,5,0,0,0,0,0,0,0,0,0,0,0,0,0,0.0,0.0,0.0,0.0,0,0.00,0.00,0.00,0.00,40,-10957,432976,9183,20140,0,0,0,0
Button,GK,Ipswich Town,Everton,0,5,302,43,9,0,False,2026-09-19T14:00:00Z,1,0,5,0,0,0,0,0,0,0,0,0,0,0,0,0,0.0,0.0,0.0,0.0,0,0.00,0.00,0.00,0.00,40,611,64291,2951,2340,0,0,0,0
Kipré,DEF,Ipswich Town,Everton,0,5,303,43,9,0,False,2026-09-19T14:00:00Z,1,0,5,0,0,0,0,0,0,0,0,0,0,0,0,0,0.0,0.0,0.0,0.0,0,0.00,0.00,0.00,0.00,39,32822,129561,43068,10246,0,0,0,0
O'Shea,DEF,Ipswich Town,Everton,0,5,304,43,9,2,False,2026-09-19T14:00:00Z,1,0,5,90,0,0,0,1,0,0,0,0,0,0,0,12,0.0,0.0,0.0,0.0,1,0.00,0.00,0.00,2.24,40,-14193,302768,7422,21615,0,5,9,9
Davis,DEF,Ipswich Town,Everton,0,5,305,43,9,2,False,2026-09-19T14:00:00Z,1,0,5,90,0,0,0,1,0,0,0,0,0,0,0,2,0.0,0.0,0.0,0.0,1,0.42,0.02,0.44,2.24,40,168534,755615,204377,35843,0,2,5,5
Greaves,DEF,Ipswich Town,Everton,0,5,306,43,9,0,False,2026-09-19T14:00:00Z,1,0,5,0,0,0,0,0,0,0,0,0,0,0,0,0,0.0,0.0,0.0,0.0,0,0.00,0.00,0.00,0.00,40,-6269,121588,1426,7695,0,0,0,0
Johnson,DEF,Ipswich Town,Everton,0,5,307,43,9,0,False,2026-09-19T14:00:00Z,1,0,5,0,0,0,0,0,0,0,0,0,0,0,0,0,0.0,0.0,0.0,0.0,0,0.00,0.00,0.00,0.00,40,-1177,6704,0,1177,0,0,0,0
Furlong,DEF,Ipswich Town,Everton,0,5,308,43,9,0,False,2026-09-19T14:00:00Z,1,0,5,0,0,0,0,0,0,0,0,0,0,0,0,0,0.0,0.0,0.0,0.0,0,0.00,0.00,0.00,0.00,39,7228,80113,11325,4097,0,0,0,0
Núñez,MID,Ipswich Town,Everton,0,5,309,43,9,0,False,2026-09-19T14:00:00Z,1,0,5,0,0,0,0,0,0,0,0,0,0,0,0,0,0.0,0.0,0.0,0.0,0,0.00,0.00,0.00,0.00,49,-1430,11613,337,1767,0,0,0,0
Matusiwa,MID,Ipswich Town,Everton,0,5,310,43,9,0,False,2026-09-19T14:00:00Z,1,0,5,0,0,0,0,0,0,0,0,0,0,0,0,0,0.0,0.0,0.0,0.0,0,0.00,0.00,0.00,0.00,49,15,330,51,36,0,0,0,0
Burns,MID,Ipswich Town,Everton,0,5,311,43,9,0,False,2026-09-19T14:00:00Z,1,0,5,0,0,0,0,0,0,0,0,0,0,0,0,0,0.0,0.0,0.0,0.0,0,0.00,0.00,0.00,0.00,50,-21,223,0,21,0,0,0,0
Taylor,MID,Ipswich Town,Everton,0,5,312,43,9,0,False,2026-09-19T14:00:00Z,1,0,5,0,0,0,0,0,0,0,0,0,0,0,0,0,0.0,0.0,0.0,0.0,0,0.00,0.00,0.00,0.00,45,-250,3061,99,349,0,0,0,0
Clarke,MID,Ipswich Town,Everton,0,5,313,43,9,2,False,2026-09-19T14:00:00Z,1,0,5,65,0,0,0,1,0,0,0,0,0,0,0,10,0.0,0.0,0.0,0.0,1,0.00,0.33,0.33,1.68,54,-2389,19907,514,2903,0,2,2,4
Ogbene,MID,Ipswich Town,Everton,0,5,314,43,9,0,False,2026-09-19T14:00:00Z,1,0,5,0,0,0,0,0,0,0,0,0,0,0,0,0,0.0,0.0,0.0,0.0,0,0.00,0.00,0.00,0.00,49,-155,701,0,155,0,0,0,0
Fatawu,MID,Ipswich Town,Everton,0,5,315,43,9,-1,False,2026-09-19T14:00:00Z,1,0,5,66,0,0,0,1,0,0,0,0,1,0,0,4,0.0,0.0,0.0,0.0,1,0.14,0.28,0.42,1.68,54,-2031,19671,636,2667,0,2,2,4
Emersonn,FWD,Ipswich Town,Everton,0,5,316,43,9,2,False,2026-09-19T14:00:00Z,1,0,5,80,0,0,0,1,0,0,0,0,0,0,0,9,0.0,0.0,0.0,0.0,1,0.13,0.01,0.14,2.07,55,133193,360268,160060,26867,1,0,0,1
Hirst,FWD,Ipswich Town,Everton,0,5,317,43,9,0,False,2026-09-19T14:00:00Z,1,0,5,0,0,0,0,0,0,0,0,0,0,0,0,0,0.0,0.0,0.0,0.0,0,0.00,0.00,0.00,0.00,50,-1398,8627,0,1398,0,0,0,0
Philogene,MID,Ipswich Town,Everton,0,5,318,43,9,1,False,2026-09-19T14:00:00Z,1,0,5,24,0,0,0,0,0,0,0,0,0,0,0,5,0.0,0.0,0.0,0.0,0,0.06,0.01,0.07,0.56,54,-322,7806,83,405,0,1,0,1
Szmodics,MID,Ipswich Town,Everton,0,5,319,43,9,0,False,2026-09-19T14:00:00Z,1,0,5,0,0,0,0,0,0,0,0,0,0,0,0,0,0.0,0.0,0.0,0.0,0,0.00,0.00,0.00,0.00,50,-60,295,0,60,0,0,0,0
Akpom,FWD,Ipswich Town,Everton,0,5,320,43,9,1,False,2026-09-19T14:00:00Z,1,0,5,9,0,0,0,0,0,0,0,0,0,0,0,3,0.0,0.0,0.0,0.0,0,0.17,0.00,0.17,0.16,50,597,132823,22206,21609,0,0,0,0
Walle Egeli,FWD,Ipswich Town,Everton,0,5,321,43,9,0,False,2026-09-19T14:00:00Z,1,0,5,0,0,0,0,0,0,0,0,0,0,0,0,0,0.0,0.0,0.0,0.0,0,0.00,0.00,0.00,0.00,45,12737,402496,62123,49386,0,0,0,0
Al-Hamadi,FWD,Ipswich Town,Everton,0,5,322,43,9,0,False,2026-09-19T14:00:00Z,1,0,5,0,0,0,0,0,0,0,0,0,0,0,0,0,0.0,0.0,0.0,0.0,0,0.00,0.00,0.00,0.00,50,-988,5776,0,988,0,0,0,0
McAteer,MID,Ipswich Town,Everton,0,5,323,43,9,0,False,2026-09-19T14:00:00Z,1,0,5,0,0,0,0,0,0,0,0,0,0,0,0,0,0.0,0.0,0.0,0.0,0,0.00,0.00,0.00,0.00,45,-11642,114904,2383,14025,0,0,0,0
Mehmeti,MID,Ipswich Town,Everton,0,5,324,43,9,0,False,2026-09-19T14:00:00Z,1,0,5,0,0,0,0,0,0,0,0,0,0,0,0,0,0.0,0.0,0.0,0.0,0,0.00,0.00,0.00,0.00,49,-262,3505,80,342,0,0,0,0
Darlow,GK,Man Utd,Fulham,0,5,325,50,10,0,False,2026-09-20T15:30:00Z,1,1,5,0,0,0,0,0,0,0,0,0,0,0,0,0,0.0,0.0,0.0,0.0,0,0.00,0.00,0.00,0.00,45,-148,4302,169,317,0,0,0,0
Perri,GK,Leeds,Crystal Palace,0,5,326,44,8,0,True,2026-09-20T13:00:00Z,0,0,5,0,0,0,0,0,0,0,0,0,0,0,0,0,0.0,0.0,0.0,0.0,0,0.00,0.00,0.00,0.00,45,-3459,35299,0,3459,0,0,0,0
Bijol,DEF,Leeds,Crystal Palace,0,5,327,44,8,0,True,2026-09-20T13:00:00Z,0,0,5,0,0,0,0,0,0,0,0,0,0,0,0,0,0.0,0.0,0.0,0.0,0,0.00,0.00,0.00,0.00,50,-9261,79639,3804,13065,0,0,0,0
Struijk,DEF,Brighton,Arsenal,0,5,328,42,1,5,True,2026-09-19T14:00:00Z,3,0,5,85,0,0,1,0,0,0,0,1,0,0,0,24,0.0,0.0,0.0,0.0,1,0.16,0.00,0.16,1.48,49,-1949,18865,571,2520,1,6,5,6
Rodon,DEF,Leeds,Crystal Palace,0,5,329,44,8,0,True,2026-09-20T13:00:00Z,0,0,5,0,0,0,0,0,0,0,0,0,0,0,0,0,0.0,0.0,0.0,0.0,0,0.00,0.00,0.00,0.00,44,-34904,89396,56,34960,0,0,0,0
Bogle,DEF,Leeds,Crystal Palace,0,5,330,44,8,5,True,2026-09-20T13:00:00Z,0,0,5,66,0,0,1,0,0,0,0,1,0,0,0,14,0.0,0.0,0.0,0.0,1,0.07,0.00,0.07,0.66,46,366973,695534,393603,26630,0,2,1,1
Gudmundsson,DEF,Leeds,Crystal Palace,0,5,331,44,8,6,True,2026-09-20T13:00:00Z,0,0,5,90,0,0,1,0,0,0,0,0,0,0,0,27,0.0,0.0,0.0,0.0,1,0.00,0.03,0.03,1.06,45,1220,8163,1740,520,3,1,2,5
Justin,DEF,Leeds,Crystal Palace,0,5,332,44,8,8,True,2026-09-20T13:00:00Z,0,0,5,90,0,0,1,0,0,0,0,0,0,0,2,31,0.0,0.0,0.0,0.0,1,0.05,0.12,0.17,1.06,45,-1614,160178,10354,11968,3,2,6,9
Bornauw,DEF,Leeds,Crystal Palace,0,5,333,44,8,0,True,2026-09-20T13:00:00Z,0,0,5,0,0,0,0,0,0,0,0,0,0,0,0,0,0.0,0.0,0.0,0.0,0,0.00,0.00,0.00,0.00,45,-22,219,0,22,0,0,0,0
Muharemović,DEF,Leeds,Crystal Palace,0,5,334,44,8,6,True,2026-09-20T13:00:00Z,0,0,5,90,0,0,1,0,0,0,0,0,0,0,0,22,0.0,0.0,0.0,0.0,1,0.40,0.01,0.41,1.06,50,48147,492213,74089,25942,1,5,7,8
Stach,MID,Leeds,Crystal Palace,0,5,335,44,8,5,True,2026-09-20T13:00:00Z,0,0,5,90,0,0,1,0,0,0,0,0,0,0,0,13,0.0,0.0,0.0,0.0,1,0.05,0.08,0.13,1.06,60,-8309,291868,24102,32411,2,5,6,13
Okafor,MID,Leeds,Crystal Palace,0,5,336,44,8,3,True,2026-09-20T13:00:00Z,0,0,5,75,0,0,1,0,0,0,0,0,0,0,0,17,0.0,0.0,0.0,0.0,1,0.02,0.01,0.03,0.68,58,14111,50221,19172,5061,2,3,0,5
Aaronson,MID,Leeds,Crystal Palace,0,5,337,44,8,1,True,2026-09-20T13:00:00Z,0,0,5,22,0,0,0,0,0,0,0,0,0,0,0,5,0.0,0.0,0.0,0.0,0,0.00,0.00,0.00,0.40,54,-7941,54410,849,8790,1,3,0,4
Ampadu,MID,Leeds,Crystal Palace,0,5,338,44,8,5,True,2026-09-20T13:00:00Z,0,0,5,90,0,0,1,0,0,0,0,0,0,0,0,19,0.0,0.0,0.0,0.0,1,0.00,0.10,0.10,1.06,54,-4200,102625,5751,9951,3,6,5,14
Longstaff,MID,Leeds,Crystal Palace,0,5,339,44,8,0,True,2026-09-20T13:00:00Z,0,0,5,0,0,0,0,0,0,0,0,0,0,0,0,0,0.0,0.0,0.0,0.0,0,0.00,0.00,0.00,0.00,49,-977,9382,466,1443,0,0,0,0
Gelhardt,MID,Hull City,Newcastle,0,5,340,46,17,1,False,2026-09-19T14:00:00Z,2,1,5,7,0,0,0,0,0,0,0,0,0,0,0,5,0.0,0.0,0.0,0.0,0,0.10,0.02,0.12,0.13,50,48,1289,281,233,0,1,0,1
Gnonto,MID,Leeds,Crystal Palace,0,5,341,44,8,0,True,2026-09-20T13:00:00Z,0,0,5,0,0,0,0,0,0,0,0,0,0,0,0,0,0.0,0.0,0.0,0.0,0,0.00,0.00,0.00,0.00,50,-179,790,0,179,0,0,0,0
Harrison,MID,Leeds,Crystal Palace,0,5,342,44,8,0,True,2026-09-20T13:00:00Z,0,0,5,0,0,0,0,0,0,0,0,0,0,0,0,0,0.0,0.0,0.0,0.0,0,0.00,0.00,0.00,0.00,50,-10,60,0,10,0,0,0,0
James,MID,Leeds,Crystal Palace,0,5,343,44,8,1,True,2026-09-20T13:00:00Z,0,0,5,23,0,0,0,0,0,0,0,0,0,0,0,3,0.0,0.0,0.0,0.0,0,0.00,0.00,0.00,0.40,49,-709,10249,721,1430,0,0,1,1
Gruev,MID,Leeds,Crystal Palace,0,5,344,44,8,0,True,2026-09-20T13:00:00Z,0,0,5,0,0,0,0,0,0,0,0,0,0,0,0,0,0.0,0.0,0.0,0.0,0,0.00,0.00,0.00,0.00,50,-13,312,24,37,0,0,0,0
Tanaka,MID,Leeds,Crystal Palace,0,5,345,44,8,2,True,2026-09-20T13:00:00Z,0,0,5,67,0,0,1,0,0,0,0,1,0,0,0,0,0.0,0.0,0.0,0.0,1,0.14,0.00,0.14,0.66,49,7073,35115,10406,3333,1,2,2,5
Calvert-Lewin,FWD,Leeds,Crystal Palace,0,5,346,44,8,2,True,2026-09-20T13:00:00Z,0,0,5,90,0,0,1,0,0,0,0,0,0,0,0,7,0.0,0.0,0.0,0.0,1,0.52,0.00,0.52,1.06,60,390459,2888883,533433,142974,0,4,4,8
Nmecha,FWD,Leeds,Crystal Palace,0,5,347,44,8,1,True,2026-09-20T13:00:00Z,0,0,5,14,0,0,0,0,0,0,0,0,0,0,0,4,0.0,0.0,0.0,0.0,0,0.00,0.00,0.00,0.37,54,-1434,51218,6227,7661,1,1,0,2
Piroe,FWD,Leeds,Crystal Palace,0,5,348,44,8,0,True,2026-09-20T13:00:00Z,0,0,5,0,0,0,0,0,0,0,0,0,0,0,0,0,0.0,0.0,0.0,0.0,0,0.00,0.00,0.00,0.00,50,-983,6500,0,983,0,0,0,0
Mateo Joseph,FWD,Leeds,Crystal Palace,0,5,349,44,8,0,True,2026-09-20T13:00:00Z,0,0,5,0,0,0,0,0,0,0,0,0,0,0,0,0,0.0,0.0,0.0,0.0,0,0.00,0.00,0.00,0.00,45,-70,5721,739,809,0,0,0,0
A.Becker,GK,Liverpool,Bournemouth,0,5,350,49,3,8,False,2026-09-20T13:00:00Z,0,1,5,90,0,0,1,0,0,0,0,0,0,2,2,30,0.0,0.0,0.0,0.0,1,0.00,0.00,0.00,0.79,55,-4413,422308,20069,24482,0,9,4,0
Mamardashvili,GK,Liverpool,Bournemouth,0,5,351,49,3,0,False,2026-09-20T13:00:00Z,0,1,5,0,0,0,0,0,0,0,0,0,0,0,0,0,0.0,0.0,0.0,0.0,0,0.00,0.00,0.00,0.00,49,-846,13807,439,1285,0,0,0,0
Woodman,GK,Liverpool,Bournemouth,0,5,352,49,3,0,False,2026-09-20T13:00:00Z,0,1,5,0,0,0,0,0,0,0,0,0,0,0,0,0,0.0,0.0,0.0,0.0,0,0.00,0.00,0.00,0.00,40,-1961,112455,2495,4456,0,0,0,0
Pecsi,GK,Liverpool,Bournemouth,0,5,353,49,3,0,False,2026-09-20T13:00:00Z,0,1,5,0,0,0,0,0,0,0,0,0,0,0,0,0,0.0,0.0,0.0,0.0,0,0.00,0.00,0.00,0.00,40,-109,1905,0,109,0,0,0,0
Jaros,GK,Liverpool,Bournemouth,0,5,354,49,3,0,False,2026-09-20T13:00:00Z,0,1,5,0,0,0,0,0,0,0,0,0,0,0,0,0,0.0,0.0,0.0,0.0,0,0.00,0.00,0.00,0.00,40,107,2153,268,161,0,0,0,0
Davies,GK,Liverpool,Bournemouth,0,5,355,49,3,0,False,2026-09-20T13:00:00Z,0,1,5,0,0,0,0,0,0,0,0,0,0,0,0,0,0.0,0.0,0.0,0.0,0,0.00,0.00,0.00,0.00,40,96,17657,896,800,0,0,0,0
Virgil,DEF,Liverpool,Bournemouth,0,5,356,49,3,8,False,2026-09-20T13:00:00Z,0,1,5,90,0,0,1,0,0,0,0,0,0,0,0,26,0.0,0.0,0.0,0.0,1,0.00,0.01,0.01,0.79,65,-57021,1767010,34977,91998,0,2,13,13
Frimpong,DEF,Liverpool,Bournemouth,0,5,357,49,3,0,False,2026-09-20T13:00:00Z,0,1,5,0,0,0,0,0,0,0,0,0,0,0,0,0,0.0,0.0,0.0,0.0,0,0.00,0.00,0.00,0.00,53,-39805,198877,3000,42805,0,0,0,0
Kerkez,DEF,Liverpool,Bournemouth,0,5,358,49,3,6,False,2026-09-20T13:00:00Z,0,1,5,90,0,0,1,0,0,0,0,0,0,0,0,22,0.0,0.0,0.0,0.0,1,0.05,0.01,0.06,0.79,54,-40437,246708,3035,43472,1,2,6,7
Gomez,DEF,Liverpool,Bournemouth,0,5,359,49,3,0,False,2026-09-20T13:00:00Z,0,1,5,0,0,0,0,0,0,0,0,0,0,0,0,0,0.0,0.0,0.0,0.0,0,0.00,0.00,0.00,0.00,49,78,1679,197,119,0,0,0,0
Bradley,DEF,Liverpool,Bournemouth,0,5,360,49,3,0,False,2026-09-20T13:00:00Z,0,1,5,0,0,0,0,0,0,0,0,0,0,0,0,0,0.0,0.0,0.0,0.0,0,0.00,0.00,0.00,0.00,50,-57,1005,57,114,0,0,0,0
Lucky,DEF,Liverpool,Bournemouth,0,5,361,49,3,0,False,2026-09-20T13:00:00Z,0,1,5,0,0,0,0,0,0,0,0,0,0,0,0,0,0.0,0.0,0.0,0.0,0,0.00,0.00,0.00,0.00,40,-466,13179,717,1183,0,0,0,0
Jacquet,DEF,Liverpool,Bournemouth,0,5,362,49,3,6,False,2026-09-20T13:00:00Z,0,1,5,90,0,0,1,0,0,0,0,0,0,0,0,26,0.0,0.0,0.0,0.0,1,0.00,0.02,0.02,0.79,50,50743,355709,69754,19011,3,6,5,8
Leoni,DEF,Liverpool,Bournemouth,0,5,363,49,3,0,False,2026-09-20T13:00:00Z,0,1,5,0,0,0,0,0,0,0,0,0,0,0,0,0,0.0,0.0,0.0,0.0,0,0.00,0.00,0.00,0.00,40,-211,3493,126,337,0,0,0,0
Tsimikas,DEF,Liverpool,Bournemouth,0,5,364,49,3,0,False,2026-09-20T13:00:00Z,0,1,5,0,0,0,0,0,0,0,0,0,0,0,0,0,0.0,0.0,0.0,0.0,0,0.00,0.00,0.00,0.00,49,-362,7658,299,661,0,0,0,0
Ramsay,DEF,Liverpool,Bournemouth,0,5,365,49,3,0,False,2026-09-20T13:00:00Z,0,1,5,0,0,0,0,0,0,0,0,0,0,0,0,0,0.0,0.0,0.0,0.0,0,0.00,0.00,0.00,0.00,40,-1195,10034,0,1195,0,0,0,0
Wirtz,MID,Liverpool,Bournemouth,0,5,366,49,3,6,False,2026-09-20T13:00:00Z,0,1,5,70,0,1,1,0,0,0,0,0,0,0,0,25,0.0,0.0,0.0,0.0,1,0.22,0.05,0.27,0.66,73,-173849,650329,5737,179586,3,4,1,8
Gakpo,MID,Liverpool,Bournemouth,0,5,367,49,3,3,False,2026-09-20T13:00:00Z,0,1,5,90,0,0,1,0,0,0,0,0,0,0,0,13,0.0,0.0,0.0,0.0,1,0.20,0.49,0.69,0.79,72,19543,1383393,175676,156133,2,1,2,5
Szoboszlai,MID,Liverpool,Bournemouth,0,5,368,49,3,2,False,2026-09-20T13:00:00Z,0,1,5,80,0,0,1,0,0,0,0,1,0,0,0,5,0.0,0.0,0.0,0.0,1,0.13,0.02,0.15,0.66,70,-405826,3685230,91695,497521,2,2,2,6
Ngumoha,MID,Liverpool,Bournemouth,0,5,369,49,3,0,False,2026-09-20T13:00:00Z,0,1,5,0,0,0,0,0,0,0,0,0,0,0,0,0,0.0,0.0,0.0,0.0,0,0.00,0.00,0.00,0.00,58,-9591,52264,1736,11327,0,0,0,0
Chiesa,MID,Liverpool,Bournemouth,0,5,370,49,3,0,False,2026-09-20T13:00:00Z,0,1,5,0,0,0,0,0,0,0,0,0,0,0,0,0,0.0,0.0,0.0,0.0,0,0.00,0.00,0.00,0.00,54,-641,5019,16,657,0,0,0,0
Gravenberch,MID,Liverpool,Bournemouth,0,5,371,49,3,1,False,2026-09-20T13:00:00Z,0,1,5,9,0,0,0,0,0,0,0,0,0,0,0,3,0.0,0.0,0.0,0.0,0,0.00,0.01,0.01,0.14,59,-19324,124836,3604,22928,0,1,0,1
Mac Allister,MID,Liverpool,Bournemouth,0,5,372,49,3,5,False,2026-09-20T13:00:00Z,0,1,5,90,0,0,1,0,0,0,0,0,0,0,0,19,0.0,0.0,0.0,0.0,1,0.00,0.05,0.05,0.79,54,-7900,141772,11435,19335,2,7,4,13
C.Jones,MID,Liverpool,Bournemouth,0,5,373,49,3,0,False,2026-09-20T13:00:00Z,0,1,5,0,0,0,0,0,0,0,0,0,0,0,0,0,0.0,0.0,0.0,0.0,0,0.00,0.00,0.00,0.00,55,-157,2382,0,157,0,0,0,0
Endo,MID,Liverpool,Bournemouth,0,5,374,49,3,0,False,2026-09-20T13:00:00Z,0,1,5,0,0,0,0,0,0,0,0,0,0,0,0,0,0.0,0.0,0.0,0.0,0,0.00,0.00,0.00,0.00,49,-487,6761,349,836,0,0,0,0
Nyoni,MID,Liverpool,Bournemouth,0,5,375,49,3,1,False,2026-09-20T13:00:00Z,0,1,5,19,0,0,0,0,0,0,0,0,0,0,0,3,0.0,0.0,0.0,0.0,0,0.00,0.00,0.00,0.14,49,-350,4129,188,538,0,0,5,5
Bajcetic,MID,Liverpool,Bournemouth,0,5,376,49,3,0,False,2026-09-20T13:00:00Z,0,1,5,0,0,0,0,0,0,0,0,0,0,0,0,0,0.0,0.0,0.0,0.0,0,0.00,0.00,0.00,0.00,50,-9,119,0,9,0,0,0,0
Munoz,MID,Liverpool,Bournemouth,0,5,377,49,3,1,False,2026-09-20T13:00:00Z,0,1,5,18,0,0,0,0,0,0,0,0,0,0,0,7,0.0,0.0,0.0,0.0,0,0.00,0.06,0.06,0.14,65,-24989,105157,5622,30611,1,1,1,3
McConnell,MID,Liverpool,Bournemouth,0,5,378,49,3,0,False,2026-09-20T13:00:00Z,0,1,5,0,0,0,0,0,0,0,0,0,0,0,0,0,0.0,0.0,0.0,0.0,0,0.00,0.00,0.00,0.00,44,98,26448,2718,2620,0,0,0,0
Isak,FWD,Liverpool,Bournemouth,0,5,379,49,3,8,False,2026-09-20T13:00:00Z,0,1,5,80,1,0,1,0,0,0,0,1,0,0,3,31,0.0,0.0,0.0,0.0,1,0.75,0.02,0.77,0.66,91,-103033,2350302,139899,242932,0,0,1,1
Ekitiké,FWD,Liverpool,Bournemouth,0,5,380,49,3,0,False,2026-09-20T13:00:00Z,0,1,5,0,0,0,0,0,0,0,0,0,0,0,0,0,0.0,0.0,0.0,0.0,0,0.00,0.00,0.00,0.00,74,-790,11579,393,1183,0,0,0,0
Koumas,MID,Liverpool,Bournemouth,0,5,381,49,3,1,False,2026-09-20T13:00:00Z,0,1,5,9,0,0,0,0,0,0,0,0,0,0,0,7,0.0,0.0,0.0,0.0,0,0.25,0.00,0.25,0.14,50,-88,2933,207,295,0,0,0,0
Danns,FWD,Liverpool,Bournemouth,0,5,382,49,3,0,False,2026-09-20T13:00:00Z,0,1,5,0,0,0,0,0,0,0,0,0,0,0,0,0,0.0,0.0,0.0,0.0,0,0.00,0.00,0.00,0.00,45,6226,25967,9567,3341,0,0,0,0
Elliott,MID,Liverpool,Bournemouth,0,5,383,49,3,0,False,2026-09-20T13:00:00Z,0,1,5,0,0,0,0,0,0,0,0,0,0,0,0,0,0.0,0.0,0.0,0.0,0,0.00,0.00,0.00,0.00,54,-576,3642,0,576,0,0,0,0
Donnarumma,GK,Man City,Sunderland,0,5,384,45,20,2,True,2026-09-20T13:00:00Z,5,3,5,90,0,0,0,3,0,0,0,0,0,4,0,9,0.0,0.0,0.0,0.0,1,0.00,0.00,0.00,3.57,55,16386,879025,58809,42423,0,8,2,0
Trafford,GK,Leeds,Crystal Palace,0,5,385,44,8,10,True,2026-09-20T13:00:00Z,0,0,5,90,0,0,1,0,0,0,0,0,0,5,3,34,0.0,0.0,0.0,0.0,1,0.00,0.00,0.00,1.06,50,1014,601728,32312,31298,0,16,0,0
Bettinelli,GK,Man City,Sunderland,0,5,386,45,20,0,True,2026-09-20T13:00:00Z,5,3,5,0,0,0,0,0,0,0,0,0,0,0,0,0,0.0,0.0,0.0,0.0,0,0.00,0.00,0.00,0.00,45,-106,2873,80,186,0,0,0,0
O'Reilly,DEF,Man City,Sunderland,0,5,387,45,20,1,True,2026-09-20T13:00:00Z,5,3,5,5,0,0,0,0,0,0,0,0,0,0,0,3,0.0,0.0,0.0,0.0,0,0.78,0.00,0.78,0.39,64,-178243,1243931,12818,191061,1,1,1,2
Guéhi,DEF,Man City,Sunderland,0,5,388,45,20,4,True,2026-09-20T13:00:00Z,5,3,5,90,0,1,0,3,0,0,0,0,0,0,0,13,0.0,0.0,0.0,0.0,1,0.06,0.01,0.07,3.57,60,13337,2017850,86049,72712,0,2,4,4
Matheus N.,DEF,Man City,Sunderland,0,5,389,45,20,1,True,2026-09-20T13:00:00Z,5,3,5,90,0,0,0,3,0,0,0,0,0,0,0,0,0.0,0.0,0.0,0.0,1,0.00,0.01,0.01,3.57,59,3022,107181,7244,4222,1,0,8,9
Rúben,DEF,Man City,Sunderland,0,5,390,45,20,1,True,2026-09-20T13:00:00Z,5,3,5,90,0,0,0,3,0,0,0,0,0,0,0,-7,0.0,0.0,0.0,0.0,1,0.20,0.00,0.20,3.57,55,10534,208870,21282,10748,0,0,4,4
Gvardiol,DEF,Man City,Sunderland,0,5,391,45,20,4,True,2026-09-20T13:00:00Z,5,3,5,90,0,1,0,3,0,0,0,0,0,0,0,22,0.0,0.0,0.0,0.0,1,0.00,0.63,0.63,3.57,57,548451,2895075,589540,41089,0,6,7,7
Aït-Nouri,DEF,Man City,Sunderland,0,5,392,45,20,0,True,2026-09-20T13:00:00Z,5,3,5,0,0,0,0,0,0,0,0,0,0,0,0,0,0.0,0.0,0.0,0.0,0,0.00,0.00,0.00,0.00,53,-4869,45028,1361,6230,0,0,0,0
Khusanov,DEF,Man City,Sunderland,0,5,393,45,20,0,True,2026-09-20T13:00:00Z,5,3,5,0,0,0,0,0,0,0,0,0,0,0,0,0,0.0,0.0,0.0,0.0,0,0.00,0.00,0.00,0.00,54,-15213,154215,3443,18656,0,0,0,0
Alleyne,DEF,Man City,Sunderland,0,5,394,45,20,0,True,2026-09-20T13:00:00Z,5,3,5,0,0,0,0,0,0,0,0,0,0,0,0,0,0.0,0.0,0.0,0.0,0,0.00,0.00,0.00,0.00,50,-39,500,0,39,0,0,0,0
Lewis,DEF,Man City,Sunderland,0,5,395,45,20,0,True,2026-09-20T13:00:00Z,5,3,5,0,0,0,0,0,0,0,0,0,0,0,0,0,0.0,0.0,0.0,0.0,0,0.00,0.00,0.00,0.00,44,-1584,21617,1147,2731,0,0,0,0
Vitor Reis,DEF,Man City,Sunderland,0,5,396,45,20,0,True,2026-09-20T13:00:00Z,5,3,5,0,0,0,0,0,0,0,0,0,0,0,0,0,0.0,0.0,0.0,0.0,0,0.00,0.00,0.00,0.00,45,-82,3479,156,238,0,0,0,0
Semenyo,MID,Man City,Sunderland,0,5,397,45,20,17,True,2026-09-20T13:00:00Z,5,3,5,90,2,1,0,3,0,0,0,0,0,0,2,65,0.0,0.0,0.0,0.0,1,0.16,0.17,0.33,3.57,84,-139426,1598756,37411,176837,2,3,2,7
Foden,MID,Man City,Sunderland,0,5,398,45,20,0,True,2026-09-20T13:00:00Z,5,3,5,0,0,0,0,0,0,0,0,0,0,0,0,0,0.0,0.0,0.0,0.0,0,0.00,0.00,0.00,0.00,69,-204579,209654,2056,206635,0,0,0,0
Cherki,MID,Man City,Sunderland,0,5,399,45,20,8,True,2026-09-20T13:00:00Z,5,3,5,84,1,0,0,3,0,0,0,0,0,0,1,35,0.0,0.0,0.0,0.0,1,0.13,0.13,0.26,3.18,78,-126234,3041594,163004,289238,0,3,2,5
Doku,MID,Man City,Sunderland,0,5,400,45,20,1,True,2026-09-20T13:00:00Z,5,3,5,15,0,0,0,0,0,0,0,0,0,0,0,7,0.0,0.0,0.0,0.0,0,0.23,0.32,0.55,0.42,74,-6700,71797,271,6971,0,1,1,2
Marmoush,FWD,Spurs,Aston Villa,0,5,401,48,2,2,True,2026-09-19T11:30:00Z,2,3,5,90,0,0,0,3,0,0,0,0,0,0,0,8,0.0,0.0,0.0,0.0,1,0.02,0.04,0.06,1.16,70,-10121,240325,35220,45341,1,3,0,4
Rodrigo,MID,Man City,Sunderland,0,5,402,45,20,0,True,2026-09-20T13:00:00Z,5,3,5,0,0,0,0,0,0,0,0,0,0,0,0,0,0.0,0.0,0.0,0.0,0,0.00,0.00,0.00,0.00,65,-52,1158,0,52,0,0,0,0
Sávio,MID,Spurs,Aston Villa,0,5,403,48,2,2,True,2026-09-19T11:30:00Z,2,3,5,90,0,0,0,3,0,0,0,0,0,0,0,29,0.0,0.0,0.0,0.0,1,0.29,0.17,0.46,1.16,65,-481,74946,12804,13285,0,3,2,5
Reijnders,MID,Man City,Sunderland,0,5,404,45,20,0,True,2026-09-20T13:00:00Z,5,3,5,0,0,0,0,0,0,0,0,0,0,0,0,0,0.0,0.0,0.0,0.0,0,0.00,0.00,0.00,0.00,60,-224,3723,0,224,0,0,0,0
N.Gonzalez,MID,Newcastle,Hull City,0,5,405,46,11,0,True,2026-09-19T14:00:00Z,2,1,5,0,0,0,0,0,0,0,0,0,0,0,0,0,0.0,0.0,0.0,0.0,0,0.00,0.00,0.00,0.00,55,-5729,21094,1106,6835,0,0,0,0
Kovačić,MID,Man City,Sunderland,0,5,406,45,20,0,True,2026-09-20T13:00:00Z,5,3,5,0,0,0,0,0,0,0,0,0,0,0,0,0,0.0,0.0,0.0,0.0,0,0.00,0.00,0.00,0.00,54,-731,8157,241,972,0,0,0,0
Echeverri,MID,Man City,Sunderland,0,5,407,45,20,0,True,2026-09-20T13:00:00Z,5,3,5,0,0,0,0,0,0,0,0,0,0,0,0,0,0.0,0.0,0.0,0.0,0,0.00,0.00,0.00,0.00,49,-136,955,0,136,0,0,0,0
Phillips,MID,Man City,Sunderland,0,5,408,45,20,0,True,2026-09-20T13:00:00Z,5,3,5,0,0,0,0,0,0,0,0,0,0,0,0,0,0.0,0.0,0.0,0.0,0,0.00,0.00,0.00,0.00,50,-39,517,0,39,0,0,0,0
Mukasa,MID,Man City,Sunderland,0,5,409,45,20,0,True,2026-09-20T13:00:00Z,5,3,5,0,0,0,0,0,0,0,0,0,0,0,0,0,0.0,0.0,0.0,0.0,0,0.00,0.00,0.00,0.00,45,-1698,9744,0,1698,0,0,0,0
Monga,MID,Man City,Sunderland,0,5,410,45,20,0,True,2026-09-20T13:00:00Z,5,3,5,0,0,0,0,0,0,0,0,0,0,0,0,0,0.0,0.0,0.0,0.0,0,0.00,0.00,0.00,0.00,49,-122,874,0,122,0,0,0,0
Haaland,FWD,Man City,Sunderland,0,5,411,45,20,6,True,2026-09-20T13:00:00Z,5,3,5,90,1,0,0,3,0,0,0,0,0,0,0,25,0.0,0.0,0.0,0.0,1,1.09,0.02,1.11,3.57,156,172491,7989349,196912,24421,0,0,2,2
Lammens,GK,Man Utd,Fulham,0,5,412,50,10,4,False,2026-09-20T15:30:00Z,1,1,5,90,0,0,0,1,0,0,0,0,0,6,0,22,0.0,0.0,0.0,0.0,1,0.00,0.00,0.00,1.62,49,-106249,1105256,13915,120164,0,5,0,0
Bayindir,GK,Man Utd,Fulham,0,5,413,50,10,0,False,2026-09-20T15:30:00Z,1,1,5,0,0,0,0,0,0,0,0,0,0,0,0,0,0.0,0.0,0.0,0.0,0,0.00,0.00,0.00,0.00,45,-93,1255,0,93,0,0,0,0
Heaton,GK,Man Utd,Fulham,0,5,414,50,10,0,False,2026-09-20T15:30:00Z,1,1,5,0,0,0,0,0,0,0,0,0,0,0,0,0,0.0,0.0,0.0,0.0,0,0.00,0.00,0.00,0.00,40,-118,8762,373,491,0,0,0,0
Dorgu,MID,Man Utd,Fulham,0,5,415,50,10,4,False,2026-09-20T15:30:00Z,1,1,5,6,0,1,0,0,0,0,0,0,0,0,0,12,0.0,0.0,0.0,0.0,0,0.13,0.01,0.14,0.00,58,-6276,58577,2869,9145,0,0,2,2
De Ligt,DEF,Man Utd,Fulham,0,5,416,50,10,0,False,2026-09-20T15:30:00Z,1,1,5,0,0,0,0,0,0,0,0,0,0,0,0,0,0.0,0.0,0.0,0.0,0,0.00,0.00,0.00,0.00,50,-119,2417,79,198,0,0,0,0
Dalot,DEF,Man Utd,Fulham,0,5,417,50,10,2,False,2026-09-20T15:30:00Z,1,1,5,90,0,0,0,1,0,0,0,0,0,0,0,11,0.0,0.0,0.0,0.0,1,0.06,0.05,0.11,1.62,49,-16480,180890,3696,20176,1,7,1,2
Maguire,DEF,Man Utd,Fulham,0,5,418,50,10,2,False,2026-09-20T15:30:00Z,1,1,5,90,0,0,0,1,0,0,0,0,0,0,0,17,0.0,0.0,0.0,0.0,1,0.01,0.03,0.04,1.62,49,-142518,993742,13938,156456,1,4,4,5
Martinez,DEF,Man Utd,Fulham,0,5,419,50,10,0,False,2026-09-20T15:30:00Z,1,1,5,90,0,0,0,1,1,0,0,0,0,0,0,6,0.0,0.0,0.0,0.0,1,0.15,0.02,0.17,1.62,50,823,138877,10516,9693,0,1,4,4
Yoro,DEF,Man Utd,Fulham,0,5,420,50,10,0,False,2026-09-20T15:30:00Z,1,1,5,0,0,0,0,0,0,0,0,0,0,0,0,0,0.0,0.0,0.0,0.0,0,0.00,0.00,0.00,0.00,49,-4322,50197,617,4939,0,0,0,0
Heaven,DEF,Man Utd,Fulham,0,5,421,50,10,0,False,2026-09-20T15:30:00Z,1,1,5,0,0,0,0,0,0,0,0,0,0,0,0,0,0.0,0.0,0.0,0.0,0,0.00,0.00,0.00,0.00,44,-3023,29351,613,3636,0,0,0,0
Mazraoui,DEF,Man Utd,Fulham,0,5,422,50,10,0,False,2026-09-20T15:30:00Z,1,1,5,0,0,0,0,0,0,0,0,0,0,0,0,0,0.0,0.0,0.0,0.0,0,0.00,0.00,0.00,0.00,44,-5332,55791,2584,7916,0,0,0,0
Shaw,DEF,Man Utd,Fulham,0,5,423,50,10,2,False,2026-09-20T15:30:00Z,1,1,5,83,0,0,0,1,0,0,0,0,0,0,0,7,0.0,0.0,0.0,0.0,1,0.01,0.07,0.08,1.62,44,-360683,879239,2227,362910,0,1,3,3
Amass,DEF,Man Utd,Fulham,0,5,424,50,10,0,False,2026-09-20T15:30:00Z,1,1,5,0,0,0,0,0,0,0,0,0,0,0,0,0,0.0,0.0,0.0,0.0,0,0.00,0.00,0.00,0.00,40,-321,21588,1392,1713,0,0,0,0
Fredricson,DEF,Man Utd,Fulham,0,5,425,50,10,0,False,2026-09-20T15:30:00Z,1,1,5,0,0,0,0,0,0,0,0,0,0,0,0,0,0.0,0.0,0.0,0.0,0,0.00,0.00,0.00,0.00,40,-107,1329,0,107,0,0,0,0
B.Fernandes,MID,Man Utd,Fulham,0,5,426,50,10,2,False,2026-09-20T15:30:00Z,1,1,5,90,0,0,0,1,0,0,0,0,0,0,0,15,0.0,0.0,0.0,0.0,1,0.28,0.19,0.47,1.62,120,-282231,4318751,68228,350459,1,5,0,6
Mbeumo,MID,Man Utd,Fulham,0,5,427,50,10,2,False,2026-09-20T15:30:00Z,1,1,5,90,0,0,0,1,0,0,0,0,0,0,0,23,0.0,0.0,0.0,0.0,1,0.27,0.25,0.52,1.62,79,-206528,2322581,95476,302004,1,1,2,4
Cunha,MID,Man Utd,Fulham,0,5,428,50,10,10,False,2026-09-20T15:30:00Z,1,1,5,90,1,0,0,1,0,0,0,0,0,0,3,32,0.0,0.0,0.0,0.0,1,0.05,0.39,0.44,1.62,79,-75494,620030,11557,87051,0,2,1,3
Rashford,MID,Man Utd,Fulham,0,5,429,50,10,2,False,2026-09-20T15:30:00Z,1,1,5,76,0,0,0,1,0,0,0,0,0,0,0,15,0.0,0.0,0.0,0.0,1,0.40,0.14,0.54,1.62,70,-4515,171653,18390,22905,0,0,2,2
Mount,MID,Man Utd,Fulham,0,5,430,50,10,1,False,2026-09-20T15:30:00Z,1,1,5,10,0,0,0,0,0,0,0,0,0,0,0,3,0.0,0.0,0.0,0.0,0,0.09,0.01,0.10,0.00,54,88,3100,361,273,0,1,0,1
Amad,MID,Man Utd,Fulham,0,5,431,50,10,0,False,2026-09-20T15:30:00Z,1,1,5,0,0,0,0,0,0,0,0,0,0,0,0,0,0.0,0.0,0.0,0.0,0,0.00,0.00,0.00,0.00,57,-5804,33185,75,5879,0,0,0,0
Mainoo,MID,Man Utd,Fulham,0,5,432,50,10,4,False,2026-09-20T15:30:00Z,1,1,5,79,0,0,0,1,0,0,0,0,0,0,0,18,0.0,0.0,0.0,0.0,1,0.06,0.10,0.16,1.62,55,20730,177650,33995,13265,1,10,1,12
Ugarte,MID,Man Utd,Fulham,0,5,433,50,10,0,False,2026-09-20T15:30:00Z,1,1,5,0,0,0,0,0,0,0,0,0,0,0,0,0,0.0,0.0,0.0,0.0,0,0.00,0.00,0.00,0.00,50,-21,386,15,36,0,0,0,0
J.Fletcher,MID,Man Utd,Fulham,0,5,434,50,10,0,False,2026-09-20T15:30:00Z,1,1,5,0,0,0,0,0,0,0,0,0,0,0,0,0,0.0,0.0,0.0,0.0,0,0.00,0.00,0.00,0.00,49,-71,1151,54,125,0,0,0,0
Lacey,MID,Man Utd,Fulham,0,5,435,50,10,0,False,2026-09-20T15:30:00Z,1,1,5,0,0,0,0,0,0,0,0,0,0,0,0,0,0.0,0.0,0.0,0.0,0,0.00,0.00,0.00,0.00,49,-32,5831,531,563,0,0,0,0
Collyer,MID,Man Utd,Fulham,0,5,436,50,10,0,False,2026-09-20T15:30:00Z,1,1,5,0,0,0,0,0,0,0,0,0,0,0,0,0,0.0,0.0,0.0,0.0,0,0.00,0.00,0.00,0.00,50,-135,1099,0,135,0,0,0,0
Bendito Mantato,MID,Man Utd,Fulham,0,5,437,50,10,0,False,2026-09-20T15:30:00Z,1,1,5,0,0,0,0,0,0,0,0,0,0,0,0,0,0.0,0.0,0.0,0.0,0,0.00,0.00,0.00,0.00,45,-1079,18231,624,1703,0,0,0,0
Fletcher,MID,Man Utd,Fulham,0,5,438,50,10,0,False,2026-09-20T15:30:00Z,1,1,5,0,0,0,0,0,0,0,0,0,0,0,0,0,0.0,0.0,0.0,0.0,0,0.00,0.00,0.00,0.00,44,250,36458,3537,3287,0,0,0,0
Šeško,FWD,Man Utd,Fulham,0,5,439,50,10,0,False,2026-09-20T15:30:00Z,1,1,5,0,0,0,0,0,0,0,0,0,0,0,0,0,0.0,0.0,0.0,0.0,0,0.00,0.00,0.00,0.00,70,1630,192336,24959,23329,0,0,0,0
Zirkzee,FWD,Man Utd,Fulham,0,5,440,50,10,1,False,2026-09-20T15:30:00Z,1,1,5,13,0,0,0,0,0,0,0,0,0,0,0,4,0.0,0.0,0.0,0.0,0,0.00,0.00,0.00,0.00,54,-3447,43505,2606,6053,0,0,1,1
Obi,FWD,Man Utd,Fulham,0,5,441,50,10,0,False,2026-09-20T15:30:00Z,1,1,5,0,0,0,0,0,0,0,0,0,0,0,0,0,0.0,0.0,0.0,0.0,0,0.00,0.00,0.00,0.00,45,-16201,111907,5061,21262,0,0,0,0
Pope,GK,Newcastle,Hull City,0,5,442,46,11,0,True,2026-09-19T14:00:00Z,2,1,5,0,0,0,0,0,0,0,0,0,0,0,0,0,0.0,0.0,0.0,0.0,0,0.00,0.00,0.00,0.00,49,-5404,105050,1831,7235,0,0,0,0
Gillespie,GK,Newcastle,Hull City,0,5,443,46,11,0,True,2026-09-19T14:00:00Z,2,1,5,0,0,0,0,0,0,0,0,0,0,0,0,0,0.0,0.0,0.0,0.0,0,0.00,0.00,0.00,0.00,45,-33,3606,183,216,0,0,0,0
Jaouen,GK,Newcastle,Hull City,0,5,444,46,11,0,True,2026-09-19T14:00:00Z,2,1,5,0,0,0,0,0,0,0,0,0,0,0,0,0,0.0,0.0,0.0,0.0,0,0.00,0.00,0.00,0.00,45,-225,2273,30,255,0,0,0,0
Thiaw,DEF,Newcastle,Hull City,0,5,445,46,11,4,True,2026-09-19T14:00:00Z,2,1,5,90,0,0,0,1,0,0,0,0,0,0,0,13,0.0,0.0,0.0,0.0,1,0.00,0.01,0.01,1.59,50,4121,240813,28969,24848,0,3,13,13
Schär,DEF,Newcastle,Hull City,0,5,446,46,11,1,True,2026-09-19T14:00:00Z,2,1,5,24,0,0,0,1,0,0,0,0,0,0,0,1,0.0,0.0,0.0,0.0,0,0.00,0.01,0.01,1.08,49,-1391,22572,1121,2512,0,0,7,7
Botman,DEF,Newcastle,Hull City,0,5,447,46,11,4,True,2026-09-19T14:00:00Z,2,1,5,90,0,0,0,1,0,0,0,0,0,0,0,12,0.0,0.0,0.0,0.0,1,0.05,0.00,0.05,1.59,50,1958,76821,8365,6407,1,1,17,18
Burn,DEF,Newcastle,Hull City,0,5,448,46,11,0,True,2026-09-19T14:00:00Z,2,1,5,0,0,0,0,0,0,0,0,0,0,0,0,0,0.0,0.0,0.0,0.0,0,0.00,0.00,0.00,0.00,49,-11893,84798,180,12073,0,0,0,0
Hall,DEF,Newcastle,Hull City,0,5,449,46,11,13,True,2026-09-19T14:00:00Z,2,1,5,90,1,0,0,1,0,0,0,0,0,0,3,38,0.0,0.0,0.0,0.0,1,0.19,0.11,0.30,1.59,52,107688,1629142,220393,112705,1,7,9,10
Livramento,DEF,Newcastle,Hull City,0,5,450,46,11,0,True,2026-09-19T14:00:00Z,2,1,5,0,0,0,0,0,0,0,0,0,0,0,0,0,0.0,0.0,0.0,0.0,0,0.00,0.00,0.00,0.00,49,4786,12541,6097,1311,0,0,0,0
A.Murphy,DEF,Newcastle,Hull City,0,5,451,46,11,0,True,2026-09-19T14:00:00Z,2,1,5,0,0,0,0,0,0,0,0,0,0,0,0,0,0.0,0.0,0.0,0.0,0,0.00,0.00,0.00,0.00,40,-592,6248,0,592,0,0,0,0
Bruno G.,MID,Arsenal,Brighton,0,5,452,42,5,1,False,2026-09-19T14:00:00Z,3,0,5,59,0,0,0,3,0,0,0,0,0,0,0,12,0.0,0.0,0.0,0.0,1,0.00,0.01,0.01,0.61,67,6316,192568,16199,9883,0,4,2,6
Barnes,MID,Newcastle,Hull City,0,5,453,46,11,9,True,2026-09-19T14:00:00Z,2,1,5,90,0,2,0,1,0,0,0,0,0,0,1,34,0.0,0.0,0.0,0.0,1,0.11,0.11,0.22,1.59,60,179416,496155,220394,40978,0,5,4,9
Elanga,MID,Newcastle,Hull City,0,5,454,46,11,0,True,2026-09-19T14:00:00Z,2,1,5,0,0,0,0,0,0,0,0,0,0,0,0,0,0.0,0.0,0.0,0.0,0,0.00,0.00,0.00,0.00,62,-564623,616024,53653,618276,0,0,0,0
Tonali,MID,Spurs,Aston Villa,0,5,455,48,2,2,True,2026-09-19T11:30:00Z,2,3,5,83,0,0,0,3,0,0,0,0,0,0,0,18,0.0,0.0,0.0,0.0,1,0.06,0.21,0.27,1.10,54,-56370,210274,4540,60910,6,4,1,11
J.Ramsey,MID,Newcastle,Hull City,0,5,456,46,11,0,True,2026-09-19T14:00:00Z,2,1,5,0,0,0,0,0,0,0,0,0,0,0,0,0,0.0,0.0,0.0,0.0,0,0.00,0.00,0.00,0.00,49,-8206,30346,1789,9995,0,0,0,0
J.Murphy,MID,Newcastle,Hull City,0,5,457,46,11,1,True,2026-09-19T14:00:00Z,2,1,5,90,0,0,0,1,0,0,0,1,0,0,0,12,0.0,0.0,0.0,0.0,1,0.03,0.07,0.10,1.59,59,349,14522,2209,1860,2,3,3,8
Joelinton,MID,Newcastle,Hull City,0,5,458,46,11,0,True,2026-09-19T14:00:00Z,2,1,5,0,0,0,0,0,0,0,0,0,0,0,0,0,0.0,0.0,0.0,0.0,0,0.00,0.00,0.00,0.00,54,-136,1916,44,180,0,0,0,0
L.Miley,MID,Newcastle,Hull City,0,5,459,46,11,4,True,2026-09-19T14:00:00Z,2,1,5,90,0,0,0,1,0,0,0,0,0,0,0,19,0.0,0.0,0.0,0.0,1,0.00,0.04,0.04,1.59,55,-101,8479,1217,1318,4,5,7,16
Willock,MID,Newcastle,Hull City,0,5,460,46,11,10,True,2026-09-19T14:00:00Z,2,1,5,86,1,0,0,1,0,0,0,0,0,0,3,38,0.0,0.0,0.0,0.0,1,0.17,0.04,0.21,1.46,50,-1121,51669,7299,8420,1,4,1,6
Touré,MID,Newcastle,Hull City,0,5,461,46,11,1,True,2026-09-19T14:00:00Z,2,1,5,16,0,0,0,0,0,0,0,0,0,0,0,2,0.0,0.0,0.0,0.0,0,0.00,0.00,0.00,0.60,58,325,14309,1837,1512,0,1,1,2
Steur,MID,Newcastle,Hull City,0,5,462,46,11,3,True,2026-09-19T14:00:00Z,2,1,5,65,0,0,1,0,0,0,0,0,0,0,0,18,0.0,0.0,0.0,0.0,1,0.00,0.03,0.03,0.52,49,-576,7714,420,996,2,3,2,7
Woltemade,FWD,Newcastle,Hull City,0,5,463,46,11,0,True,2026-09-19T14:00:00Z,2,1,5,0,0,0,0,0,0,0,0,0,0,0,0,0,0.0,0.0,0.0,0.0,0,0.00,0.00,0.00,0.00,59,-11535,55762,0,11535,0,0,0,0
Wissa,FWD,Newcastle,Hull City,0,5,464,46,11,0,True,2026-09-19T14:00:00Z,2,1,5,90,0,0,0,1,0,0,1,0,0,0,0,0,0.0,0.0,0.0,0.0,1,0.84,0.01,0.85,1.59,62,124486,2094339,338910,214424,0,3,2,5
Osula,FWD,Newcastle,Hull City,0,5,465,46,11,0,True,2026-09-19T14:00:00Z,2,1,5,0,0,0,0,0,0,0,0,0,0,0,0,0,0.0,0.0,0.0,0.0,0,0.00,0.00,0.00,0.00,59,-6475,35111,188,6663,0,0,0,0
Neave,FWD,Newcastle,Hull City,0,5,466,46,11,0,True,2026-09-19T14:00:00Z,2,1,5,0,0,0,0,0,0,0,0,0,0,0,0,0,0.0,0.0,0.0,0.0,0,0.00,0.00,0.00,0.00,45,-9244,58232,0,9244,0,0,0,0
Sels,GK,Nott'm Forest,Coventry City,0,5,467,47,7,2,True,2026-09-19T16:30:00Z,0,1,5,90,0,0,0,1,0,0,0,0,0,2,0,10,0.0,0.0,0.0,0.0,1,0.00,0.00,0.00,0.67,50,26195,207232,39386,13191,0,9,0,0
John,GK,Nott'm Forest,Coventry City,0,5,468,47,7,0,True,2026-09-19T16:30:00Z,0,1,5,0,0,0,0,0,0,0,0,0,0,0,0,0,0.0,0.0,0.0,0.0,0,0.00,0.00,0.00,0.00,45,-135,6278,197,332,0,0,0,0
N.Williams,DEF,Nott'm Forest,Coventry City,0,5,469,47,7,2,True,2026-09-19T16:30:00Z,0,1,5,90,0,0,0,1,0,0,0,0,0,0,0,19,0.0,0.0,0.0,0.0,1,0.09,0.21,0.30,0.67,50,105000,1063643,154932,49932,1,8,1,2
Morato,DEF,Nott'm Forest,Coventry City,0,5,470,47,7,0,True,2026-09-19T16:30:00Z,0,1,5,0,0,0,0,0,0,0,0,0,0,0,0,0,0.0,0.0,0.0,0.0,0,0.00,0.00,0.00,0.00,50,-425,2127,0,425,0,0,0,0
Milenković,DEF,Nott'm Forest,Coventry City,0,5,471,47,7,0,True,2026-09-19T16:30:00Z,0,1,5,0,0,0,0,0,0,0,0,0,0,0,0,0,0.0,0.0,0.0,0.0,0,0.00,0.00,0.00,0.00,55,-50208,119506,256,50464,0,0,0,0
Murillo,DEF,Nott'm Forest,Coventry City,0,5,472,47,7,4,True,2026-09-19T16:30:00Z,0,1,5,90,0,0,0,1,0,0,0,0,0,0,0,16,0.0,0.0,0.0,0.0,1,0.07,0.08,0.15,0.67,55,50117,260474,61530,11413,1,2,10,11
Aina,DEF,Nott'm Forest,Coventry City,0,5,473,47,7,0,True,2026-09-19T16:30:00Z,0,1,5,0,0,0,0,0,0,0,0,0,0,0,0,0,0.0,0.0,0.0,0.0,0,0.00,0.00,0.00,0.00,45,-3199,278049,21418,24617,0,0,0,0
Jair Cunha,DEF,Nott'm Forest,Coventry City,0,5,474,47,7,1,True,2026-09-19T16:30:00Z,0,1,5,90,0,0,0,1,0,0,0,1,0,0,0,5,0.0,0.0,0.0,0.0,1,0.02,0.01,0.03,0.67,45,-4535,19913,225,4760,2,3,6,8
Savona,DEF,Nott'm Forest,Coventry City,0,5,475,47,7,0,True,2026-09-19T16:30:00Z,0,1,5,0,0,0,0,0,0,0,0,0,0,0,0,0,0.0,0.0,0.0,0.0,0,0.00,0.00,0.00,0.00,45,-22,237,17,39,0,0,0,0
O.Richards,DEF,Nott'm Forest,Coventry City,0,5,476,47,7,0,True,2026-09-19T16:30:00Z,0,1,5,0,0,0,0,0,0,0,0,0,0,0,0,0,0.0,0.0,0.0,0.0,0,0.00,0.00,0.00,0.00,40,-649,22848,1022,1671,0,0,0,0
Abbott,DEF,Nott'm Forest,Coventry City,0,5,477,47,7,0,True,2026-09-19T16:30:00Z,0,1,5,0,0,0,0,0,0,0,0,0,0,0,0,0,0.0,0.0,0.0,0.0,0,0.00,0.00,0.00,0.00,40,-2263,16093,0,2263,0,0,0,0
Netz,DEF,Nott'm Forest,Coventry City,0,5,478,47,7,1,True,2026-09-19T16:30:00Z,0,1,5,7,0,0,0,0,0,0,0,0,0,0,0,5,0.0,0.0,0.0,0.0,0,0.00,0.02,0.02,0.00,44,-97,3276,246,343,0,0,0,0
Bindon,DEF,Nott'm Forest,Coventry City,0,5,479,47,7,0,True,2026-09-19T16:30:00Z,0,1,5,0,0,0,0,0,0,0,0,0,0,0,0,0,0.0,0.0,0.0,0.0,0,0.00,0.00,0.00,0.00,40,-1397,12104,0,1397,0,0,0,0
Gibbs-White,MID,Nott'm Forest,Coventry City,0,5,480,47,7,2,True,2026-09-19T16:30:00Z,0,1,5,90,0,0,0,1,0,0,0,0,0,0,0,25,0.0,0.0,0.0,0.0,1,0.00,0.40,0.40,0.67,80,705914,1912107,744604,38690,0,2,0,2
Anderson,MID,Man City,Sunderland,0,5,481,45,20,2,True,2026-09-20T13:00:00Z,5,3,5,90,0,0,0,3,0,0,0,0,0,0,0,15,0.0,0.0,0.0,0.0,1,0.02,0.02,0.04,3.57,63,-8817,452582,29694,38511,2,3,4,9
Hudson-Odoi,MID,Nott'm Forest,Coventry City,0,5,482,47,7,0,True,2026-09-19T16:30:00Z,0,1,5,0,0,0,0,0,0,0,0,0,0,0,0,0,0.0,0.0,0.0,0.0,0,0.00,0.00,0.00,0.00,58,-730,16903,1902,2632,0,0,0,0
Ndoye,MID,Nott'm Forest,Coventry City,0,5,483,47,7,1,True,2026-09-19T16:30:00Z,0,1,5,58,0,0,0,1,0,0,0,0,0,0,0,3,0.0,0.0,0.0,0.0,1,0.20,0.05,0.25,0.63,55,14955,87185,26545,11590,0,0,1,1
Hutchinson,MID,Nott'm Forest,Coventry City,0,5,484,47,7,0,True,2026-09-19T16:30:00Z,0,1,5,0,0,0,0,0,0,0,0,0,0,0,0,0,0.0,0.0,0.0,0.0,0,0.00,0.00,0.00,0.00,54,-1093,7897,0,1093,0,0,0,0
Bakwa,MID,Nott'm Forest,Coventry City,0,5,485,47,7,0,True,2026-09-19T16:30:00Z,0,1,5,0,0,0,0,0,0,0,0,0,0,0,0,0,0.0,0.0,0.0,0.0,0,0.00,0.00,0.00,0.00,55,-60,579,0,60,0,0,0,0
McAtee,MID,Nott'm Forest,Coventry City,0,5,486,47,7,2,True,2026-09-19T16:30:00Z,0,1,5,82,0,0,0,1,0,0,0,0,0,0,0,17,0.0,0.0,0.0,0.0,1,0.21,0.04,0.25,0.67,55,1989,11916,3622,1633,1,2,1,4
Dominguez,MID,Nott'm Forest,Coventry City,0,5,487,47,7,0,True,2026-09-19T16:30:00Z,0,1,5,0,0,0,0,0,0,0,0,0,0,0,0,0,0.0,0.0,0.0,0.0,0,0.00,0.00,0.00,0.00,49,-459,6327,254,713,0,0,0,0
I.Sangaré,MID,Nott'm Forest,Coventry City,0,5,488,47,7,1,True,2026-09-19T16:30:00Z,0,1,5,7,0,0,0,0,0,0,0,0,0,0,0,3,0.0,0.0,0.0,0.0,0,0.00,0.00,0.00,0.00,49,-5438,48314,1567,7005,0,0,0,0
Yates,MID,Nott'm Forest,Coventry City,0,5,489,47,7,0,True,2026-09-19T16:30:00Z,0,1,5,0,0,0,0,0,0,0,0,0,0,0,0,0,0.0,0.0,0.0,0.0,0,0.00,0.00,0.00,0.00,45,-12157,132416,2939,15096,0,0,0,0
Wood,FWD,Nott'm Forest,Coventry City,0,5,490,47,7,1,True,2026-09-19T16:30:00Z,0,1,5,17,0,0,0,0,0,0,0,0,0,0,0,4,0.0,0.0,0.0,0.0,0,0.00,0.00,0.00,0.04,58,-9928,100797,5666,15594,0,0,0,0
Igor Jesus,FWD,Nott'm Forest,Coventry City,0,5,491,47,7,1,True,2026-09-19T16:30:00Z,0,1,5,31,0,0,0,0,0,0,0,0,0,0,0,4,0.0,0.0,0.0,0.0,0,0.16,0.01,0.17,0.04,58,37689,310521,70541,32852,0,3,0,3
Awoniyi,FWD,Coventry City,Nott'm Forest,0,5,492,47,18,0,False,2026-09-19T16:30:00Z,0,1,5,0,0,0,0,0,0,0,0,0,0,0,0,0,0.0,0.0,0.0,0.0,0,0.00,0.00,0.00,0.00,55,-21461,46922,586,22047,0,0,0,0
Kalimuendo,FWD,Nott'm Forest,Coventry City,0,5,493,47,7,0,True,2026-09-19T16:30:00Z,0,1,5,0,0,0,0,0,0,0,0,0,0,0,0,0,0.0,0.0,0.0,0.0,0,0.00,0.00,0.00,0.00,54,-342,5589,483,825,0,0,0,0
Vicario,GK,Spurs,Aston Villa,0,5,494,48,2,0,True,2026-09-19T11:30:00Z,2,3,5,0,0,0,0,0,0,0,0,0,0,0,0,0,0.0,0.0,0.0,0.0,0,0.00,0.00,0.00,0.00,45,-1689,14414,0,1689,0,0,0,0
Austin,GK,Spurs,Aston Villa,0,5,495,48,2,0,True,2026-09-19T11:30:00Z,2,3,5,0,0,0,0,0,0,0,0,0,0,0,0,0,0.0,0.0,0.0,0.0,0,0.00,0.00,0.00,0.00,40,1559,112272,6139,4580,0,0,0,0
Kinsky,GK,Spurs,Aston Villa,0,5,496,48,2,2,True,2026-09-19T11:30:00Z,2,3,5,90,0,0,0,3,0,0,0,0,0,3,0,5,0.0,0.0,0.0,0.0,1,0.00,0.00,0.00,1.16,45,-1315,1963942,95710,97025,0,5,0,0
Dubravka,GK,Spurs,Aston Villa,0,5,497,48,2,0,True,2026-09-19T11:30:00Z,2,3,5,0,0,0,0,0,0,0,0,0,0,0,0,0,0.0,0.0,0.0,0.0,0,0.00,0.00,0.00,0.00,40,-25006,1908194,59833,84839,0,0,0,0
Senesi,DEF,Spurs,Aston Villa,0,5,498,48,2,0,True,2026-09-19T11:30:00Z,2,3,5,0,0,0,0,0,0,0,0,0,0,0,0,0,0.0,0.0,0.0,0.0,0,0.00,0.00,0.00,0.00,58,-70189,403044,2509,72698,0,0,0,0
Pedro Porro,DEF,Spurs,Aston Villa,0,5,499,48,2,1,True,2026-09-19T11:30:00Z,2,3,5,18,0,0,0,0,0,0,0,0,0,0,0,4,0.0,0.0,0.0,0.0,1,0.01,0.00,0.01,0.04,54,-237532,889495,5333,242865,1,0,0,1
Romero,DEF,Spurs,Aston Villa,0,5,500,48,2,0,True,2026-09-19T11:30:00Z,2,3,5,0,0,0,0,0,0,0,0,0,0,0,0,0,0.0,0.0,0.0,0.0,0,0.00,0.00,0.00,0.00,50,-610,9526,0,610,0,0,0,0
Danso,DEF,Sunderland,Man City,0,5,501,45,15,0,False,2026-09-20T13:00:00Z,5,3,5,90,0,0,0,5,0,0,0,0,0,0,0,-8,0.0,0.0,0.0,0.0,1,0.07,0.01,0.08,2.82,50,-16,17126,1530,1546,0,5,8,8
Robertson,DEF,Spurs,Aston Villa,0,5,502,48,2,4,True,2026-09-19T11:30:00Z,2,3,5,90,0,1,0,3,0,0,0,0,0,0,0,15,0.0,0.0,0.0,0.0,1,0.00,0.26,0.26,1.16,44,-2558,283003,20149,22707,2,7,1,3
Van de Ven,DEF,Spurs,Aston Villa,0,5,503,48,2,1,True,2026-09-19T11:30:00Z,2,3,5,90,0,0,0,3,0,0,0,0,0,0,0,7,0.0,0.0,0.0,0.0,1,0.02,0.01,0.03,1.16,50,8883,429279,29652,20769,1,5,5,6
Vuskovic,DEF,Brighton,Arsenal,0,5,504,42,1,8,True,2026-09-19T14:00:00Z,3,0,5,90,0,0,1,0,0,0,0,0,0,0,0,27,0.0,0.0,0.0,0.0,1,0.00,0.00,0.00,1.63,50,-7252,332297,27688,34940,2,4,10,12
Spence,DEF,Spurs,Aston Villa,0,5,505,48,2,0,True,2026-09-19T11:30:00Z,2,3,5,0,0,0,0,0,0,0,0,0,0,0,0,0,0.0,0.0,0.0,0.0,0,0.00,0.00,0.00,0.00,45,-2653,25713,0,2653,0,0,0,0
Udogie,DEF,Spurs,Aston Villa,0,5,506,48,2,0,True,2026-09-19T11:30:00Z,2,3,5,0,0,0,0,0,0,0,0,0,0,0,0,0,0.0,0.0,0.0,0.0,0,0.00,0.00,0.00,0.00,44,-4010,37654,949,4959,0,0,0,0
Phillips,DEF,Spurs,Aston Villa,0,5,507,48,2,0,True,2026-09-19T11:30:00Z,2,3,5,0,0,0,0,0,0,0,0,0,0,0,0,0,0.0,0.0,0.0,0.0,0,0.00,0.00,0.00,0.00,45,-106,1372,0,106,0,0,0,0
Davies,DEF,Spurs,Aston Villa,0,5,508,48,2,0,True,2026-09-19T11:30:00Z,2,3,5,0,0,0,0,0,0,0,0,0,0,0,0,0,0.0,0.0,0.0,0.0,0,0.00,0.00,0.00,0.00,40,-5694,88779,2044,7738,0,0,0,0
Byfield,DEF,Spurs,Aston Villa,0,5,509,48,2,0,True,2026-09-19T11:30:00Z,2,3,5,0,0,0,0,0,0,0,0,0,0,0,0,0,0.0,0.0,0.0,0.0,0,0.00,0.00,0.00,0.00,40,-17,6772,556,573,0,0,0,0
Rowswell,DEF,Spurs,Aston Villa,0,5,510,48,2,0,True,2026-09-19T11:30:00Z,2,3,5,0,0,0,0,0,0,0,0,0,0,0,0,0,0.0,0.0,0.0,0.0,0,0.00,0.00,0.00,0.00,40,-78,9834,672,750,0,0,0,0
Souza,DEF,Spurs,Aston Villa,0,5,511,48,2,0,True,2026-09-19T11:30:00Z,2,3,5,0,0,0,0,0,0,0,0,0,0,0,0,0,0.0,0.0,0.0,0.0,0,0.00,0.00,0.00,0.00,40,-2391,18271,0,2391,0,0,0,0
Kudus,MID,Spurs,Aston Villa,0,5,512,48,2,4,True,2026-09-19T11:30:00Z,2,3,5,45,0,1,0,2,0,0,0,0,0,0,0,24,0.0,0.0,0.0,0.0,0,0.07,0.20,0.27,0.35,65,-95,14877,2728,2823,2,5,0,7
Xavi,MID,Spurs,Aston Villa,0,5,513,48,2,0,True,2026-09-19T11:30:00Z,2,3,5,0,0,0,0,0,0,0,0,0,0,0,0,0,0.0,0.0,0.0,0.0,0,0.00,0.00,0.00,0.00,59,-71,1301,51,122,0,0,0,0
Tel,MID,Spurs,Aston Villa,0,5,514,48,2,0,True,2026-09-19T11:30:00Z,2,3,5,0,0,0,0,0,0,0,0,0,0,0,0,0,0.0,0.0,0.0,0.0,0,0.00,0.00,0.00,0.00,58,-5320,21179,897,6217,0,0,0,0
Maddison,MID,Spurs,Aston Villa,0,5,515,48,2,1,True,2026-09-19T11:30:00Z,2,3,5,24,0,0,0,2,0,0,0,0,0,0,0,9,0.0,0.0,0.0,0.0,0,0.06,0.02,0.08,0.15,63,-2925,43979,1741,4666,4,2,0,6
Bentancur,MID,Spurs,Aston Villa,0,5,516,48,2,4,True,2026-09-19T11:30:00Z,2,3,5,83,0,0,0,3,0,0,0,0,0,0,0,15,0.0,0.0,0.0,0.0,1,0.00,0.04,0.04,1.10,55,497,19246,2106,1609,6,8,3,17
Odobert,MID,Spurs,Aston Villa,0,5,517,48,2,0,True,2026-09-19T11:30:00Z,2,3,5,0,0,0,0,0,0,0,0,0,0,0,0,0,0.0,0.0,0.0,0.0,0,0.00,0.00,0.00,0.00,55,3,159,23,20,0,0,0,0
P.M.Sarr,MID,Spurs,Aston Villa,0,5,518,48,2,0,True,2026-09-19T11:30:00Z,2,3,5,0,0,0,0,0,0,0,0,0,0,0,0,0,0.0,0.0,0.0,0.0,0,0.00,0.00,0.00,0.00,49,-2148,8302,0,2148,0,0,0,0
Gallagher,MID,Spurs,Aston Villa,0,5,519,48,2,6,True,2026-09-19T11:30:00Z,2,3,5,6,1,0,0,0,0,0,0,0,0,0,0,24,0.0,0.0,0.0,0.0,0,0.35,0.00,0.35,0.07,53,-1786,19752,812,2598,3,1,0,4
Bergvall,MID,Spurs,Aston Villa,0,5,520,48,2,1,True,2026-09-19T11:30:00Z,2,3,5,6,0,0,0,0,0,0,0,0,0,0,0,3,0.0,0.0,0.0,0.0,0,0.00,0.01,0.01,0.07,54,-913,15731,344,1257,1,0,0,1
Kulusevski,MID,Spurs,Aston Villa,0,5,521,48,2,0,True,2026-09-19T11:30:00Z,2,3,5,0,0,0,0,0,0,0,0,0,0,0,0,0,0.0,0.0,0.0,0.0,0,0.00,0.00,0.00,0.00,65,-30,892,63,93,0,0,0,0
Gray,MID,Spurs,Aston Villa,0,5,522,48,2,2,True,2026-09-19T11:30:00Z,2,3,5,71,0,0,0,3,0,0,0,0,0,0,0,14,0.0,0.0,0.0,0.0,0,0.14,0.01,0.15,1.12,49,-637,19727,1629,2266,2,2,1,5
Moore,MID,Spurs,Aston Villa,0,5,523,48,2,0,True,2026-09-19T11:30:00Z,2,3,5,0,0,0,0,0,0,0,0,0,0,0,0,0,0.0,0.0,0.0,0.0,0,0.00,0.00,0.00,0.00,50,-1980,6388,0,1980,0,0,0,0
Olusesi,MID,Spurs,Aston Villa,0,5,524,48,2,0,True,2026-09-19T11:30:00Z,2,3,5,0,0,0,0,0,0,0,0,0,0,0,0,0,0.0,0.0,0.0,0.0,0,0.00,0.00,0.00,0.00,44,17246,117471,32226,14980,0,0,0,0
Fernandes,MID,Spurs,Aston Villa,0,5,525,48,2,1,True,2026-09-19T11:30:00Z,2,3,5,45,0,0,0,1,0,0,0,0,0,0,0,2,0.0,0.0,0.0,0.0,1,0.07,0.02,0.09,0.82,58,-11274,89133,2671,13945,1,4,2,7
Solanke,FWD,Spurs,Aston Villa,0,5,526,48,2,2,True,2026-09-19T11:30:00Z,2,3,5,65,0,0,0,1,0,0,0,0,0,0,0,9,0.0,0.0,0.0,0.0,1,0.12,0.00,0.12,1.01,58,-7033,92077,6047,13080,2,3,1,6
Richarlison,FWD,Spurs,Aston Villa,0,5,527,48,2,0,True,2026-09-19T11:30:00Z,2,3,5,0,0,0,0,0,0,0,0,0,0,0,0,0,0.0,0.0,0.0,0.0,0,0.00,0.00,0.00,0.00,59,-22415,74547,0,22415,0,0,0,0
Scarlett,FWD,Spurs,Aston Villa,0,5,528,48,2,0,True,2026-09-19T11:30:00Z,2,3,5,0,0,0,0,0,0,0,0,0,0,0,0,0,0.0,0.0,0.0,0.0,0,0.00,0.00,0.00,0.00,45,-18539,125898,0,18539,0,0,0,0
Roefs,GK,Sunderland,Man City,0,5,529,45,15,0,False,2026-09-20T13:00:00Z,5,3,5,90,0,0,0,5,0,0,0,0,0,1,0,-8,0.0,0.0,0.0,0.0,1,0.00,0.01,0.01,2.82,49,-33760,271819,2559,36319,0,4,2,0
Patterson,GK,Sunderland,Man City,0,5,530,45,15,0,False,2026-09-20T13:00:00Z,5,3,5,0,0,0,0,0,0,0,0,0,0,0,0,0,0.0,0.0,0.0,0.0,0,0.00,0.00,0.00,0.00,40,-743,12868,0,743,0,0,0,0
Ellborg,GK,Sunderland,Man City,0,5,531,45,15,0,False,2026-09-20T13:00:00Z,5,3,5,0,0,0,0,0,0,0,0,0,0,0,0,0,0.0,0.0,0.0,0.0,0,0.00,0.00,0.00,0.00,45,-360,8450,190,550,0,0,0,0
Ballard,DEF,Sunderland,Man City,0,5,532,45,15,2,False,2026-09-20T13:00:00Z,5,3,5,90,0,0,0,5,0,0,0,0,0,0,0,-12,0.0,0.0,0.0,0.0,1,0.14,0.00,0.14,2.82,49,-46490,279291,6303,52793,4,3,10,14
Mukiele,DEF,Sunderland,Man City,0,5,533,45,15,0,False,2026-09-20T13:00:00Z,5,3,5,90,0,0,0,5,0,0,0,0,0,0,0,5,0.0,0.0,0.0,0.0,1,0.05,0.23,0.28,2.82,54,-23536,207085,5413,28949,4,3,5,9
Hume,DEF,Sunderland,Man City,0,5,534,45,15,1,False,2026-09-20T13:00:00Z,5,3,5,11,0,0,0,1,0,0,0,0,0,0,0,-2,0.0,0.0,0.0,0.0,0,0.10,0.01,0.11,1.48,44,-88631,317533,1810,90441,1,0,0,1
Alderete,DEF,Sunderland,Man City,0,5,535,45,15,0,False,2026-09-20T13:00:00Z,5,3,5,0,0,0,0,0,0,0,0,0,0,0,0,0,0.0,0.0,0.0,0.0,0,0.00,0.00,0.00,0.00,49,-3936,25847,280,4216,0,0,0,0
Reinildo,DEF,Sunderland,Man City,0,5,536,45,15,0,False,2026-09-20T13:00:00Z,5,3,5,0,0,0,0,0,0,0,0,0,0,0,0,0,0.0,0.0,0.0,0.0,0,0.00,0.00,0.00,0.00,45,-9631,28357,136,9767,0,0,0,0
Seelt,DEF,Sunderland,Man City,0,5,537,45,15,0,False,2026-09-20T13:00:00Z,5,3,5,0,0,0,0,0,0,0,0,0,0,0,0,0,0.0,0.0,0.0,0.0,0,0.00,0.00,0.00,0.00,45,-55,566,0,55,0,0,0,0
Hjelde,DEF,Sunderland,Man City,0,5,538,45,15,0,False,2026-09-20T13:00:00Z,5,3,5,0,0,0,0,0,0,0,0,0,0,0,0,0,0.0,0.0,0.0,0.0,0,0.00,0.00,0.00,0.00,40,-298,3843,0,298,0,0,0,0
O'Nien,DEF,Sunderland,Man City,0,5,539,45,15,0,False,2026-09-20T13:00:00Z,5,3,5,0,0,0,0,0,0,0,0,0,0,0,0,0,0.0,0.0,0.0,0.0,0,0.00,0.00,0.00,0.00,40,-23037,258432,2157,25194,0,0,0,0
Masuaku,DEF,Sunderland,Man City,0,5,540,45,15,0,False,2026-09-20T13:00:00Z,5,3,5,0,0,0,0,0,0,0,0,0,0,0,0,0,0.0,0.0,0.0,0.0,0,0.00,0.00,0.00,0.00,40,-1276,14606,0,1276,0,0,0,0
Meunier,DEF,Sunderland,Man City,0,5,541,45,15,3,False,2026-09-20T13:00:00Z,5,3,5,78,0,1,0,4,0,0,0,0,0,0,0,5,0.0,0.0,0.0,0.0,1,0.00,0.45,0.45,1.34,45,-1159,28358,971,2130,2,3,2,4
E.Le Fée,MID,Sunderland,Man City,0,5,542,45,15,5,False,2026-09-20T13:00:00Z,5,3,5,90,0,1,0,5,0,0,0,0,0,0,0,33,0.0,0.0,0.0,0.0,1,0.00,0.52,0.52,2.82,58,-95316,367322,5741,101057,1,0,2,3
Diarra,MID,Sunderland,Man City,0,5,543,45,15,0,False,2026-09-20T13:00:00Z,5,3,5,0,0,0,0,0,0,0,0,0,0,0,0,0,0.0,0.0,0.0,0.0,0,0.00,0.00,0.00,0.00,54,-660,2684,12,672,0,0,0,0
Xhaka,MID,Sunderland,Man City,0,5,544,45,15,2,False,2026-09-20T13:00:00Z,5,3,5,90,0,0,0,5,0,0,0,0,0,0,0,25,0.0,0.0,0.0,0.0,1,0.00,0.38,0.38,2.82,55,-45393,405611,13122,58515,3,2,3,8
Sadiki,MID,Sunderland,Man City,0,5,545,45,15,2,False,2026-09-20T13:00:00Z,5,3,5,67,0,0,0,4,0,0,0,0,0,0,0,9,0.0,0.0,0.0,0.0,1,0.04,0.01,0.05,1.02,49,-2498,24166,1171,3669,0,2,1,3
Adingra,MID,Sunderland,Man City,0,5,546,45,15,0,False,2026-09-20T13:00:00Z,5,3,5,0,0,0,0,0,0,0,0,0,0,0,0,0,0.0,0.0,0.0,0.0,0,0.00,0.00,0.00,0.00,49,-645,2712,0,645,0,0,0,0
Mundle,MID,Sunderland,Man City,0,5,547,45,15,0,False,2026-09-20T13:00:00Z,5,3,5,0,0,0,0,0,0,0,0,0,0,0,0,0,0.0,0.0,0.0,0.0,0,0.00,0.00,0.00,0.00,49,-120,586,15,135,0,0,0,0
Rigg,MID,Sunderland,Man City,0,5,548,45,15,0,False,2026-09-20T13:00:00Z,5,3,5,0,0,0,0,0,0,0,0,0,0,0,0,0,0.0,0.0,0.0,0.0,0,0.00,0.00,0.00,0.00,49,-439,4992,65,504,0,0,0,0
Talbi,MID,Sunderland,Man City,0,5,549,45,15,0,False,2026-09-20T13:00:00Z,5,3,5,0,0,0,0,0,0,0,0,0,0,0,0,0,0.0,0.0,0.0,0.0,0,0.00,0.00,0.00,0.00,53,-1389,14043,308,1697,0,0,0,0
Jocelin.T,MID,Sunderland,Man City,0,5,550,45,15,0,False,2026-09-20T13:00:00Z,5,3,5,0,0,0,0,0,0,0,0,0,0,0,0,0,0.0,0.0,0.0,0.0,0,0.00,0.00,0.00,0.00,50,-24,627,64,88,0,0,0,0
N.Angulo,MID,Sunderland,Man City,0,5,551,45,15,4,False,2026-09-20T13:00:00Z,5,3,5,59,0,1,0,4,0,0,0,0,0,0,0,13,0.0,0.0,0.0,0.0,1,0.45,0.01,0.46,0.75,50,-1429,12830,718,2147,0,1,3,4
Brobbey,FWD,Sunderland,Man City,0,5,552,45,15,17,False,2026-09-20T13:00:00Z,5,3,5,90,3,0,0,5,0,0,0,0,0,0,3,92,0.0,0.0,0.0,0.0,1,2.35,0.04,2.39,2.82,58,-145137,577036,12010,157147,0,0,0,0
Isidor,FWD,Sunderland,Man City,0,5,553,45,15,1,False,2026-09-20T13:00:00Z,5,3,5,22,0,0,0,1,0,0,0,0,0,0,0,3,0.0,0.0,0.0,0.0,0,0.00,0.00,0.00,1.79,55,-18986,143906,6445,25431,1,1,0,2
Van Oevelen,GK,Ipswich Town,Everton,0,5,554,43,9,0,False,2026-09-19T14:00:00Z,1,0,5,0,0,0,0,0,0,0,0,0,0,0,0,0,0.0,0.0,0.0,0.0,0,0.00,0.00,0.00,0.00,45,-237,1878,0,237,0,0,0,0
Matthews,GK,Crystal Palace,Leeds,0,5,555,44,13,0,False,2026-09-20T13:00:00Z,0,0,5,0,0,0,0,0,0,0,0,0,0,0,0,0,0.0,0.0,0.0,0.0,0,0.00,0.00,0.00,0.00,40,-2332,185661,3461,5793,0,0,0,0
Targett,DEF,Hull City,Newcastle,0,5,556,46,17,0,False,2026-09-19T14:00:00Z,2,1,5,0,0,0,0,0,0,0,0,0,0,0,0,0,0.0,0.0,0.0,0.0,0,0.00,0.00,0.00,0.00,40,-15803,187250,3674,19477,0,0,0,0
Tzolis,MID,Arsenal,Brighton,0,5,557,42,5,2,False,2026-09-19T14:00:00Z,3,0,5,72,0,0,0,3,0,0,0,0,0,0,0,9,0.0,0.0,0.0,0.0,1,0.00,0.07,0.07,0.77,64,-263333,1417272,39605,302938,1,1,1,3
Schlager,MID,Nott'm Forest,Coventry City,0,5,558,47,7,2,True,2026-09-19T16:30:00Z,0,1,5,90,0,0,0,1,0,0,0,0,0,0,0,16,0.0,0.0,0.0,0.0,1,0.05,0.10,0.15,0.67,50,1774,12605,3063,1289,2,3,2,7
Bamba,MID,Newcastle,Hull City,0,5,559,46,11,1,True,2026-09-19T14:00:00Z,2,1,5,3,0,0,0,0,0,0,0,0,0,0,0,3,0.0,0.0,0.0,0.0,0,0.00,0.00,0.00,0.14,49,-781,10531,377,1158,1,1,2,4
Penders,GK,Chelsea,Brentford,0,5,560,41,4,0,False,2026-09-18T19:00:00Z,3,0,5,0,0,0,0,0,0,0,0,0,0,0,0,0,0.0,0.0,0.0,0.0,0,0.00,0.00,0.00,0.00,44,76,7232,696,620,0,0,0,0
Anselmino,DEF,Chelsea,Brentford,0,5,561,41,4,0,False,2026-09-18T19:00:00Z,3,0,5,0,0,0,0,0,0,0,0,0,0,0,0,0,0.0,0.0,0.0,0.0,0,0.00,0.00,0.00,0.00,45,-28,2152,188,216,0,0,0,0
Maeda,MID,Ipswich Town,Everton,0,5,562,43,9,1,False,2026-09-19T14:00:00Z,1,0,5,16,0,0,0,0,0,0,0,0,0,0,0,5,0.0,0.0,0.0,0.0,0,0.00,0.01,0.01,0.48,54,-4147,25203,224,4371,1,0,0,1
Morita,MID,Hull City,Newcastle,0,5,563,46,17,0,False,2026-09-19T14:00:00Z,2,1,5,0,0,0,0,0,0,0,0,0,0,0,0,0,0.0,0.0,0.0,0.0,0,0.00,0.00,0.00,0.00,50,-418,1759,23,441,0,0,0,0
Scherpen,GK,Ipswich Town,Everton,0,5,564,43,9,0,False,2026-09-19T14:00:00Z,1,0,5,0,0,0,0,0,0,0,0,0,0,0,0,0,0.0,0.0,0.0,0.0,0,0.00,0.00,0.00,0.00,45,-1335,63895,2903,4238,0,0,0,0
M.Sangaré,MID,Brentford,Chelsea,0,5,565,41,6,0,True,2026-09-18T19:00:00Z,3,0,5,21,0,0,0,0,0,0,0,1,0,0,0,0,0.0,0.0,0.0,0.0,0,0.00,0.00,0.00,0.28,57,-184737,1186508,29169,213906,1,1,1,3
Silva,DEF,Bournemouth,Liverpool,0,5,566,49,14,3,True,2026-09-20T13:00:00Z,0,1,5,90,0,0,0,1,0,0,0,1,0,0,0,8,0.0,0.0,0.0,0.0,1,0.00,0.02,0.02,1.65,50,-3903,40509,2672,6575,2,2,13,15
Horníček,GK,Newcastle,Hull City,0,5,567,46,11,3,True,2026-09-19T14:00:00Z,2,1,5,90,0,0,0,1,0,0,0,0,0,3,0,14,0.0,0.0,0.0,0.0,1,0.00,0.00,0.00,1.59,50,8198,163512,22769,14571,0,12,3,0
Barco,MID,Chelsea,Brentford,0,5,568,41,4,2,False,2026-09-18T19:00:00Z,3,0,5,86,0,0,0,2,0,0,0,0,0,0,0,21,0.0,0.0,0.0,0.0,1,0.03,0.02,0.05,2.22,54,-902,13260,477,1379,3,4,2,9
Gonzalo,FWD,Fulham,Man Utd,0,5,569,50,16,2,True,2026-09-20T15:30:00Z,1,1,5,79,0,0,1,0,0,0,0,0,0,0,0,3,0.0,0.0,0.0,0.0,1,0.69,0.33,1.02,1.25,60,-31297,386933,42871,74168,0,1,1,2
Palacios,MID,Fulham,Man Utd,0,5,570,50,16,1,True,2026-09-20T15:30:00Z,1,1,5,19,0,0,0,1,0,0,0,0,0,0,0,5,0.0,0.0,0.0,0.0,0,0.00,0.00,0.00,0.49,54,-456,18361,1918,2374,1,2,1,4
Florentino,MID,Ipswich Town,Everton,0,5,571,43,9,1,False,2026-09-19T14:00:00Z,1,0,5,17,0,0,0,0,0,0,0,0,0,0,0,1,0.0,0.0,0.0,0.0,0,0.00,0.00,0.00,0.48,49,-759,8567,181,940,0,0,0,0
Tzolakis,GK,Hull City,Newcastle,0,5,572,46,17,6,False,2026-09-19T14:00:00Z,2,1,5,90,0,0,0,2,0,1,0,1,0,3,0,16,0.0,0.0,0.0,0.0,1,0.00,0.00,0.00,1.44,46,108104,1243266,162718,54614,1,11,0,0
Sanchez,DEF,Bournemouth,Liverpool,0,5,573,49,14,0,True,2026-09-20T13:00:00Z,0,1,5,0,0,0,0,0,0,0,0,0,0,0,0,0,0.0,0.0,0.0,0.0,0,0.00,0.00,0.00,0.00,44,-982,18099,314,1296,0,0,0,0
Hjertø-Dahl,MID,Hull City,Newcastle,0,5,574,46,17,0,False,2026-09-19T14:00:00Z,2,1,5,0,0,0,0,0,0,0,0,0,0,0,0,0,0.0,0.0,0.0,0.0,0,0.00,0.00,0.00,0.00,49,-537,6046,289,826,0,0,0,0
Yirenkyi,MID,Coventry City,Nott'm Forest,0,5,575,47,18,3,False,2026-09-19T16:30:00Z,0,1,5,90,0,0,1,0,0,0,0,0,0,0,0,10,0.0,0.0,0.0,0.0,1,0.00,0.01,0.01,1.08,49,-2510,15964,236,2746,1,2,2,5
Stroud,MID,Hull City,Newcastle,0,5,576,46,17,0,False,2026-09-19T14:00:00Z,2,1,5,0,0,0,0,0,0,0,0,0,0,0,0,0,0.0,0.0,0.0,0.0,0,0.00,0.00,0.00,0.00,50,-208,8823,701,909,0,0,0,0
Tomiyasu,DEF,Crystal Palace,Leeds,0,5,577,44,13,1,False,2026-09-20T13:00:00Z,0,0,5,45,0,0,0,0,0,0,0,0,0,0,0,4,0.0,0.0,0.0,0.0,1,0.00,0.01,0.01,0.54,44,-2327,29233,497,2824,0,0,3,3
Mudryk,MID,Spurs,Aston Villa,0,5,578,48,2,0,True,2026-09-19T11:30:00Z,2,3,5,0,0,0,0,0,0,0,0,0,0,0,0,0,0.0,0.0,0.0,0.0,0,0.00,0.00,0.00,0.00,54,-2108,4612,32,2140,0,0,0,0
Araujo,DEF,Liverpool,Bournemouth,0,5,579,49,3,7,False,2026-09-20T13:00:00Z,0,1,5,90,0,0,1,0,0,0,0,0,0,0,1,28,0.0,0.0,0.0,0.0,1,0.00,0.01,0.01,0.79,54,19285,315443,36773,17488,2,6,3,5
Charles,MID,Fulham,Man Utd,0,5,580,50,16,4,True,2026-09-20T15:30:00Z,1,1,5,90,0,0,0,1,0,0,0,0,0,0,0,16,0.0,0.0,0.0,0.0,1,0.00,0.02,0.02,1.60,50,49,7677,742,693,2,0,11,13
Diomande,DEF,Nott'm Forest,Coventry City,0,5,581,47,7,2,True,2026-09-19T16:30:00Z,0,1,5,72,0,0,0,1,0,0,0,0,0,0,0,4,0.0,0.0,0.0,0.0,1,0.05,0.01,0.06,0.63,54,619,59651,4010,3391,0,7,5,5
Madjo,FWD,Aston Villa,Spurs,0,5,582,48,19,0,False,2026-09-19T11:30:00Z,2,3,5,0,0,0,0,0,0,0,0,0,0,0,0,0,0.0,0.0,0.0,0.0,0,0.00,0.00,0.00,0.00,54,-4377,22744,268,4645,0,0,0,0
Chavarria,DEF,Chelsea,Brentford,0,5,583,41,4,1,False,2026-09-18T19:00:00Z,3,0,5,90,0,0,0,3,0,0,0,0,0,0,0,7,0.0,0.0,0.0,0.0,1,0.04,0.04,0.08,2.65,49,-1145,16124,529,1674,3,3,6,9
Hamer,MID,Coventry City,Nott'm Forest,0,5,584,47,18,0,False,2026-09-19T16:30:00Z,0,1,5,0,0,0,0,0,0,0,0,0,0,0,0,0,0.0,0.0,0.0,0.0,0,0.00,0.00,0.00,0.00,54,-947,10051,64,1011,0,0,0,0
Herrington,DEF,Hull City,Newcastle,0,5,585,46,17,1,False,2026-09-19T14:00:00Z,2,1,5,90,0,0,0,2,0,0,0,0,0,0,0,11,0.0,0.0,0.0,0.0,1,0.02,0.03,0.05,1.44,40,-136,63742,3458,3594,1,5,7,8
Mendy,DEF,Hull City,Newcastle,0,5,586,46,17,0,False,2026-09-19T14:00:00Z,2,1,5,0,0,0,0,0,0,0,0,0,0,0,0,0,0.0,0.0,0.0,0.0,0,0.00,0.00,0.00,0.00,41,-152875,693276,13422,166297,0,0,0,0
Rulli,GK,Man City,Sunderland,0,5,587,45,20,0,True,2026-09-20T13:00:00Z,5,3,5,0,0,0,0,0,0,0,0,0,0,0,0,0,0.0,0.0,0.0,0.0,0,0.00,0.00,0.00,0.00,50,-29,2254,162,191,0,0,0,0
Khalaili,DEF,Crystal Palace,Leeds,0,5,588,44,13,6,False,2026-09-20T13:00:00Z,0,0,5,90,0,0,1,0,0,0,0,0,0,0,0,23,0.0,0.0,0.0,0.0,1,0.00,0.02,0.02,1.31,50,-717,31883,5814,6531,2,11,4,6
Gourna-Douath,MID,Hull City,Newcastle,0,5,589,46,17,1,False,2026-09-19T14:00:00Z,2,1,5,12,0,0,0,0,0,0,0,0,0,0,0,5,0.0,0.0,0.0,0.0,0,0.03,0.01,0.04,0.13,50,-143,2600,149,292,1,0,0,1
Benda,GK,Nott'm Forest,Coventry City,0,5,590,47,7,0,True,2026-09-19T16:30:00Z,0,1,5,0,0,0,0,0,0,0,0,0,0,0,0,0,0.0,0.0,0.0,0.0,0,0.00,0.00,0.00,0.00,45,-141,7565,422,563,0,0,0,0
Enciso,MID,Ipswich Town,Everton,0,5,591,43,9,2,False,2026-09-19T14:00:00Z,1,0,5,73,0,0,0,1,0,0,0,0,0,0,0,11,0.0,0.0,0.0,0.0,1,0.34,0.05,0.39,1.76,55,-6004,89625,9464,15468,0,5,0,5
Ouattara,DEF,Ipswich Town,Everton,0,5,592,43,9,2,False,2026-09-19T14:00:00Z,1,0,5,90,0,0,0,1,0,0,0,0,0,0,0,17,0.0,0.0,0.0,0.0,1,0.02,0.01,0.03,2.24,40,-2909,94948,2569,5478,3,10,5,8
Dedić,DEF,Newcastle,Hull City,0,5,593,46,11,0,True,2026-09-19T14:00:00Z,2,1,5,0,0,0,0,0,0,0,0,0,0,0,0,0,0.0,0.0,0.0,0.0,0,0.00,0.00,0.00,0.00,45,-92524,219257,11096,103620,0,0,0,0
David,FWD,Brighton,Arsenal,0,5,594,42,1,0,True,2026-09-19T14:00:00Z,3,0,5,0,0,0,0,0,0,0,0,0,0,0,0,0,0.0,0.0,0.0,0.0,0,0.00,0.00,0.00,0.00,60,-3096,21728,2100,5196,0,0,0,0
Gozo,MID,Crystal Palace,Leeds,0,5,595,44,13,0,False,2026-09-20T13:00:00Z,0,0,5,0,0,0,0,0,0,0,0,0,0,0,0,0,0.0,0.0,0.0,0.0,0,0.00,0.00,0.00,0.00,50,-117,1330,81,198,0,0,0,0
Ruggeri,DEF,Aston Villa,Spurs,0,5,596,48,19,3,False,2026-09-19T11:30:00Z,2,3,5,90,0,0,0,2,0,0,0,0,0,0,0,11,0.0,0.0,0.0,0.0,1,0.03,0.01,0.04,1.56,45,-395,9272,779,1174,0,9,13,13
Suzuki,GK,Aston Villa,Spurs,0,5,597,48,19,2,False,2026-09-19T11:30:00Z,2,3,5,90,0,0,0,2,0,0,0,0,0,5,0,17,0.0,0.0,0.0,0.0,1,0.00,0.00,0.00,1.56,50,-2224,196011,16586,18810,0,12,3,0
Elvedi,DEF,Leeds,Crystal Palace,0,5,598,44,8,6,True,2026-09-20T13:00:00Z,0,0,5,90,0,0,1,0,0,0,0,0,0,0,0,27,0.0,0.0,0.0,0.0,1,0.07,0.01,0.08,1.06,45,782,6514,1258,476,0,1,4,4
Cherif,FWD,Coventry City,Nott'm Forest,0,5,599,47,18,0,False,2026-09-19T16:30:00Z,0,1,5,0,0,0,0,0,0,0,0,0,0,0,0,0,0.0,0.0,0.0,0.0,0,0.00,0.00,0.00,0.00,50,173,10975,1653,1480,0,0,0,0
Osman,MID,Brighton,Arsenal,0,5,600,42,1,0,True,2026-09-19T14:00:00Z,3,0,5,0,0,0,0,0,0,0,0,0,0,0,0,0,0.0,0.0,0.0,0.0,0,0.00,0.00,0.00,0.00,50,-93,1757,148,241,0,0,0,0
Williams-Barnett,MID,Spurs,Aston Villa,0,5,601,48,2,0,True,2026-09-19T11:30:00Z,2,3,5,0,0,0,0,0,0,0,0,0,0,0,0,0,0.0,0.0,0.0,0.0,0,0.00,0.00,0.00,0.00,45,-957,13898,655,1612,0,0,0,0
Humphreys,MID,Ipswich Town,Everton,0,5,602,43,9,0,False,2026-09-19T14:00:00Z,1,0,5,0,0,0,0,0,0,0,0,0,0,0,0,0,0.0,0.0,0.0,0.0,0,0.00,0.00,0.00,0.00,45,-489,2526,0,489,0,0,0,0
Lienou,DEF,Leeds,Crystal Palace,0,5,603,44,8,0,True,2026-09-20T13:00:00Z,0,0,5,0,0,0,0,0,0,0,0,0,0,0,0,0,0.0,0.0,0.0,0.0,0,0.00,0.00,0.00,0.00,40,249,11401,1223,974,0,0,0,0
Cresswell,MID,Leeds,Crystal Palace,0,5,604,44,8,0,True,2026-09-20T13:00:00Z,0,0,5,0,0,0,0,0,0,0,0,0,0,0,0,0,0.0,0.0,0.0,0.0,0,0.00,0.00,0.00,0.00,45,-571,14890,1362,1933,0,0,0,0
Yalcouyé,MID,Brighton,Arsenal,0,5,605,42,1,1,True,2026-09-19T14:00:00Z,3,0,5,5,0,0,0,0,0,0,0,0,0,0,0,9,0.0,0.0,0.0,0.0,0,0.04,0.18,0.22,0.14,45,87628,450411,130693,43065,1,0,0,1
Rowe,DEF,Aston Villa,Spurs,0,5,606,48,19,0,False,2026-09-19T11:30:00Z,2,3,5,0,0,0,0,0,0,0,0,0,0,0,0,0,0.0,0.0,0.0,0.0,0,0.00,0.00,0.00,0.00,40,223,18299,1822,1599,0,0,0,0
Lynch,MID,Aston Villa,Spurs,0,5,607,48,19,0,False,2026-09-19T11:30:00Z,2,3,5,0,0,0,0,0,0,0,0,0,0,0,0,0,0.0,0.0,0.0,0.0,0,0.00,0.00,0.00,0.00,45,-1367,7636,0,1367,0,0,0,0
Jebbison,FWD,Bournemouth,Liverpool,0,5,608,49,14,1,True,2026-09-20T13:00:00Z,0,1,5,15,0,0,0,0,0,0,0,0,0,0,0,3,0.0,0.0,0.0,0.0,0,0.00,0.00,0.00,0.25,50,-62,11675,1986,2048,0,0,0,0
Shahar,DEF,Newcastle,Hull City,0,5,609,46,11,0,True,2026-09-19T14:00:00Z,2,1,5,0,0,0,0,0,0,0,0,0,0,0,0,0,0.0,0.0,0.0,0.0,0,0.00,0.00,0.00,0.00,40,-5521,20140,0,5521,0,0,0,0
De Fougerolles,DEF,Fulham,Man Utd,0,5,610,50,16,0,True,2026-09-20T15:30:00Z,1,1,5,0,0,0,0,0,0,0,0,0,0,0,0,0,0.0,0.0,0.0,0.0,0,0.00,0.00,0.00,0.00,40,-1168,7831,0,1168,0,0,0,0
Wan-Bissaka,DEF,Aston Villa,Spurs,0,5,611,48,19,1,False,2026-09-19T11:30:00Z,2,3,5,45,0,0,0,0,0,0,0,0,0,0,0,6,0.0,0.0,0.0,0.0,1,0.00,0.01,0.01,0.64,45,2283,23660,4595,2312,2,0,4,6
Methalie,DEF,Sunderland,Man City,0,5,612,45,15,-1,False,2026-09-20T13:00:00Z,5,3,5,90,0,0,0,5,0,0,0,1,0,0,0,-8,0.0,0.0,0.0,0.0,1,0.03,0.01,0.04,2.82,45,49,834,145,96,1,4,2,3
Ahoka,MID,Sunderland,Man City,0,5,613,45,15,0,False,2026-09-20T13:00:00Z,5,3,5,0,0,0,0,0,0,0,0,0,0,0,0,0,0.0,0.0,0.0,0.0,0,0.00,0.00,0.00,0.00,45,-1414,26173,2205,3619,0,0,0,0
Hadjam,DEF,Brighton,Arsenal,0,5,614,42,1,0,True,2026-09-19T14:00:00Z,3,0,5,0,0,0,0,0,0,0,0,0,0,0,0,0,0.0,0.0,0.0,0.0,0,0.00,0.00,0.00,0.00,45,-93,4264,513,606,0,0,0,0
Di Gregorio,GK,Bournemouth,Liverpool,0,5,615,49,14,0,True,2026-09-20T13:00:00Z,0,1,5,0,0,0,0,0,0,0,0,0,0,0,0,0,0.0,0.0,0.0,0.0,0,0.00,0.00,0.00,0.00,45,-198,3687,343,541,0,0,0,0
Bouaddi,MID,Man City,Sunderland,0,5,616,45,20,0,True,2026-09-20T13:00:00Z,5,3,5,0,0,0,0,0,0,0,0,0,0,0,0,0,0.0,0.0,0.0,0.0,0,0.00,0.00,0.00,0.00,55,-924,18994,2946,3870,0,0,0,0
Cho,MID,Hull City,Newcastle,0,5,617,46,17,6,False,2026-09-19T14:00:00Z,2,1,5,27,1,0,0,0,0,0,0,0,0,0,0,25,0.0,0.0,0.0,0.0,0,0.27,0.20,0.47,0.16,50,172,1422,401,229,0,0,0,0
Goretzka,MID,Aston Villa,Spurs,0,5,618,48,19,0,False,2026-09-19T11:30:00Z,2,3,5,0,0,0,0,0,0,0,0,0,0,0,0,0,0.0,0.0,0.0,0.0,0,0.00,0.00,0.00,0.00,59,-1317,2971,47,1364,0,0,0,0
Palacios,MID,Ipswich Town,Everton,0,5,619,43,9,2,False,2026-09-19T14:00:00Z,1,0,5,80,0,0,0,1,0,0,0,0,0,0,0,15,0.0,0.0,0.0,0.0,1,0.00,0.02,0.02,2.07,50,3407,7887,4756,1349,1,3,2,6
Diouf,DEF,Brentford,Chelsea,0,5,620,41,6,1,True,2026-09-18T19:00:00Z,3,0,5,9,0,0,0,0,0,0,0,0,0,0,0,3,0.0,0.0,0.0,0.0,0,0.00,0.00,0.00,0.13,45,-593,9701,1079,1672,0,0,1,1
McAidoo,MID,Man City,Sunderland,0,5,621,45,20,0,True,2026-09-20T13:00:00Z,5,3,5,0,0,0,0,0,0,0,0,0,0,0,0,0,0.0,0.0,0.0,0.0,0,0.00,0.00,0.00,0.00,45,-967,11797,905,1872,0,0,0,0
Braithwaite,DEF,Man City,Sunderland,0,5,622,45,20,0,True,2026-09-20T13:00:00Z,5,3,5,0,0,0,0,0,0,0,0,0,0,0,0,0,0.0,0.0,0.0,0.0,0,0.00,0.00,0.00,0.00,40,-322,18924,2303,2625,0,0,0,0
Bentley,GK,Coventry City,Nott'm Forest,0,5,623,47,18,0,False,2026-09-19T16:30:00Z,0,1,5,0,0,0,0,0,0,0,0,0,0,0,0,0,0.0,0.0,0.0,0.0,0,0.00,0.00,0.00,0.00,40,10344,66230,13315,2971,0,0,0,0
Cozier-Duberry,MID,Brighton,Arsenal,0,5,624,42,1,0,True,2026-09-19T14:00:00Z,3,0,5,0,0,0,0,0,0,0,0,0,0,0,0,0,0.0,0.0,0.0,0.0,0,0.00,0.00,0.00,0.00,50,-12,51,0,12,0,0,0,0
Cairns,GK,Leeds,Crystal Palace,0,5,625,44,8,0,True,2026-09-20T13:00:00Z,0,0,5,0,0,0,0,0,0,0,0,0,0,0,0,0,0.0,0.0,0.0,0.0,0,0.00,0.00,0.00,0.00,40,2006,23234,3467,1461,0,0,0,0
Zepa,MID,Fulham,Man Utd,0,5,626,50,16,0,True,2026-09-20T15:30:00Z,1,1,5,0,0,0,0,0,0,0,0,0,0,0,0,0,0.0,0.0,0.0,0.0,0,0.00,0.00,0.00,0.00,45,-3861,32375,996,4857,0,0,0,0
Barcola,MID,Liverpool,Bournemouth,0,5,627,49,3,3,False,2026-09-20T13:00:00Z,0,1,5,71,0,0,1,0,0,0,0,0,0,0,0,8,0.0,0.0,0.0,0.0,1,0.05,0.03,0.08,0.66,80,-20897,203917,24870,45767,0,3,0,3
Allan,MID,Man City,Sunderland,0,5,628,45,20,0,True,2026-09-20T13:00:00Z,5,3,5,0,0,0,0,0,0,0,0,0,0,0,0,0,0.0,0.0,0.0,0.0,0,0.00,0.00,0.00,0.00,60,112,959,354,242,0,0,0,0
Zetterer,GK,Leeds,Crystal Palace,0,5,629,44,8,0,True,2026-09-20T13:00:00Z,0,0,5,0,0,0,0,0,0,0,0,0,0,0,0,0,0.0,0.0,0.0,0.0,0,0.00,0.00,0.00,0.00,40,13986,86238,18956,4970,0,0,0,0
Harwood-Bellis,DEF,Aston Villa,Spurs,0,5,630,48,19,0,False,2026-09-19T11:30:00Z,2,3,5,0,0,0,0,0,0,0,0,0,0,0,0,0,0.0,0.0,0.0,0.0,0,0.00,0.00,0.00,0.00,45,28,1743,379,351,0,0,0,0
Mbaye,MID,Aston Villa,Spurs,0,5,631,48,19,1,False,2026-09-19T11:30:00Z,2,3,5,6,0,0,0,2,0,0,0,0,0,0,0,2,0.0,0.0,0.0,0.0,0,0.00,0.00,0.00,0.78,60,1194,7570,2665,1471,0,0,0,0
Ansah,FWD,Hull City,Newcastle,0,5,632,46,17,0,False,2026-09-19T14:00:00Z,2,1,5,0,0,0,0,0,0,0,0,0,0,0,0,0,0.0,0.0,0.0,0.0,0,0.00,0.00,0.00,0.00,50,-1167,3032,151,1318,0,0,0,0
Ahanor,DEF,Crystal Palace,Leeds,0,5,633,44,13,0,False,2026-09-20T13:00:00Z,0,0,5,0,0,0,0,0,0,0,0,0,0,0,0,0,0.0,0.0,0.0,0.0,0,0.00,0.00,0.00,0.00,45,470,1692,710,240,0,0,0,0
Fernandez-Pardo,FWD,Newcastle,Hull City,0,5,634,46,11,2,True,2026-09-19T14:00:00Z,2,1,5,73,0,0,0,1,0,0,0,0,0,0,0,7,0.0,0.0,0.0,0.0,1,0.05,0.00,0.05,0.99,60,1205,12360,3570,2365,1,1,0,2
Larsson,MID,Fulham,Man Utd,0,5,635,50,16,1,True,2026-09-20T15:30:00Z,1,1,5,13,0,0,0,1,0,0,0,0,0,0,0,3,0.0,0.0,0.0,0.0,0,0.00,0.00,0.00,0.42,50,66,760,191,125,0,2,2,4
Ángel,MID,Fulham,Man Utd,0,5,636,50,16,0,True,2026-09-20T15:30:00Z,1,1,5,0,0,0,0,0,0,0,0,0,0,0,0,0,0.0,0.0,0.0,0.0,0,0.00,0.00,0.00,0.00,50,10,361,84,74,0,0,0,0
Vaz,FWD,Hull City,Newcastle,0,5,637,46,17,1,False,2026-09-19T14:00:00Z,2,1,5,12,0,0,0,0,0,0,0,0,0,0,0,5,0.0,0.0,0.0,0.0,0,0.00,0.01,0.01,0.13,50,3868,10422,5586,1718,0,1,0,1
Norton-Cuffy,DEF,Hull City,Newcastle,0,5,638,46,17,0,False,2026-09-19T14:00:00Z,2,1,5,0,0,0,0,0,0,0,0,0,0,0,0,0,0.0,0.0,0.0,0.0,0,0.00,0.00,0.00,0.00,40,1437,29384,5014,3577,0,0,0,0
Andrés,MID,Brighton,Arsenal,0,5,639,42,1,8,True,2026-09-19T14:00:00Z,3,0,5,84,1,0,1,0,0,0,0,0,0,0,0,27,0.0,0.0,0.0,0.0,1,0.28,0.11,0.39,1.48,55,239,1188,470,231,0,7,2,9
Flemming,FWD,Ipswich Town,Everton,0,5,640,43,9,0,False,2026-09-19T14:00:00Z,1,0,5,9,0,0,0,0,0,0,0,1,0,0,0,-2,0.0,0.0,0.0,0.0,0,0.10,0.00,0.10,0.16,55,2777,7673,4077,1300,1,2,0,3
Bard,DEF,Leeds,Crystal Palace,0,5,641,44,8,0,True,2026-09-20T13:00:00Z,0,0,5,0,0,0,0,0,0,0,0,0,0,0,0,0,0.0,0.0,0.0,0.0,0,0.00,0.00,0.00,0.00,45,220,877,363,143,0,0,0,0
Thomas,MID,Hull City,Newcastle,0,5,642,46,17,2,False,2026-09-19T14:00:00Z,2,1,5,62,0,0,0,2,0,0,0,0,0,0,0,2,0.0,0.0,0.0,0.0,1,0.19,0.04,0.23,1.28,55,761,2637,1275,514,1,2,0,3
Chilwell,DEF,Crystal Palace,Leeds,0,5,643,44,13,0,False,2026-09-20T13:00:00Z,0,0,5,0,0,0,0,0,0,0,0,0,0,0,0,0,0.0,0.0,0.0,0.0,0,0.00,0.00,0.00,0.00,45,-6188,50011,3269,9457,0,0,0,0
Timber,MID,Crystal Palace,Leeds,0,5,644,44,13,3,False,2026-09-20T13:00:00Z,0,0,5,90,0,0,1,0,0,0,0,0,0,0,0,13,0.0,0.0,0.0,0.0,1,0.12,0.03,0.15,1.31,50,782,3505,1410,628,2,1,2,5
Mouzakitis,MID,Hull City,Newcastle,0,5,645,46,17,0,False,2026-09-19T14:00:00Z,2,1,5,0,0,0,0,0,0,0,0,0,0,0,0,0,0.0,0.0,0.0,0.0,0,0.00,0.00,0.00,0.00,50,100,784,212,112,0,0,0,0
Fofana,MID,Sunderland,Man City,0,5,646,45,15,1,False,2026-09-20T13:00:00Z,5,3,5,30,0,0,0,1,0,0,0,0,0,0,0,6,0.0,0.0,0.0,0.0,0,0.39,0.01,0.40,2.07,55,-160,3082,472,632,1,2,0,3
Osorio,MID,Crystal Palace,Leeds,0,5,647,44,13,0,False,2026-09-20T13:00:00Z,0,0,5,0,0,0,0,0,0,0,0,0,0,0,0,0,0.0,0.0,0.0,0.0,0,0.00,0.00,0.00,0.00,55,-91,833,80,171,0,0,0,0
Bahoya,MID,Leeds,Crystal Palace,0,5,648,44,8,1,True,2026-09-20T13:00:00Z,0,0,5,1,0,0,0,0,0,0,0,0,0,0,0,5,0.0,0.0,0.0,0.0,0,0.00,0.00,0.00,0.00,50,-47,1449,363,410,0,0,0,0
Maitland-Niles,DEF,Everton,Ipswich Town,0,5,649,43,12,8,True,2026-09-19T14:00:00Z,1,0,5,90,0,0,1,0,0,0,0,0,0,0,2,39,0.0,0.0,0.0,0.0,1,0.00,0.11,0.11,1.28,45,48006,111542,54068,6062,3,3,5,8
Affengruber,DEF,Fulham,Man Utd,0,5,650,50,16,4,True,2026-09-20T15:30:00Z,1,1,5,90,0,0,0,1,0,0,0,0,0,0,0,17,0.0,0.0,0.0,0.0,1,0.00,0.02,0.02,1.60,45,1907,2846,2400,493,2,4,9,11
J.Angulo,FWD,Sunderland,Man City,0,5,651,45,15,0,False,2026-09-20T13:00:00Z,5,3,5,0,0,0,0,0,0,0,0,0,0,0,0,0,0.0,0.0,0.0,0.0,0,0.00,0.00,0.00,0.00,45,21901,87358,33544,11643,0,0,0,0
Azeez,MID,Brighton,Arsenal,0,5,652,42,1,0,True,2026-09-19T14:00:00Z,3,0,5,0,0,0,0,0,0,0,0,0,0,0,0,0,0.0,0.0,0.0,0.0,0,0.00,0.00,0.00,0.00,55,-10,308,54,64,0,0,0,0
Samba,MID,Man City,Sunderland,0,5,653,45,20,0,True,2026-09-20T13:00:00Z,5,3,5,0,0,0,0,0,0,0,0,0,0,0,0,0,0.0,0.0,0.0,0.0,0,0.00,0.00,0.00,0.00,45,-124,3973,751,875,0,0,0,0
Graham,MID,Everton,Ipswich Town,0,5,654,43,12,0,True,2026-09-19T14:00:00Z,1,0,5,0,0,0,0,0,0,0,0,0,0,0,0,0,0.0,0.0,0.0,0.0,0,0.00,0.00,0.00,0.00,45,-659,11586,1585,2244,0,0,0,0
Gboho,MID,Coventry City,Nott'm Forest,0,5,655,47,18,0,False,2026-09-19T16:30:00Z,0,1,5,0,0,0,0,0,0,0,0,0,0,0,0,0,0.0,0.0,0.0,0.0,0,0.00,0.00,0.00,0.00,55,91,195,133,42,0,0,0,0
Mfuni,DEF,Coventry City,Nott'm Forest,0,5,656,47,18,6,False,2026-09-19T16:30:00Z,0,1,5,90,0,0,1,0,0,0,0,0,0,0,0,27,0.0,0.0,0.0,0.0,1,0.00,0.01,0.01,1.10,40,3967,10713,5501,1534,1,3,7,8
Nunes,MID,Brentford,Chelsea,0,5,657,41,6,0,True,2026-09-18T19:00:00Z,3,0,5,0,0,0,0,0,0,0,0,0,0,0,0,0,0.0,0.0,0.0,0.0,0,0.00,0.00,0.00,0.00,45,1349,2569,1742,393,0,0,0,0
Ibrahim,MID,Brighton,Arsenal,0,5,658,42,1,0,True,2026-09-19T14:00:00Z,3,0,5,0,0,0,0,0,0,0,0,0,0,0,0,0,0.0,0.0,0.0,0.0,0,0.00,0.00,0.00,0.00,45,895,1545,1163,268,0,0,0,0
Miley,MID,Newcastle,Hull City,0,5,659,46,11,0,True,2026-09-19T14:00:00Z,2,1,5,0,0,0,0,0,0,0,0,0,0,0,0,0,0.0,0.0,0.0,0.0,0,0.00,0.00,0.00,0.00,45,2836,4509,3438,602,0,0,0,0
Fredrick,DEF,Brentford,Chelsea,0,5,660,41,6,0,True,2026-09-18T19:00:00Z,3,0,5,0,0,0,0,0,0,0,0,0,0,0,0,0,0.0,0.0,0.0,0.0,0,0.00,0.00,0.00,0.00,40,0,0,0,0,0,0,0,0
Balcombe,GK,Brentford,Chelsea,0,5,661,41,6,0,True,2026-09-18T19:00:00Z,3,0,5,0,0,0,0,0,0,0,0,0,0,0,0,0,0.0,0.0,0.0,0.0,0,0.00,0.00,0.00,0.00,40,0,0,0,0,0,0,0,0
Nicoll-Jazuli,MID,Chelsea,Brentford,0,5,662,41,4,1,False,2026-09-18T19:00:00Z,3,0,5,3,0,0,0,1,0,0,0,0,0,0,0,5,0.0,0.0,0.0,0.0,0,0.00,0.00,0.00,0.43,45,0,0,0,0,2,0,0,2
Pivas,DEF,Newcastle,Hull City,0,5,663,46,11,0,True,2026-09-19T14:00:00Z,2,1,5,0,0,0,0,0,0,0,0,0,0,0,0,0,0.0,0.0,0.0,0.0,0,0.00,0.00,0.00,0.00,40,0,0,0,0,0,0,0,0
Salia,FWD,Newcastle,Hull City,0,5,664,46,11,0,True,2026-09-19T14:00:00Z,2,1,5,0,0,0,0,0,0,0,0,0,0,0,0,0,0.0,0.0,0.0,0.0,0,0.00,0.00,0.00,0.00,45,0,0,0,0,0,0,0,0
Mills,MID,Newcastle,Hull City,0,5,665,46,11,0,True,2026-09-19T14:00:00Z,2,1,5,0,0,0,0,0,0,0,0,0,0,0,0,0,0.0,0.0,0.0,0.0,0,0.00,0.00,0.00,0.00,45,0,0,0,0,0,0,0,0
Thompson,MID,Newcastle,Hull City,0,5,666,46,11,0,True,2026-09-19T14:00:00Z,2,1,5,0,0,0,0,0,0,0,0,0,0,0,0,0,0.0,0.0,0.0,0.0,0,0.00,0.00,0.00,0.00,45,0,0,0,0,0,0,0,0
Wright,GK,Aston Villa,Spurs,0,5,667,48,19,0,False,2026-09-19T11:30:00Z,2,3,5,0,0,0,0,0,0,0,0,0,0,0,0,0,0.0,0.0,0.0,0.0,0,0.00,0.00,0.00,0.00,40,0,0,0,0,0,0,0,0
